geoid,state_fips,county_name,winter_temp_sd,winter_temp_mean,n_winters,winter_temp_cv
01001,01,Autauga,,8.214091347897151,1,
01003,01,Baldwin,,10.402007186735842,1,
01005,01,Barbour,,9.364504252892408,1,
01007,01,Bibb,,7.536793879063135,1,
01009,01,Blount,,5.8927032835975925,1,
01011,01,Bullock,,8.921673027692504,1,
01013,01,Butler,,9.224312094494904,1,
01015,01,Calhoun,,6.454078172877262,1,
01017,01,Chambers,,7.303262551701665,1,
01019,01,Cherokee,,5.9942914681494095,1,
01021,01,Chilton,,7.693601330620338,1,
01023,01,Choctaw,,8.201888674007167,1,
01025,01,Clarke,,8.744842299391912,1,
01027,01,Clay,,6.826991946295116,1,
01029,01,Cleburne,,6.368428585986151,1,
01031,01,Coffee,,9.80725489593095,1,
01033,01,Colbert,,5.144325966674318,1,
01035,01,Conecuh,,9.758633903010073,1,
01037,01,Coosa,,7.582684043607718,1,
01039,01,Covington,,9.94042035715438,1,
01041,01,Crenshaw,,9.495138747881537,1,
01043,01,Cullman,,5.286291433767862,1,
01045,01,Dale,,10.029310533011774,1,
01047,01,Dallas,,8.079490075257741,1,
01049,01,DeKalb,,5.147076003985477,1,
01051,01,Elmore,,8.475881925548427,1,
01053,01,Escambia,,9.855016739462336,1,
01055,01,Etowah,,5.856808505724396,1,
01057,01,Fayette,,6.0857122293313495,1,
01059,01,Franklin,,4.998290622206497,1,
01061,01,Geneva,,9.97745534720324,1,
01063,01,Greene,,7.455332853625452,1,
01065,01,Hale,,7.68941895742475,1,
01067,01,Henry,,9.975300867210851,1,
01069,01,Houston,,10.521713930523998,1,
01071,01,Jackson,,4.927784211085518,1,
01073,01,Jefferson,,6.8823118058692625,1,
01075,01,Lamar,,6.264895986621655,1,
01077,01,Lauderdale,,4.895171303570793,1,
01079,01,Lawrence,,5.07255440886148,1,
01081,01,Lee,,8.11372613892124,1,
01083,01,Limestone,,4.866575771974806,1,
01085,01,Lowndes,,8.74636744661886,1,
01087,01,Macon,,8.658890743908332,1,
01089,01,Madison,,4.803688649362812,1,
01091,01,Marengo,,7.89831262078593,1,
01093,01,Marion,,5.360450800901404,1,
01095,01,Marshall,,5.772950773991541,1,
01097,01,Mobile,,10.285716881999377,1,
01099,01,Monroe,,9.139908882525235,1,
01101,01,Montgomery,,9.321395407549511,1,
01103,01,Morgan,,5.504947856293839,1,
01105,01,Perry,,7.676130776944694,1,
01107,01,Pickens,,6.9551470783447815,1,
01109,01,Pike,,9.454862284458025,1,
01111,01,Randolph,,6.885308899768908,1,
01113,01,Russell,,8.844270109219886,1,
01115,01,St. Clair,,6.254459025529215,1,
01117,01,Shelby,,7.2807090236604655,1,
01119,01,Sumter,,7.571776417865153,1,
01121,01,Talladega,,6.892818069851998,1,
01123,01,Tallapoosa,,7.651378416674312,1,
01125,01,Tuscaloosa,,7.230514172689467,1,
01127,01,Walker,,6.083512243397892,1,
01129,01,Washington,,9.191112200066101,1,
01131,01,Wilcox,,8.287421360236673,1,
01133,01,Winston,,5.1262891133695385,1,
04001,04,Apache,,0.09162116348153293,1,
04003,04,Cochise,,7.558661237977288,1,
04005,04,Coconino,,1.6377430028220055,1,
04007,04,Gila,,6.286364861865907,1,
04009,04,Graham,,6.8890819760912745,1,
04011,04,Greenlee,,5.057493997104934,1,
04012,04,La Paz,,11.432208727143628,1,
04013,04,Maricopa,,12.166526839291834,1,
04015,04,Mohave,,6.951975388308167,1,
04017,04,Navajo,,0.8455086068379597,1,
04019,04,Pima,,11.159276708633143,1,
04021,04,Pinal,,11.161377618146402,1,
04023,04,Santa Cruz,,8.139973291937633,1,
04025,04,Yavapai,,6.332597153634486,1,
04027,04,Yuma,,12.606795594779557,1,
05001,05,Arkansas,,5.34088970136088,1,
05003,05,Ashley,,6.5000726698986275,1,
05005,05,Baxter,,2.2499667609643272,1,
05007,05,Benton,,1.9669218756250548,1,
05009,05,Boone,,2.3230597959497565,1,
05011,05,Bradley,,6.068427362174424,1,
05013,05,Calhoun,,5.7565911177177895,1,
05015,05,Carroll,,2.2414648875964125,1,
05017,05,Chicot,,6.480935437188458,1,
05019,05,Clark,,4.777754605601848,1,
05021,05,Clay,,2.7098459074515664,1,
05023,05,Cleburne,,3.1221580718034114,1,
05025,05,Cleveland,,5.343140871135235,1,
05027,05,Columbia,,6.34544422269333,1,
05029,05,Conway,,3.5430178557125904,1,
05031,05,Craighead,,3.071330960648424,1,
05033,05,Crawford,,3.4011645675047153,1,
05035,05,Crittenden,,4.132592849540101,1,
05037,05,Cross,,3.7674515975094987,1,
05039,05,Dallas,,4.9268416417507535,1,
05041,05,Desha,,5.806577332150671,1,
05043,05,Drew,,6.0563579379126145,1,
05045,05,Faulkner,,3.6544234591380995,1,
05047,05,Franklin,,3.5138303721804576,1,
05049,05,Fulton,,1.9826612141944884,1,
05051,05,Garland,,4.1772969999265115,1,
05053,05,Grant,,4.651788331674985,1,
05055,05,Greene,,2.82143550285731,1,
05057,05,Hempstead,,5.4635638543546605,1,
05059,05,Hot Spring,,4.393834847936795,1,
05061,05,Howard,,4.731460423242196,1,
05063,05,Independence,,2.8928958427229117,1,
05065,05,Izard,,2.401610558317516,1,
05067,05,Jackson,,3.0530143252161857,1,
05069,05,Jefferson,,5.083942812281284,1,
05071,05,Johnson,,3.0825655077898477,1,
05073,05,Lafayette,,6.439481416197186,1,
05075,05,Lawrence,,2.5067805923081714,1,
05077,05,Lee,,4.614584432348671,1,
05079,05,Lincoln,,5.81397260544823,1,
05081,05,Little River,,5.922970229516725,1,
05083,05,Logan,,3.600097803535223,1,
05085,05,Lonoke,,4.3188304804055875,1,
05087,05,Madison,,2.4020679689970184,1,
05089,05,Marion,,2.344253102132979,1,
05091,05,Miller,,6.340361158038485,1,
05093,05,Mississippi,,3.694775895112441,1,
05095,05,Monroe,,4.725495130828401,1,
05097,05,Montgomery,,4.263502268735596,1,
05099,05,Nevada,,5.523226986318293,1,
05101,05,Newton,,2.0269301162359783,1,
05103,05,Ouachita,,5.67209934417678,1,
05105,05,Perry,,3.9496938943896005,1,
05107,05,Phillips,,5.031968541122209,1,
05109,05,Pike,,4.1358553914195975,1,
05111,05,Poinsett,,3.4324792240223347,1,
05113,05,Polk,,3.9577015870040775,1,
05115,05,Pope,,2.993253863235645,1,
05117,05,Prairie,,4.413244422134354,1,
05119,05,Pulaski,,4.1029722960077475,1,
05121,05,Randolph,,2.198220825069075,1,
05123,05,St. Francis,,4.234829968268707,1,
05125,05,Saline,,4.223265862819291,1,
05127,05,Scott,,3.9083444703823815,1,
05129,05,Searcy,,2.2069372447556423,1,
05131,05,Sebastian,,4.004500910743172,1,
05133,05,Sevier,,5.222894148616627,1,
05135,05,Sharp,,2.239901831693576,1,
05137,05,Stone,,2.4941520570553997,1,
05139,05,Union,,6.422464974625397,1,
05141,05,Van Buren,,2.493255242606859,1,
05143,05,Washington,,2.3258949441519245,1,
05145,05,White,,3.6026056121906915,1,
05147,05,Woodruff,,3.8679528113913526,1,
05149,05,Yell,,3.918739905402717,1,
06001,06,Alameda,,10.4678567357223,1,
06003,06,Alpine,,-0.9627958576310374,1,
06005,06,Amador,,7.467680043458141,1,
06007,06,Butte,,8.736187174898342,1,
06009,06,Calaveras,,8.056678038405124,1,
06011,06,Colusa,,9.47853150651142,1,
06013,06,Contra Costa,,10.175992432711364,1,
06015,06,Del Norte,,5.794612464551243,1,
06017,06,El Dorado,,5.220453227006567,1,
06019,06,Fresno,,6.28878915822262,1,
06021,06,Glenn,,8.91110144670776,1,
06023,06,Humboldt,,7.152607252787512,1,
06025,06,Imperial,,13.652170835354688,1,
06027,06,Inyo,,6.636531164266685,1,
06029,06,Kern,,8.422715852398003,1,
06031,06,Kings,,9.45381084010625,1,
06033,06,Lake,,7.926257201271375,1,
06035,06,Lassen,,0.09187795217196117,1,
06037,06,Los Angeles,,11.361004406216116,1,
06039,06,Madera,,6.738530822654972,1,
06041,06,Marin,,10.423250045484892,1,
06043,06,Mariposa,,6.915914467211056,1,
06045,06,Mendocino,,7.791421110439605,1,
06047,06,Merced,,9.592798811201929,1,
06049,06,Modoc,,-0.05866333972745038,1,
06051,06,Mono,,-0.6543365461196828,1,
06053,06,Monterey,,9.994044329911064,1,
06055,06,Napa,,10.078840528911762,1,
06057,06,Nevada,,4.789765717022112,1,
06059,06,Orange,,13.752725872200212,1,
06061,06,Placer,,5.1235811848036725,1,
06063,06,Plumas,,1.6019333663593447,1,
06065,06,Riverside,,11.947224536047159,1,
06067,06,Sacramento,,9.718416470161952,1,
06069,06,San Benito,,9.521975306476058,1,
06071,06,San Bernardino,,9.759717264248296,1,
06073,06,San Diego,,12.073047097116305,1,
06075,06,San Francisco,,11.773276243427697,1,
06077,06,San Joaquin,,9.760375158137657,1,
06079,06,San Luis Obispo,,10.126018044552081,1,
06081,06,San Mateo,,10.930578469510813,1,
06083,06,Santa Barbara,,12.042117761749884,1,
06085,06,Santa Clara,,10.183248600270709,1,
06087,06,Santa Cruz,,10.330565657249405,1,
06089,06,Shasta,,5.217700581591903,1,
06091,06,Sierra,,1.6268250604458028,1,
06093,06,Siskiyou,,1.9636791712460184,1,
06095,06,Solano,,10.105520166576781,1,
06097,06,Sonoma,,9.853872198598355,1,
06099,06,Stanislaus,,9.744419607118207,1,
06101,06,Sutter,,9.465671420047908,1,
06103,06,Tehama,,7.793049191617062,1,
06105,06,Trinity,,3.8753187486037457,1,
06107,06,Tulare,,5.340956187428051,1,
06109,06,Tuolumne,,3.485881189132914,1,
06111,06,Ventura,,11.02242859377752,1,
06113,06,Yolo,,9.98266535645008,1,
06115,06,Yuba,,8.932175615535689,1,
08001,08,Adams,,-1.6024747564399655,1,
08003,08,Alamosa,,-6.8166734422001,1,
08005,08,Arapahoe,,-1.2364609502825108,1,
08007,08,Archuleta,,-3.9127379253842354,1,
08009,08,Baca,,-0.23214223269375697,1,
08011,08,Bent,,-1.3236791989517325,1,
08013,08,Boulder,,-2.947768674489641,1,
08014,08,Broomfield,,-0.3829625940247316,1,
08015,08,Chaffee,,-6.636856785583281,1,
08017,08,Cheyenne,,-2.0024422301383114,1,
08019,08,Clear Creek,,-7.694446957890411,1,
08021,08,Conejos,,-6.108624341648734,1,
08023,08,Costilla,,-5.487328043382209,1,
08025,08,Crowley,,-2.038015274202205,1,
08027,08,Custer,,-4.796118693034935,1,
08029,08,Delta,,-3.1903284405352914,1,
08031,08,Denver,,-0.18220770108763087,1,
08033,08,Dolores,,-4.106422668066126,1,
08035,08,Douglas,,-1.5732813797519232,1,
08037,08,Eagle,,-6.589121367733002,1,
08039,08,Elbert,,-1.8899915531142442,1,
08041,08,El Paso,,-1.9487618066131793,1,
08043,08,Fremont,,-2.2989281609805023,1,
08045,08,Garfield,,-4.6550026881088105,1,
08047,08,Gilpin,,-5.406181362378629,1,
08049,08,Grand,,-8.211403994358148,1,
08051,08,Gunnison,,-7.526937884284134,1,
08053,08,Hinsdale,,-7.741700407794279,1,
08055,08,Huerfano,,-1.7869700789392704,1,
08057,08,Jackson,,-8.581599919957089,1,
08059,08,Jefferson,,-2.1692245750293395,1,
08061,08,Kiowa,,-1.8992472127802127,1,
08063,08,Kit Carson,,-2.0351095554921224,1,
08065,08,Lake,,-9.011555501461467,1,
08067,08,La Plata,,-3.6542920620132717,1,
08069,08,Larimer,,-4.471421461850259,1,
08071,08,Las Animas,,-0.6312485601767627,1,
08073,08,Lincoln,,-2.273285369069504,1,
08075,08,Logan,,-2.603903686582912,1,
08077,08,Mesa,,-3.039365971162765,1,
08079,08,Mineral,,-7.217529109684281,1,
08081,08,Moffat,,-5.2984283403644366,1,
08083,08,Montezuma,,-1.9398801394806662,1,
08085,08,Montrose,,-2.9691038718860074,1,
08087,08,Morgan,,-2.818666140167286,1,
08089,08,Otero,,-1.2265781273309957,1,
08091,08,Ouray,,-5.344994747165071,1,
08093,08,Park,,-7.812211947085278,1,
08095,08,Phillips,,-2.55601966158678,1,
08097,08,Pitkin,,-7.4795378872533425,1,
08099,08,Prowers,,-1.5937729894615627,1,
08101,08,Pueblo,,-0.45022427501678397,1,
08103,08,Rio Blanco,,-4.928261287736036,1,
08105,08,Rio Grande,,-6.718694840914164,1,
08107,08,Routt,,-6.78207883557156,1,
08109,08,Saguache,,-7.047856072069977,1,
08111,08,San Juan,,-8.015029767398454,1,
08113,08,San Miguel,,-4.090385196079119,1,
08115,08,Sedgwick,,-2.869270475207351,1,
08117,08,Summit,,-8.640166719510784,1,
08119,08,Teller,,-5.488066651196197,1,
08121,08,Washington,,-2.5337364300804004,1,
08123,08,Weld,,-2.7343448751481536,1,
08125,08,Yuma,,-2.124251490284887,1,
09001,09,Fairfield,,0.058186976488327526,1,
09003,09,Hartford,,-0.9062046360855106,1,
09005,09,Litchfield,,-2.376783170079495,1,
09007,09,Middlesex,,0.04022867796083622,1,
09009,09,New Haven,,0.11560945349897504,1,
09011,09,New London,,0.10358971733296496,1,
09013,09,Tolland,,-1.2707011998839697,1,
09015,09,Windham,,-1.1617857198182775,1,
10001,10,Kent,,2.687477111621031,1,
10003,10,New Castle,,1.896842462850167,1,
10005,10,Sussex,,3.240502802911521,1,
11001,11,District of Columbia,,3.1340996496224536,1,
12001,12,Alachua,,13.529129520629843,1,
12003,12,Baker,,12.753997721040564,1,
12005,12,Bay,,11.99274291980357,1,
12007,12,Bradford,,13.226450427389425,1,
12009,12,Brevard,,16.864181144951015,1,
12011,12,Broward,,20.175029694586136,1,
12013,12,Calhoun,,11.534128407320072,1,
12015,12,Charlotte,,17.8202662725324,1,
12017,12,Citrus,,14.329728730228455,1,
12019,12,Clay,,13.530187126084845,1,
12021,12,Collier,,19.338863444399763,1,
12023,12,Columbia,,12.520173466341248,1,
12027,12,DeSoto,,17.212958727534666,1,
12029,12,Dixie,,12.99105529782552,1,
12031,12,Duval,,13.544833430427502,1,
12033,12,Escambia,,10.813055020635442,1,
12035,12,Flagler,,14.594368254312139,1,
12037,12,Franklin,,12.188020392724344,1,
12039,12,Gadsden,,11.274594737048467,1,
12041,12,Gilchrist,,13.048654928890882,1,
12043,12,Glades,,17.924305478568897,1,
12045,12,Gulf,,12.095513450200315,1,
12047,12,Hamilton,,11.967098460638919,1,
12049,12,Hardee,,16.917432879557857,1,
12051,12,Hendry,,18.479062725884898,1,
12053,12,Hernando,,15.08562782106073,1,
12055,12,Highlands,,17.458736117909304,1,
12057,12,Hillsborough,,16.581147014378814,1,
12059,12,Holmes,,10.307742266657772,1,
12061,12,Indian River,,17.399124622823475,1,
12063,12,Jackson,,11.047358996678001,1,
12065,12,Jefferson,,11.53694096457549,1,
12067,12,Lafayette,,12.468011158324204,1,
12069,12,Lake,,15.525571306528699,1,
12071,12,Lee,,18.710046502528357,1,
12073,12,Leon,,11.446453993869246,1,
12075,12,Levy,,13.764194364280852,1,
12077,12,Liberty,,11.568523985678265,1,
12079,12,Madison,,11.80033844712094,1,
12081,12,Manatee,,16.941007365654187,1,
12083,12,Marion,,14.445693335953298,1,
12085,12,Martin,,18.629249861070104,1,
12086,12,Miami-Dade,,20.732389575971563,1,
12087,12,Monroe,,21.13874617001862,1,
12089,12,Nassau,,12.61877151439204,1,
12091,12,Okaloosa,,10.680892201147048,1,
12093,12,Okeechobee,,17.57826901768111,1,
12095,12,Orange,,16.523973858054646,1,
12097,12,Osceola,,16.922797340499937,1,
12099,12,Palm Beach,,19.1580046749379,1,
12101,12,Pasco,,15.682034186281971,1,
12103,12,Pinellas,,16.79289512537913,1,
12105,12,Polk,,16.81253852966964,1,
12107,12,Putnam,,14.201062809662353,1,
12109,12,St. Johns,,14.22993715887994,1,
12111,12,St. Lucie,,18.003198047574298,1,
12113,12,Santa Rosa,,10.664742965538242,1,
12115,12,Sarasota,,17.292417735574904,1,
12117,12,Seminole,,16.37304525554381,1,
12119,12,Sumter,,14.983471342401684,1,
12121,12,Suwannee,,12.319724038318771,1,
12123,12,Taylor,,12.22707666914196,1,
12125,12,Union,,13.057614436398818,1,
12127,12,Volusia,,15.53990878683435,1,
12129,12,Wakulla,,11.62595773069769,1,
12131,12,Walton,,10.813902394155004,1,
12133,12,Washington,,10.988606966728286,1,
13001,13,Appling,,10.159320469492686,1,
13003,13,Atkinson,,10.461863969782753,1,
13005,13,Bacon,,10.297781435561767,1,
13007,13,Baker,,9.989542103848406,1,
13009,13,Baldwin,,8.398848381354481,1,
13011,13,Banks,,6.210859720813316,1,
13013,13,Barrow,,6.588796710415027,1,
13015,13,Bartow,,6.241147461372649,1,
13017,13,Ben Hill,,9.875066397664893,1,
13019,13,Berrien,,10.353585394791509,1,
13021,13,Bibb,,8.560097251059963,1,
13023,13,Bleckley,,8.752929268446566,1,
13025,13,Brantley,,11.075747490210732,1,
13027,13,Brooks,,11.017798027602941,1,
13029,13,Bryan,,10.584359192677802,1,
13031,13,Bulloch,,9.66986132115601,1,
13033,13,Burke,,8.514181344042054,1,
13035,13,Butts,,7.295531852712496,1,
13037,13,Calhoun,,9.804828344970323,1,
13039,13,Camden,,11.634784947167683,1,
13043,13,Candler,,9.606941307843494,1,
13045,13,Carroll,,6.426580772858626,1,
13047,13,Catoosa,,5.779029699208655,1,
13049,13,Charlton,,11.97315551249391,1,
13051,13,Chatham,,10.802879772187008,1,
13053,13,Chattahoochee,,9.051346613401089,1,
13055,13,Chattooga,,5.5850679254669116,1,
13057,13,Cherokee,,6.024888165985341,1,
13059,13,Clarke,,6.875147380039339,1,
13061,13,Clay,,9.654884456503027,1,
13063,13,Clayton,,7.093738389412759,1,
13065,13,Clinch,,11.229740837773228,1,
13067,13,Cobb,,6.492951114143077,1,
13069,13,Coffee,,10.182326250248414,1,
13071,13,Colquitt,,10.431223947708801,1,
13073,13,Columbia,,7.8522811705434705,1,
13075,13,Cook,,10.697294694712392,1,
13077,13,Coweta,,7.176725778525843,1,
13079,13,Crawford,,8.440713351103339,1,
13081,13,Crisp,,9.320952110854249,1,
13083,13,Dade,,4.739229650236495,1,
13085,13,Dawson,,5.77741873862796,1,
13087,13,Decatur,,10.977744512181033,1,
13089,13,DeKalb,,6.865545316012022,1,
13091,13,Dodge,,9.209687479826032,1,
13093,13,Dooly,,9.044676490569877,1,
13095,13,Dougherty,,9.922989717317627,1,
13097,13,Douglas,,6.723684579347571,1,
13099,13,Early,,10.19540105291077,1,
13101,13,Echols,,11.600070091238244,1,
13103,13,Effingham,,10.137414399970323,1,
13105,13,Elbert,,6.251422396660455,1,
13107,13,Emanuel,,9.239191106613092,1,
13109,13,Evans,,10.225525669713276,1,
13111,13,Fannin,,4.32031895794994,1,
13113,13,Fayette,,7.074320569786913,1,
13115,13,Floyd,,6.031876464391746,1,
13117,13,Forsyth,,6.170890958428673,1,
13119,13,Franklin,,6.406908517585437,1,
13121,13,Fulton,,6.751154226414841,1,
13123,13,Gilmer,,4.842955811901827,1,
13125,13,Glascock,,7.990670322864503,1,
13127,13,Glynn,,11.430598951703354,1,
13129,13,Gordon,,5.846374639212753,1,
13131,13,Grady,,10.919427790152133,1,
13133,13,Greene,,7.4637338463014515,1,
13135,13,Gwinnett,,6.511723086507436,1,
13137,13,Habersham,,5.4725505492592665,1,
13139,13,Hall,,6.156575000560144,1,
13141,13,Hancock,,7.827820308114972,1,
13143,13,Haralson,,6.2918681772745195,1,
13145,13,Harris,,8.003349216603517,1,
13147,13,Hart,,6.29513231168008,1,
13149,13,Heard,,6.981485613013828,1,
13151,13,Henry,,7.004072037263146,1,
13153,13,Houston,,8.800280856275966,1,
13155,13,Irwin,,10.023786103793464,1,
13157,13,Jackson,,6.549330466273326,1,
13159,13,Jasper,,7.2030455179262685,1,
13161,13,Jeff Davis,,10.048640478337939,1,
13163,13,Jefferson,,8.340282956010569,1,
13165,13,Jenkins,,8.87092168135959,1,
13167,13,Johnson,,8.686569316254968,1,
13169,13,Jones,,8.189738795873042,1,
13171,13,Lamar,,7.650807439763316,1,
13173,13,Lanier,,10.82534883684897,1,
13175,13,Laurens,,8.986263632846265,1,
13177,13,Lee,,9.6390673123733,1,
13179,13,Liberty,,10.756008277586847,1,
13181,13,Lincoln,,7.185365418633239,1,
13183,13,Long,,10.720634812177346,1,
13185,13,Lowndes,,11.271725199680587,1,
13187,13,Lumpkin,,5.669087725529254,1,
13189,13,McDuffie,,7.697992219342999,1,
13191,13,McIntosh,,11.165233521006783,1,
13193,13,Macon,,8.94295402707959,1,
13195,13,Madison,,6.408455758211041,1,
13197,13,Marion,,8.992071661206353,1,
13199,13,Meriwether,,7.468323830215346,1,
13201,13,Miller,,10.434321082217972,1,
13205,13,Mitchell,,10.365096668488311,1,
13207,13,Monroe,,8.013014270563545,1,
13209,13,Montgomery,,9.742480962788406,1,
13211,13,Morgan,,6.7286143514597665,1,
13213,13,Murray,,5.4461861042692075,1,
13215,13,Muscogee,,8.84086287285904,1,
13217,13,Newton,,6.909348573719007,1,
13219,13,Oconee,,6.661212244733235,1,
13221,13,Oglethorpe,,6.766631384126963,1,
13223,13,Paulding,,6.37763209426152,1,
13225,13,Peach,,8.6085885635461,1,
13227,13,Pickens,,5.418815720677128,1,
13229,13,Pierce,,10.757009085948615,1,
13231,13,Pike,,7.458572259991787,1,
13233,13,Polk,,6.317582275767033,1,
13235,13,Pulaski,,8.974659764409639,1,
13237,13,Putnam,,7.5051571197931946,1,
13239,13,Quitman,,9.352955452272656,1,
13241,13,Rabun,,4.586246183583763,1,
13243,13,Randolph,,9.402138720382025,1,
13245,13,Richmond,,8.430484934350622,1,
13247,13,Rockdale,,6.895592661011625,1,
13249,13,Schley,,9.088557400238695,1,
13251,13,Screven,,9.19917763649058,1,
13253,13,Seminole,,10.931644653980381,1,
13255,13,Spalding,,7.171282243228218,1,
13257,13,Stephens,,6.631449644780369,1,
13259,13,Stewart,,9.27158378095211,1,
13261,13,Sumter,,9.408403998624564,1,
13263,13,Talbot,,7.8528714924804595,1,
13265,13,Taliaferro,,7.375049331911285,1,
13267,13,Tattnall,,10.181649806143772,1,
13269,13,Taylor,,8.543454812542102,1,
13271,13,Telfair,,9.596373500188031,1,
13273,13,Terrell,,9.50693566834051,1,
13275,13,Thomas,,10.839680462064894,1,
13277,13,Tift,,9.906939094277769,1,
13279,13,Toombs,,9.955359279629281,1,
13281,13,Towns,,3.840959506512443,1,
13283,13,Treutlen,,9.390589780822939,1,
13285,13,Troup,,7.48360239144039,1,
13287,13,Turner,,9.6428277931606,1,
13289,13,Twiggs,,8.62644792691296,1,
13291,13,Union,,4.144255082268755,1,
13293,13,Upson,,8.003215062070353,1,
13295,13,Walker,,5.315679594722699,1,
13297,13,Walton,,6.627633222920988,1,
13299,13,Ware,,11.260975440954834,1,
13301,13,Warren,,7.670964734615609,1,
13303,13,Washington,,8.333370048210526,1,
13305,13,Wayne,,10.74612093637389,1,
13307,13,Webster,,9.33106146594778,1,
13309,13,Wheeler,,9.482915690334083,1,
13311,13,White,,5.008476676773946,1,
13313,13,Whitfield,,5.7366420942413505,1,
13315,13,Wilcox,,9.319637277805251,1,
13317,13,Wilkes,,7.03279765917422,1,
13319,13,Wilkinson,,8.588037806010211,1,
13321,13,Worth,,9.840509736953376,1,
16001,16,Ada,,0.7910123711234958,1,
16003,16,Adams,,-3.5650344268891203,1,
16005,16,Bannock,,-3.3080287977924745,1,
16007,16,Bear Lake,,-6.575894578502726,1,
16009,16,Benewah,,-1.0542950538752305,1,
16011,16,Bingham,,-4.531123034471555,1,
16013,16,Blaine,,-4.921095684465934,1,
16015,16,Boise,,-3.5212283954678028,1,
16017,16,Bonner,,-2.6028779904083104,1,
16019,16,Bonneville,,-6.134238140260125,1,
16021,16,Boundary,,-3.912567764290408,1,
16023,16,Butte,,-7.318481216190274,1,
16025,16,Camas,,-5.084841186660197,1,
16027,16,Canyon,,0.9000380802316416,1,
16029,16,Caribou,,-6.156930721225747,1,
16031,16,Cassia,,-1.8629275171040105,1,
16033,16,Clark,,-7.601305359106914,1,
16035,16,Clearwater,,-2.1297709142664423,1,
16037,16,Custer,,-7.290711047488691,1,
16039,16,Elmore,,-2.131512793068846,1,
16041,16,Franklin,,-4.278118318434278,1,
16043,16,Fremont,,-7.799636384346758,1,
16045,16,Gem,,-0.7409546029300202,1,
16047,16,Gooding,,-0.61202452821505,1,
16049,16,Idaho,,-3.6339174447442435,1,
16051,16,Jefferson,,-8.045960839099807,1,
16053,16,Jerome,,-0.6515587404903516,1,
16055,16,Kootenai,,-1.3004175425336888,1,
16057,16,Latah,,-0.6002036133507828,1,
16059,16,Lemhi,,-6.418360069141774,1,
16061,16,Lewis,,-0.792019842570363,1,
16063,16,Lincoln,,-2.3319590754835047,1,
16065,16,Madison,,-6.737387115645722,1,
16067,16,Minidoka,,-1.8699783398880983,1,
16069,16,Nez Perce,,0.5377830687517738,1,
16071,16,Oneida,,-3.13614958618945,1,
16073,16,Owyhee,,-1.3106332919279213,1,
16075,16,Payette,,0.3265895912038919,1,
16077,16,Power,,-2.573674290098396,1,
16079,16,Shoshone,,-2.9610388204168108,1,
16081,16,Teton,,-6.964187297227003,1,
16083,16,Twin Falls,,-1.097581945558322,1,
16085,16,Valley,,-6.212642806142825,1,
16087,16,Washington,,-1.577171133074566,1,
17001,17,Adams,,-2.591647139963032,1,
17003,17,Alexander,,1.4920239417033965,1,
17005,17,Bond,,-0.8745850272139079,1,
17007,17,Boone,,-5.429546556860158,1,
17009,17,Brown,,-2.6355725157441654,1,
17011,17,Bureau,,-4.753934093834172,1,
17013,17,Calhoun,,-1.1925966435515272,1,
17015,17,Carroll,,-5.810115168545209,1,
17017,17,Cass,,-2.4908204585376055,1,
17019,17,Champaign,,-2.6718184094048385,1,
17021,17,Christian,,-1.849627975516328,1,
17023,17,Clark,,-1.2659630054865563,1,
17025,17,Clay,,-0.3308393800433191,1,
17027,17,Clinton,,-0.42062664142263423,1,
17029,17,Coles,,-1.6819267135311546,1,
17031,17,Cook,,-2.9223968313902953,1,
17033,17,Crawford,,-0.8754249936449624,1,
17035,17,Cumberland,,-1.1641652427173177,1,
17037,17,DeKalb,,-5.382984891622006,1,
17039,17,De Witt,,-2.665495369990604,1,
17041,17,Douglas,,-2.172267615479828,1,
17043,17,DuPage,,-3.818174053278632,1,
17045,17,Edgar,,-1.9199259874558317,1,
17047,17,Edwards,,0.02845601128421404,1,
17049,17,Effingham,,-0.881455938095312,1,
17051,17,Fayette,,-0.9812903385875416,1,
17053,17,Ford,,-3.2879458312678267,1,
17055,17,Franklin,,0.33934124006776123,1,
17057,17,Fulton,,-3.3002967882064373,1,
17059,17,Gallatin,,0.8600343484788161,1,
17061,17,Greene,,-1.7514413417216201,1,
17063,17,Grundy,,-3.869786685416572,1,
17065,17,Hamilton,,0.18747354299023475,1,
17067,17,Hancock,,-3.1384945487951237,1,
17069,17,Hardin,,0.9187398598828638,1,
17071,17,Henderson,,-3.936195560795115,1,
17073,17,Henry,,-4.90541448562235,1,
17075,17,Iroquois,,-3.298765001611543,1,
17077,17,Jackson,,0.6151277123061165,1,
17079,17,Jasper,,-0.6541036901476416,1,
17081,17,Jefferson,,-0.18861955109752399,1,
17083,17,Jersey,,-0.9966140298281134,1,
17085,17,Jo Daviess,,-6.399242652830628,1,
17087,17,Johnson,,1.2150845220614601,1,
17089,17,Kane,,-4.811185425840439,1,
17091,17,Kankakee,,-3.4824316112113007,1,
17093,17,Kendall,,-4.245683529135939,1,
17095,17,Knox,,-4.474171859258299,1,
17097,17,Lake,,-3.9220854872863495,1,
17099,17,LaSalle,,-4.209933649545244,1,
17101,17,Lawrence,,-0.40913028482146924,1,
17103,17,Lee,,-5.476124648700908,1,
17105,17,Livingston,,-3.3748692307020196,1,
17107,17,Logan,,-2.3597318144797947,1,
17109,17,McDonough,,-3.4247739806535114,1,
17111,17,McHenry,,-4.954689790375127,1,
17113,17,McLean,,-3.0818452253510955,1,
17115,17,Macon,,-2.087440063090327,1,
17117,17,Macoupin,,-1.533680614521388,1,
17119,17,Madison,,-0.35359328906676524,1,
17121,17,Marion,,-0.42336047225979,1,
17123,17,Marshall,,-4.061616938223672,1,
17125,17,Mason,,-2.7047311951257793,1,
17127,17,Massac,,1.63151306681736,1,
17129,17,Menard,,-2.414658043402271,1,
17131,17,Mercer,,-4.5675299024739795,1,
17133,17,Monroe,,0.31186715203559207,1,
17135,17,Montgomery,,-1.5139087501688178,1,
17137,17,Morgan,,-2.2335926849354126,1,
17139,17,Moultrie,,-2.001804039669335,1,
17141,17,Ogle,,-5.600994307463539,1,
17143,17,Peoria,,-3.766993706296298,1,
17145,17,Perry,,0.2209069762953727,1,
17147,17,Piatt,,-2.48148447912219,1,
17149,17,Pike,,-2.0902927091305763,1,
17151,17,Pope,,1.1518087386097515,1,
17153,17,Pulaski,,1.6624917863759006,1,
17155,17,Putnam,,-4.03963037150417,1,
17157,17,Randolph,,0.14390861557712104,1,
17159,17,Richland,,-0.38070969237091545,1,
17161,17,Rock Island,,-4.722011721797229,1,
17163,17,St. Clair,,0.15921263253746723,1,
17165,17,Saline,,0.8441255955723954,1,
17167,17,Sangamon,,-2.120121897080566,1,
17169,17,Schuyler,,-2.831166087430284,1,
17171,17,Scott,,-2.1601729045222995,1,
17173,17,Shelby,,-1.5133619689469344,1,
17175,17,Stark,,-4.6477611069309726,1,
17177,17,Stephenson,,-6.1827655362817575,1,
17179,17,Tazewell,,-2.9043957286349875,1,
17181,17,Union,,1.0321491684536301,1,
17183,17,Vermilion,,-2.5669627288809385,1,
17185,17,Wabash,,-0.02355497867914838,1,
17187,17,Warren,,-4.2747258676628395,1,
17189,17,Washington,,-0.19233709556498596,1,
17191,17,Wayne,,-0.020136795139518743,1,
17193,17,White,,0.3493532985063267,1,
17195,17,Whiteside,,-5.32962065284822,1,
17197,17,Will,,-3.501726864144006,1,
17199,17,Williamson,,0.6842630808993053,1,
17201,17,Winnebago,,-5.520184414984024,1,
17203,17,Woodford,,-3.3978906777869233,1,
18001,18,Adams,,-2.5213790185551224,1,
18003,18,Allen,,-2.8316374880320017,1,
18005,18,Bartholomew,,-0.5706294943571811,1,
18007,18,Benton,,-3.0885566623784224,1,
18009,18,Blackford,,-2.2862568971958335,1,
18011,18,Boone,,-2.301094525702059,1,
18013,18,Brown,,-0.6915370958416287,1,
18015,18,Carroll,,-2.747431363599044,1,
18017,18,Cass,,-2.8418648501698405,1,
18019,18,Clark,,0.6927146875585456,1,
18021,18,Clay,,-1.1077059044477011,1,
18023,18,Clinton,,-2.58973129301825,1,
18025,18,Crawford,,0.6401573306917088,1,
18027,18,Daviess,,-0.14218196835070387,1,
18029,18,Dearborn,,-0.36128868825388555,1,
18031,18,Decatur,,-0.8505018566761338,1,
18033,18,DeKalb,,-2.867557364191431,1,
18035,18,Delaware,,-1.781286686056408,1,
18037,18,Dubois,,0.4149543155520599,1,
18039,18,Elkhart,,-2.896170040307034,1,
18041,18,Fayette,,-1.5114973973056889,1,
18043,18,Floyd,,0.894915104618477,1,
18045,18,Fountain,,-2.412766033746197,1,
18047,18,Franklin,,-0.89771941733756,1,
18049,18,Fulton,,-2.862276403257373,1,
18051,18,Gibson,,0.1677011659813066,1,
18053,18,Grant,,-2.553144883281798,1,
18055,18,Greene,,-0.5606517940041351,1,
18057,18,Hamilton,,-1.9790534579196783,1,
18059,18,Hancock,,-1.5830649233108678,1,
18061,18,Harrison,,0.8951929908793229,1,
18063,18,Hendricks,,-1.7966170053053168,1,
18065,18,Henry,,-2.0502822982410964,1,
18067,18,Howard,,-2.725005996169488,1,
18069,18,Huntington,,-2.7184181708945396,1,
18071,18,Jackson,,-0.12601268654047637,1,
18073,18,Jasper,,-3.456619501756873,1,
18075,18,Jay,,-2.2018479963350677,1,
18077,18,Jefferson,,0.0004653254435046013,1,
18079,18,Jennings,,-0.20653924005199858,1,
18081,18,Johnson,,-1.3122426657580397,1,
18083,18,Knox,,-0.2959235383590199,1,
18085,18,Kosciusko,,-2.9067354860740857,1,
18087,18,LaGrange,,-2.9962530952027198,1,
18089,18,Lake,,-3.188484563920383,1,
18091,18,LaPorte,,-3.094244699313748,1,
18093,18,Lawrence,,-0.09059216247835158,1,
18095,18,Madison,,-1.9587746685845207,1,
18097,18,Marion,,-1.2534187106092411,1,
18099,18,Marshall,,-3.050612318459197,1,
18101,18,Martin,,0.19498211179468636,1,
18103,18,Miami,,-2.7054423802546497,1,
18105,18,Monroe,,-0.5828595935817666,1,
18107,18,Montgomery,,-2.527389425132159,1,
18109,18,Morgan,,-1.2372516392238757,1,
18111,18,Newton,,-3.4444956726982796,1,
18113,18,Noble,,-3.0000456858499773,1,
18115,18,Ohio,,-0.1065933076319195,1,
18117,18,Orange,,0.2083304801357636,1,
18119,18,Owen,,-0.8532824330171206,1,
18121,18,Parke,,-1.7149175942693509,1,
18123,18,Perry,,1.2564722308366036,1,
18125,18,Pike,,0.20821414829352658,1,
18127,18,Porter,,-2.9822065825074566,1,
18129,18,Posey,,0.5632974911090483,1,
18131,18,Pulaski,,-3.3137941457780427,1,
18133,18,Putnam,,-1.7064935851148952,1,
18135,18,Randolph,,-2.1470622783835718,1,
18137,18,Ripley,,-0.553102654542968,1,
18139,18,Rush,,-1.5416424126485588,1,
18141,18,St. Joseph,,-2.9421593705603843,1,
18143,18,Scott,,0.27012194492178615,1,
18145,18,Shelby,,-1.108349238355352,1,
18147,18,Spencer,,1.212109485941568,1,
18149,18,Starke,,-3.206756606553145,1,
18151,18,Steuben,,-3.3125538497482157,1,
18153,18,Sullivan,,-0.7747833732528829,1,
18155,18,Switzerland,,0.03885003044946424,1,
18157,18,Tippecanoe,,-2.372026567019654,1,
18159,18,Tipton,,-2.4889396259157808,1,
18161,18,Union,,-1.4477182421764883,1,
18163,18,Vanderburgh,,0.8763572591233495,1,
18165,18,Vermillion,,-1.8768644094981,1,
18167,18,Vigo,,-1.115215027444631,1,
18169,18,Wabash,,-2.6778814535586806,1,
18171,18,Warren,,-2.702108335592011,1,
18173,18,Warrick,,0.9155582165716001,1,
18175,18,Washington,,0.3058942364861841,1,
18177,18,Wayne,,-1.904017151765869,1,
18179,18,Wells,,-2.575033724825493,1,
18181,18,White,,-3.0911760824585017,1,
18183,18,Whitley,,-2.914824368904976,1,
19001,19,Adair,,-5.413816568878255,1,
19003,19,Adams,,-4.987158991514702,1,
19005,19,Allamakee,,-7.073978897414867,1,
19007,19,Appanoose,,-4.640873758062145,1,
19009,19,Audubon,,-6.045739799882499,1,
19011,19,Benton,,-6.615636111710187,1,
19013,19,Black Hawk,,-6.964946593252511,1,
19015,19,Boone,,-6.044568984867801,1,
19017,19,Bremer,,-7.266498908063466,1,
19019,19,Buchanan,,-7.217090027048294,1,
19021,19,Buena Vista,,-6.731132171847628,1,
19023,19,Butler,,-7.157569484884822,1,
19025,19,Calhoun,,-6.632100580895609,1,
19027,19,Carroll,,-6.087843613718113,1,
19029,19,Cass,,-5.598770692413939,1,
19031,19,Cedar,,-5.73792626249575,1,
19033,19,Cerro Gordo,,-7.272175729713644,1,
19035,19,Cherokee,,-6.642595237475793,1,
19037,19,Chickasaw,,-7.631872357007224,1,
19039,19,Clarke,,-4.754691703515744,1,
19041,19,Clay,,-6.957957450608045,1,
19043,19,Clayton,,-7.40555230685206,1,
19045,19,Clinton,,-5.635560408267928,1,
19047,19,Crawford,,-5.983469755325754,1,
19049,19,Dallas,,-5.5826250017737395,1,
19051,19,Davis,,-4.301005567535066,1,
19053,19,Decatur,,-4.375367368583871,1,
19055,19,Delaware,,-7.606497130911428,1,
19057,19,Des Moines,,-3.890164092922991,1,
19059,19,Dickinson,,-7.140296780490197,1,
19061,19,Dubuque,,-7.007437644133696,1,
19063,19,Emmet,,-7.435134241783146,1,
19065,19,Fayette,,-7.763996784712345,1,
19067,19,Floyd,,-7.266538310459428,1,
19069,19,Franklin,,-6.980656426063107,1,
19071,19,Fremont,,-3.836195059903898,1,
19073,19,Greene,,-6.0439673535280996,1,
19075,19,Grundy,,-7.051394463736326,1,
19077,19,Guthrie,,-5.839305309753819,1,
19079,19,Hamilton,,-6.7903932807127125,1,
19081,19,Hancock,,-7.1640533274871965,1,
19083,19,Hardin,,-6.92352343343664,1,
19085,19,Harrison,,-5.368712552555194,1,
19087,19,Henry,,-3.845371815090443,1,
19089,19,Howard,,-8.057894443669129,1,
19091,19,Humboldt,,-6.956769545277696,1,
19093,19,Ida,,-6.374068230905583,1,
19095,19,Iowa,,-6.3199470360933585,1,
19097,19,Jackson,,-6.351616332892551,1,
19099,19,Jasper,,-5.680331716265006,1,
19101,19,Jefferson,,-4.35100383277431,1,
19103,19,Johnson,,-5.713819168702561,1,
19105,19,Jones,,-6.609668048424943,1,
19107,19,Keokuk,,-5.340725049584059,1,
19109,19,Kossuth,,-7.27786823411713,1,
19111,19,Lee,,-3.445420875674717,1,
19113,19,Linn,,-6.400749923456673,1,
19115,19,Louisa,,-4.471049033910917,1,
19117,19,Lucas,,-4.8857539384571425,1,
19119,19,Lyon,,-6.615658844080288,1,
19121,19,Madison,,-5.136734374495919,1,
19123,19,Mahaska,,-5.091301297826069,1,
19125,19,Marion,,-4.806902397676892,1,
19127,19,Marshall,,-6.769599225667495,1,
19129,19,Mills,,-4.008411220433958,1,
19131,19,Mitchell,,-7.667449427054712,1,
19133,19,Monona,,-5.625040887861643,1,
19135,19,Monroe,,-4.869093252865055,1,
19137,19,Montgomery,,-4.842052044171904,1,
19139,19,Muscatine,,-4.935157567570622,1,
19141,19,O'Brien,,-6.8570064131690796,1,
19143,19,Osceola,,-7.1424388747691,1,
19145,19,Page,,-4.1812001687144935,1,
19147,19,Palo Alto,,-6.990054240515105,1,
19149,19,Plymouth,,-6.114352767323786,1,
19151,19,Pocahontas,,-6.991811866394354,1,
19153,19,Polk,,-5.309038518022793,1,
19155,19,Pottawattamie,,-4.908437746039989,1,
19157,19,Poweshiek,,-6.2290534534958715,1,
19159,19,Ringgold,,-4.428104491115554,1,
19161,19,Sac,,-6.513796845432006,1,
19163,19,Scott,,-5.046945440345771,1,
19165,19,Shelby,,-5.905140351849526,1,
19167,19,Sioux,,-6.3981766903399615,1,
19169,19,Story,,-6.405646067804052,1,
19171,19,Tama,,-6.808093736028557,1,
19173,19,Taylor,,-4.3865793307564305,1,
19175,19,Union,,-4.899351026287162,1,
19177,19,Van Buren,,-3.851887550491886,1,
19179,19,Wapello,,-4.643656023938035,1,
19181,19,Warren,,-4.976365704242206,1,
19183,19,Washington,,-5.175575076742119,1,
19185,19,Wayne,,-4.687639504717768,1,
19187,19,Webster,,-6.667524611201273,1,
19189,19,Winnebago,,-7.441843856727886,1,
19191,19,Winneshiek,,-7.6856121669116595,1,
19193,19,Woodbury,,-5.7943203495660995,1,
19195,19,Worth,,-7.793812598798724,1,
19197,19,Wright,,-6.982145043972618,1,
20001,20,Allen,,0.11144353466860271,1,
20003,20,Anderson,,-0.20474649849999796,1,
20005,20,Atchison,,-1.6997905951285153,1,
20007,20,Barber,,0.6328215809641211,1,
20009,20,Barton,,-0.5161036244705843,1,
20011,20,Bourbon,,0.20292930249756216,1,
20013,20,Brown,,-2.3892932373039812,1,
20015,20,Butler,,0.10664269860734964,1,
20017,20,Chase,,-0.3799236805042767,1,
20019,20,Chautauqua,,1.0588535373701746,1,
20021,20,Cherokee,,1.0674207917949314,1,
20023,20,Cheyenne,,-2.0863932990397593,1,
20025,20,Clark,,-0.0008443586364890621,1,
20027,20,Clay,,-1.0140003938429583,1,
20029,20,Cloud,,-1.3049182301280617,1,
20031,20,Coffey,,-0.21213021131971238,1,
20033,20,Comanche,,0.519201312261037,1,
20035,20,Cowley,,0.6914073585723577,1,
20037,20,Crawford,,0.6038120446680276,1,
20039,20,Decatur,,-1.9432226250823443,1,
20041,20,Dickinson,,-0.5864883815896813,1,
20043,20,Doniphan,,-2.349065105409093,1,
20045,20,Douglas,,-0.722495599542445,1,
20047,20,Edwards,,-0.024036769413801236,1,
20049,20,Elk,,0.2819510692778711,1,
20051,20,Ellis,,-0.9557143477385608,1,
20053,20,Ellsworth,,-0.5591929070741953,1,
20055,20,Finney,,-0.7643500751673972,1,
20057,20,Ford,,-0.20150616982276293,1,
20059,20,Franklin,,-0.4492996909575232,1,
20061,20,Geary,,-0.787240215886714,1,
20063,20,Gove,,-1.322509855955831,1,
20065,20,Graham,,-1.2896137036496544,1,
20067,20,Grant,,-0.6850963448147961,1,
20069,20,Gray,,-0.5335671993151362,1,
20071,20,Greeley,,-1.5802696988258504,1,
20073,20,Greenwood,,-0.06327687469006062,1,
20075,20,Hamilton,,-1.458044476038349,1,
20077,20,Harper,,0.8053587209334074,1,
20079,20,Harvey,,0.11832915346256433,1,
20081,20,Haskell,,-0.5462299998241595,1,
20083,20,Hodgeman,,-0.44179393308609843,1,
20085,20,Jackson,,-1.5658486436275618,1,
20087,20,Jefferson,,-0.9350689593015065,1,
20089,20,Jewell,,-2.0639291604632115,1,
20091,20,Johnson,,-0.7297322052176092,1,
20093,20,Kearny,,-0.9037095445787581,1,
20095,20,Kingman,,0.3622942046437902,1,
20097,20,Kiowa,,0.2176007496033809,1,
20099,20,Labette,,0.7292785055586711,1,
20101,20,Lane,,-0.9690692022862174,1,
20103,20,Leavenworth,,-0.957339603848715,1,
20105,20,Lincoln,,-0.8114992052541363,1,
20107,20,Linn,,-0.32095824983917964,1,
20109,20,Logan,,-1.579929346024036,1,
20111,20,Lyon,,-0.3074663135721939,1,
20113,20,McPherson,,-0.16381940928473443,1,
20115,20,Marion,,-0.3775059096226662,1,
20117,20,Marshall,,-2.0765623578792405,1,
20119,20,Meade,,-0.2830754056820764,1,
20121,20,Miami,,-0.6784166169105705,1,
20123,20,Mitchell,,-1.2367912746169998,1,
20125,20,Montgomery,,0.9905724127097748,1,
20127,20,Morris,,-0.7996040883516198,1,
20129,20,Morton,,0.392286405392716,1,
20131,20,Nemaha,,-2.103636987131363,1,
20133,20,Neosho,,0.47164608373357453,1,
20135,20,Ness,,-0.8101847155056388,1,
20137,20,Norton,,-1.9667269581535016,1,
20139,20,Osage,,-0.33669487056097547,1,
20141,20,Osborne,,-1.3456478494323505,1,
20143,20,Ottawa,,-0.5605518989278648,1,
20145,20,Pawnee,,-0.30421907788354824,1,
20147,20,Phillips,,-2.0094020533062658,1,
20149,20,Pottawatomie,,-1.3605663919506308,1,
20151,20,Pratt,,0.41426384680195316,1,
20153,20,Rawlins,,-2.0264403623567295,1,
20155,20,Reno,,0.15134550195017388,1,
20157,20,Republic,,-2.064232768804926,1,
20159,20,Rice,,-0.2005189224941388,1,
20161,20,Riley,,-1.0541457840320445,1,
20163,20,Rooks,,-1.2631611382877275,1,
20165,20,Rush,,-0.9487541408628021,1,
20167,20,Russell,,-0.8238851094751781,1,
20169,20,Saline,,-0.3271715871825339,1,
20171,20,Scott,,-1.169541412024674,1,
20173,20,Sedgwick,,0.46032762545456823,1,
20175,20,Seward,,-0.28148191682129714,1,
20177,20,Shawnee,,-0.7968541595445118,1,
20179,20,Sheridan,,-1.5035892531172428,1,
20181,20,Sherman,,-2.1239046463591538,1,
20183,20,Smith,,-2.2045117221957398,1,
20185,20,Stafford,,0.0026027058061086133,1,
20187,20,Stanton,,-0.5183114598451128,1,
20189,20,Stevens,,-0.15000033061359344,1,
20191,20,Sumner,,0.7721697982022786,1,
20193,20,Thomas,,-1.9440487070804722,1,
20195,20,Trego,,-1.0483405357656992,1,
20197,20,Wabaunsee,,-0.8956761701796285,1,
20199,20,Wallace,,-1.7095091256812671,1,
20201,20,Washington,,-2.11979969281692,1,
20203,20,Wichita,,-1.3297017163593745,1,
20205,20,Wilson,,0.5622032873767062,1,
20207,20,Woodson,,0.13136806486719652,1,
20209,20,Wyandotte,,-0.7378768529504163,1,
21001,21,Adair,,1.9885776705472746,1,
21003,21,Allen,,2.619631929709046,1,
21005,21,Anderson,,0.7499821419531251,1,
21007,21,Ballard,,1.8527819046368184,1,
21009,21,Barren,,2.342509799807135,1,
21011,21,Bath,,0.7399612000573915,1,
21013,21,Bell,,2.5170240421917653,1,
21015,21,Boone,,0.06905782377320265,1,
21017,21,Bourbon,,0.45320585353343557,1,
21019,21,Boyd,,0.9182319030548145,1,
21021,21,Boyle,,1.2510545580249095,1,
21023,21,Bracken,,0.23542968785460855,1,
21025,21,Breathitt,,1.8792018542640045,1,
21027,21,Breckinridge,,1.2976392219615172,1,
21029,21,Bullitt,,1.3203570837720082,1,
21031,21,Butler,,1.8214698043344921,1,
21033,21,Caldwell,,2.0129974408051945,1,
21035,21,Calloway,,2.5152726362867015,1,
21037,21,Campbell,,0.30671191938604414,1,
21039,21,Carlisle,,2.0537416302758285,1,
21041,21,Carroll,,0.3826511134358397,1,
21043,21,Carter,,0.49986401605372416,1,
21045,21,Casey,,1.4128169938050816,1,
21047,21,Christian,,2.3262061941166103,1,
21049,21,Clark,,0.8148289303647832,1,
21051,21,Clay,,2.0251533932173147,1,
21053,21,Clinton,,2.659569781994061,1,
21055,21,Crittenden,,1.5572340340478639,1,
21057,21,Cumberland,,2.8009285048972776,1,
21059,21,Daviess,,1.4373025890604474,1,
21061,21,Edmonson,,1.8936140307064973,1,
21063,21,Elliott,,0.5618983491944844,1,
21065,21,Estill,,1.2022660380232584,1,
21067,21,Fayette,,0.5982562970285927,1,
21069,21,Fleming,,0.48824501441604456,1,
21071,21,Floyd,,1.9025967879545709,1,
21073,21,Franklin,,0.6156643462557562,1,
21075,21,Fulton,,2.277100918783749,1,
21077,21,Gallatin,,0.23908181644609322,1,
21079,21,Garrard,,1.2211470892757783,1,
21081,21,Grant,,0.3242538772935578,1,
21083,21,Graves,,2.2819026127441284,1,
21085,21,Grayson,,1.2072949374223432,1,
21087,21,Green,,1.7240887553605673,1,
21089,21,Greenup,,0.785128588472476,1,
21091,21,Hancock,,1.4563088763972025,1,
21093,21,Hardin,,1.0512216760536417,1,
21095,21,Harlan,,1.921476971684437,1,
21097,21,Harrison,,0.31126569341649046,1,
21099,21,Hart,,1.631320264431726,1,
21101,21,Henderson,,1.0276262483962844,1,
21103,21,Henry,,0.32319961579314005,1,
21105,21,Hickman,,2.165084399615914,1,
21107,21,Hopkins,,1.91281932968804,1,
21109,21,Jackson,,1.065045586951198,1,
21111,21,Jefferson,,1.4752939647655037,1,
21113,21,Jessamine,,0.9496815211542124,1,
21115,21,Johnson,,1.3862098259873252,1,
21117,21,Kenton,,0.1983694565031876,1,
21119,21,Knott,,2.0412986671887303,1,
21121,21,Knox,,2.297830584749958,1,
21123,21,Larue,,1.4298175912823767,1,
21125,21,Laurel,,1.9330402802627733,1,
21127,21,Lawrence,,1.0210433443193851,1,
21129,21,Lee,,1.4402290485824298,1,
21131,21,Leslie,,2.4296721781716886,1,
21133,21,Letcher,,1.8783513414236463,1,
21135,21,Lewis,,0.38521045015770444,1,
21137,21,Lincoln,,1.3400639934649887,1,
21139,21,Livingston,,1.6285211732487224,1,
21141,21,Logan,,2.326804876097084,1,
21143,21,Lyon,,2.294953883310902,1,
21145,21,McCracken,,1.9555056341005448,1,
21147,21,McCreary,,2.224419196915296,1,
21149,21,McLean,,1.4509975837365552,1,
21151,21,Madison,,1.1191603737259017,1,
21153,21,Magoffin,,1.6791478823127042,1,
21155,21,Marion,,1.3718797089275905,1,
21157,21,Marshall,,2.2357274252876866,1,
21159,21,Martin,,1.7045528996585608,1,
21161,21,Mason,,0.29279636450284396,1,
21163,21,Meade,,1.1708885281760995,1,
21165,21,Menifee,,1.0577330270869099,1,
21167,21,Mercer,,0.9818069942735932,1,
21169,21,Metcalfe,,2.2768786047916163,1,
21171,21,Monroe,,2.6614594865783188,1,
21173,21,Montgomery,,0.7841047061979729,1,
21175,21,Morgan,,0.9817128565324361,1,
21177,21,Muhlenberg,,1.8880206034698488,1,
21179,21,Nelson,,1.1501166404849397,1,
21181,21,Nicholas,,0.449660240988986,1,
21183,21,Ohio,,1.6438059307123032,1,
21185,21,Oldham,,0.6095659549604633,1,
21187,21,Owen,,0.32875118465527764,1,
21189,21,Owsley,,1.5464204818177159,1,
21191,21,Pendleton,,0.2620043363044765,1,
21193,21,Perry,,2.2582392491498746,1,
21195,21,Pike,,1.9575666473985505,1,
21197,21,Powell,,1.215227239360978,1,
21199,21,Pulaski,,1.8122971169894924,1,
21201,21,Robertson,,0.31516961187806114,1,
21203,21,Rockcastle,,1.3114150103080553,1,
21205,21,Rowan,,0.6243317906388786,1,
21207,21,Russell,,1.9041844159912833,1,
21209,21,Scott,,0.392079357397883,1,
21211,21,Shelby,,0.49433619378805044,1,
21213,21,Simpson,,2.471701364080325,1,
21215,21,Spencer,,1.0858559093703166,1,
21217,21,Taylor,,1.6598456834442707,1,
21219,21,Todd,,2.2578276080526662,1,
21221,21,Trigg,,2.522237224267305,1,
21223,21,Trimble,,0.2584430151210158,1,
21225,21,Union,,1.0738627235993117,1,
21227,21,Warren,,2.282987509386424,1,
21229,21,Washington,,1.1930461215839727,1,
21231,21,Wayne,,2.1776716811003243,1,
21233,21,Webster,,1.395429332404367,1,
21235,21,Whitley,,2.3948215443324443,1,
21237,21,Wolfe,,1.4846594598880165,1,
21239,21,Woodford,,0.6883975109607884,1,
22001,22,Acadia,,10.543604600368663,1,
22003,22,Allen,,10.086881618206661,1,
22005,22,Ascension,,11.164661456238408,1,
22007,22,Assumption,,11.515654080809476,1,
22009,22,Avoyelles,,9.324963155742145,1,
22011,22,Beauregard,,10.133215075585428,1,
22013,22,Bienville,,7.6012904353661765,1,
22015,22,Bossier,,7.330650298760875,1,
22017,22,Caddo,,7.538905913616773,1,
22019,22,Calcasieu,,11.06392057357653,1,
22021,22,Caldwell,,8.140515631373718,1,
22023,22,Cameron,,11.410329255735142,1,
22025,22,Catahoula,,8.663086320599632,1,
22027,22,Claiborne,,6.831333591981278,1,
22029,22,Concordia,,8.902562324055884,1,
22031,22,De Soto,,8.217155011376317,1,
22033,22,East Baton Rouge,,10.610570014650076,1,
22035,22,East Carroll,,7.503745075353915,1,
22037,22,East Feliciana,,9.834688186590459,1,
22039,22,Evangeline,,9.936910716746361,1,
22041,22,Franklin,,8.096301708827449,1,
22043,22,Grant,,9.054688336297696,1,
22045,22,Iberia,,10.943819995206745,1,
22047,22,Iberville,,10.96419599903379,1,
22049,22,Jackson,,7.645674970412805,1,
22051,22,Jefferson,,12.618346178083367,1,
22053,22,Jefferson Davis,,10.757964619026906,1,
22055,22,Lafayette,,10.783485109387613,1,
22057,22,Lafourche,,12.476807657382606,1,
22059,22,LaSalle,,8.710929746885913,1,
22061,22,Lincoln,,7.3331103384264145,1,
22063,22,Livingston,,10.479140222944746,1,
22065,22,Madison,,8.114022653405137,1,
22067,22,Morehouse,,7.1744288259616695,1,
22069,22,Natchitoches,,8.890901889965669,1,
22071,22,Orleans,,12.289430620542356,1,
22073,22,Ouachita,,7.716217899651566,1,
22075,22,Plaquemines,,12.852462014462445,1,
22077,22,Pointe Coupee,,10.097151574669892,1,
22079,22,Rapides,,9.213304938577771,1,
22081,22,Red River,,7.94171790341319,1,
22083,22,Richland,,7.793054615769129,1,
22085,22,Sabine,,9.03626300097889,1,
22087,22,St. Bernard,,11.93538395072257,1,
22089,22,St. Charles,,12.43070162632784,1,
22091,22,St. Helena,,9.74604247341863,1,
22093,22,St. James,,11.720529501099444,1,
22095,22,St. John the Baptist,,12.049894633179903,1,
22097,22,St. Landry,,10.20077893550197,1,
22099,22,St. Martin,,11.016119983268627,1,
22101,22,St. Mary,,11.320202771748217,1,
22103,22,St. Tammany,,10.771280436460762,1,
22105,22,Tangipahoa,,10.159934854777761,1,
22107,22,Tensas,,8.459453118966321,1,
22109,22,Terrebonne,,12.190640980572137,1,
22111,22,Union,,7.11205301241563,1,
22113,22,Vermilion,,10.541450806123523,1,
22115,22,Vernon,,9.620123092837593,1,
22117,22,Washington,,10.046677596580647,1,
22119,22,Webster,,7.2107617376099835,1,
22121,22,West Baton Rouge,,10.811515391883812,1,
22123,22,West Carroll,,7.2874162902342325,1,
22125,22,West Feliciana,,9.671851080174518,1,
22127,22,Winn,,8.546777132939566,1,
23001,23,Androscoggin,,-3.9750213954717513,1,
23003,23,Aroostook,,-7.147862818378966,1,
23005,23,Cumberland,,-3.1681302057777354,1,
23007,23,Franklin,,-7.351800033183347,1,
23009,23,Hancock,,-3.230615860443819,1,
23011,23,Kennebec,,-3.948677286725229,1,
23013,23,Knox,,-1.5734943030324855,1,
23015,23,Lincoln,,-2.4652995657581616,1,
23017,23,Oxford,,-6.071777280105794,1,
23019,23,Penobscot,,-5.318822859911836,1,
23021,23,Piscataquis,,-7.102003839138887,1,
23023,23,Sagadahoc,,-2.8087906716393705,1,
23025,23,Somerset,,-7.013947706781371,1,
23027,23,Waldo,,-3.699590284940677,1,
23029,23,Washington,,-3.734185885031708,1,
23031,23,York,,-3.042507482680834,1,
24001,24,Allegany,,-0.25068873044429174,1,
24003,24,Anne Arundel,,2.6769099073466216,1,
24005,24,Baltimore,,1.6842992014496412,1,
24009,24,Calvert,,3.4515321870207596,1,
24011,24,Caroline,,2.897630191923135,1,
24013,24,Carroll,,1.0237124528794628,1,
24015,24,Cecil,,1.6406049565300749,1,
24017,24,Charles,,3.3886132023020505,1,
24019,24,Dorchester,,3.879243296038119,1,
24021,24,Frederick,,1.1443472777071644,1,
24023,24,Garrett,,-2.534820918121824,1,
24025,24,Harford,,1.7821397287182597,1,
24027,24,Howard,,1.5160736958118977,1,
24029,24,Kent,,2.3862695324877348,1,
24031,24,Montgomery,,1.772306374514058,1,
24033,24,Prince George's,,2.5576689694698,1,
24035,24,Queen Anne's,,2.7883345044336725,1,
24037,24,St. Mary's,,4.264463357898698,1,
24039,24,Somerset,,4.332548977621182,1,
24041,24,Talbot,,3.3990265821748733,1,
24043,24,Washington,,0.8726919042601534,1,
24045,24,Wicomico,,3.546731801399327,1,
24047,24,Worcester,,4.077376383516046,1,
24510,24,Baltimore,,2.344309276817623,1,
25001,25,Barnstable,,1.7984610849073686,1,
25003,25,Berkshire,,-3.6445072082466723,1,
25005,25,Bristol,,0.6477566761604909,1,
25007,25,Dukes,,2.023706336979535,1,
25009,25,Essex,,-0.6176818306219546,1,
25011,25,Franklin,,-3.240263215333658,1,
25013,25,Hampden,,-2.0716368953877784,1,
25015,25,Hampshire,,-2.7707554405108854,1,
25017,25,Middlesex,,-1.2595010995440994,1,
25019,25,Nantucket,,2.5543602343682568,1,
25021,25,Norfolk,,-0.09297670419664492,1,
25023,25,Plymouth,,0.8572817076619916,1,
25025,25,Suffolk,,0.7201060211481308,1,
25027,25,Worcester,,-2.1401195947719596,1,
26001,26,Alcona,,-4.657273047577995,1,
26003,26,Alger,,-5.910069833640079,1,
26005,26,Allegan,,-2.6348482807880793,1,
26007,26,Alpena,,-4.539860085945301,1,
26009,26,Antrim,,-4.30060562702351,1,
26011,26,Arenac,,-4.079585705550725,1,
26013,26,Baraga,,-8.32008248138745,1,
26015,26,Barry,,-3.2599112255170075,1,
26017,26,Bay,,-3.6527089861424593,1,
26019,26,Benzie,,-3.4917234521142526,1,
26021,26,Berrien,,-2.294116625338927,1,
26023,26,Branch,,-3.1891335074473433,1,
26025,26,Calhoun,,-3.241818406784353,1,
26027,26,Cass,,-2.731198420888456,1,
26029,26,Charlevoix,,-4.001182413136828,1,
26031,26,Cheboygan,,-5.02412443396192,1,
26033,26,Chippewa,,-6.221777767881184,1,
26035,26,Clare,,-5.010935686261419,1,
26037,26,Clinton,,-3.4859644269020333,1,
26039,26,Crawford,,-5.628403116290591,1,
26041,26,Delta,,-6.0504516538568955,1,
26043,26,Dickinson,,-7.792412297888197,1,
26045,26,Eaton,,-3.505733380471787,1,
26047,26,Emmet,,-4.751374613295757,1,
26049,26,Genesee,,-3.3425123695991164,1,
26051,26,Gladwin,,-4.53329631172336,1,
26053,26,Gogebic,,-8.809727280903868,1,
26055,26,Grand Traverse,,-4.071819136145289,1,
26057,26,Gratiot,,-3.698221323670695,1,
26059,26,Hillsdale,,-3.415578883231322,1,
26061,26,Houghton,,-7.318316155775159,1,
26063,26,Huron,,-3.1792744675954574,1,
26065,26,Ingham,,-3.5823574796788002,1,
26067,26,Ionia,,-3.55011394023452,1,
26069,26,Iosco,,-4.327555201132483,1,
26071,26,Iron,,-9.155956968000265,1,
26073,26,Isabella,,-4.1218737232858,1,
26075,26,Jackson,,-3.3811589571632306,1,
26077,26,Kalamazoo,,-2.92952502050465,1,
26079,26,Kalkaska,,-5.518873033529291,1,
26081,26,Kent,,-3.377361858391233,1,
26083,26,Keweenaw,,-6.673612813562176,1,
26085,26,Lake,,-4.638869086420096,1,
26087,26,Lapeer,,-3.471525604139519,1,
26089,26,Leelanau,,-3.03216350425142,1,
26091,26,Lenawee,,-2.964388036107486,1,
26093,26,Livingston,,-3.4727360170218056,1,
26095,26,Luce,,-6.102526119193467,1,
26097,26,Mackinac,,-5.473486822967553,1,
26099,26,Macomb,,-2.370803107477639,1,
26101,26,Manistee,,-3.839276668318353,1,
26103,26,Marquette,,-7.368432459412866,1,
26105,26,Mason,,-3.3681923928760873,1,
26107,26,Mecosta,,-4.728200306766415,1,
26109,26,Menominee,,-6.406834197079347,1,
26111,26,Midland,,-3.804833244670232,1,
26113,26,Missaukee,,-5.380694301699062,1,
26115,26,Monroe,,-2.2568498411655273,1,
26117,26,Montcalm,,-4.0740501898841295,1,
26119,26,Montmorency,,-5.401375469753479,1,
26121,26,Muskegon,,-2.8910130398367233,1,
26123,26,Newaygo,,-4.060973909589697,1,
26125,26,Oakland,,-3.0747286654000727,1,
26127,26,Oceana,,-3.3653010802467866,1,
26129,26,Ogemaw,,-5.341506057851525,1,
26131,26,Ontonagon,,-7.699472394727498,1,
26133,26,Osceola,,-5.163584058788905,1,
26135,26,Oscoda,,-5.347639380654252,1,
26137,26,Otsego,,-5.608479406519062,1,
26139,26,Ottawa,,-2.6739073033906138,1,
26141,26,Presque Isle,,-4.647882090122232,1,
26143,26,Roscommon,,-5.5269047240919855,1,
26145,26,Saginaw,,-3.4986327336779715,1,
26147,26,St. Clair,,-2.916182527155892,1,
26149,26,St. Joseph,,-2.8441554043347184,1,
26151,26,Sanilac,,-3.515588514598371,1,
26153,26,Schoolcraft,,-5.836138452704011,1,
26155,26,Shiawassee,,-3.4012201339710653,1,
26157,26,Tuscola,,-3.6605794457524294,1,
26159,26,Van Buren,,-2.6556399021193213,1,
26161,26,Washtenaw,,-3.016199092919877,1,
26163,26,Wayne,,-1.8861540489097643,1,
26165,26,Wexford,,-5.0835574235002,1,
27001,27,Aitkin,,-10.369565533153166,1,
27003,27,Anoka,,-7.867320280338205,1,
27005,27,Becker,,-10.487364651138776,1,
27007,27,Beltrami,,-11.266582002334777,1,
27009,27,Benton,,-9.148808036529145,1,
27011,27,Big Stone,,-7.909715517901143,1,
27013,27,Blue Earth,,-7.617228455538058,1,
27015,27,Brown,,-7.434702535041058,1,
27017,27,Carlton,,-10.09796788534668,1,
27019,27,Carver,,-7.9598561139996304,1,
27021,27,Cass,,-10.292911392814103,1,
27023,27,Chippewa,,-7.668992376240855,1,
27025,27,Chisago,,-8.814782258222534,1,
27027,27,Clay,,-9.678723593133288,1,
27029,27,Clearwater,,-10.896077662646189,1,
27031,27,Cook,,-10.615622381232486,1,
27033,27,Cottonwood,,-7.2146386721743685,1,
27035,27,Crow Wing,,-9.787985535803488,1,
27037,27,Dakota,,-7.5867964293884,1,
27039,27,Dodge,,-8.096004023492856,1,
27041,27,Douglas,,-9.40608658537159,1,
27043,27,Faribault,,-7.742141169888563,1,
27045,27,Fillmore,,-7.986264090969632,1,
27047,27,Freeborn,,-7.889204059481719,1,
27049,27,Goodhue,,-8.018403183015277,1,
27051,27,Grant,,-9.312023909865667,1,
27053,27,Hennepin,,-7.5023028761351425,1,
27055,27,Houston,,-7.2777937182009875,1,
27057,27,Hubbard,,-10.600550598137236,1,
27059,27,Isanti,,-8.705799457448384,1,
27061,27,Itasca,,-11.046489797766915,1,
27063,27,Jackson,,-7.182443973174537,1,
27065,27,Kanabec,,-9.617403941495677,1,
27067,27,Kandiyohi,,-8.236202292880279,1,
27069,27,Kittson,,-11.464635587960412,1,
27071,27,Koochiching,,-11.646621949952772,1,
27073,27,Lac qui Parle,,-7.1238691996469194,1,
27075,27,Lake,,-10.857529688507306,1,
27077,27,Lake of the Woods,,-11.929450894543123,1,
27079,27,Le Sueur,,-7.628416189686608,1,
27081,27,Lincoln,,-7.2249081945066145,1,
27083,27,Lyon,,-6.886633736432916,1,
27085,27,McLeod,,-8.085369671341805,1,
27087,27,Mahnomen,,-10.875933762625689,1,
27089,27,Marshall,,-11.405908290494214,1,
27091,27,Martin,,-7.452468927735067,1,
27093,27,Meeker,,-8.247893500424896,1,
27095,27,Mille Lacs,,-9.635057629570962,1,
27097,27,Morrison,,-9.335677502074645,1,
27099,27,Mower,,-8.040585182499731,1,
27101,27,Murray,,-7.27102262767009,1,
27103,27,Nicollet,,-7.517894027344344,1,
27105,27,Nobles,,-7.208696448744872,1,
27107,27,Norman,,-10.315146062517705,1,
27109,27,Olmsted,,-7.742179009123417,1,
27111,27,Otter Tail,,-9.895150946679273,1,
27113,27,Pennington,,-11.264322800719082,1,
27115,27,Pine,,-9.610265162134958,1,
27117,27,Pipestone,,-7.2601750077014335,1,
27119,27,Polk,,-10.811864965429717,1,
27121,27,Pope,,-8.817673807758954,1,
27123,27,Ramsey,,-7.121534044230058,1,
27125,27,Red Lake,,-11.116200598403166,1,
27127,27,Redwood,,-7.237430459950854,1,
27129,27,Renville,,-7.7174057817716175,1,
27131,27,Rice,,-8.074080644784187,1,
27133,27,Rock,,-7.007505490106545,1,
27135,27,Roseau,,-11.879637058282201,1,
27137,27,St. Louis,,-11.307747463270108,1,
27139,27,Scott,,-7.616457295436557,1,
27141,27,Sherburne,,-8.573951735290922,1,
27143,27,Sibley,,-7.8380456821292945,1,
27145,27,Stearns,,-8.872800025051117,1,
27147,27,Steele,,-8.049089113535898,1,
27149,27,Stevens,,-8.63051654063461,1,
27151,27,Swift,,-8.078347406883605,1,
27153,27,Todd,,-9.487424044654226,1,
27155,27,Traverse,,-8.58785019869343,1,
27157,27,Wabasha,,-7.744905186275095,1,
27159,27,Wadena,,-9.91591991860695,1,
27161,27,Waseca,,-7.8725390536441395,1,
27163,27,Washington,,-7.640632883343274,1,
27165,27,Watonwan,,-7.463609030676943,1,
27167,27,Wilkin,,-9.483345946462794,1,
27169,27,Winona,,-7.462239410275048,1,
27171,27,Wright,,-8.264568785239943,1,
27173,27,Yellow Medicine,,-6.806449265751508,1,
28001,28,Adams,,8.752557422996162,1,
28003,28,Alcorn,,4.910144992452016,1,
28005,28,Amite,,9.233718173764103,1,
28007,28,Attala,,6.684616492540798,1,
28009,28,Benton,,4.683644410934643,1,
28011,28,Bolivar,,5.772542404486264,1,
28013,28,Calhoun,,5.967078608994724,1,
28015,28,Carroll,,6.395601710928943,1,
28017,28,Chickasaw,,6.119447117846513,1,
28019,28,Choctaw,,6.690469286069524,1,
28021,28,Claiborne,,8.439053560486862,1,
28023,28,Clarke,,7.95261408725376,1,
28025,28,Clay,,6.478067224737015,1,
28027,28,Coahoma,,5.271233174044504,1,
28029,28,Copiah,,8.491513742433245,1,
28031,28,Covington,,8.68426077808128,1,
28033,28,DeSoto,,4.612581945579061,1,
28035,28,Forrest,,9.422908879664021,1,
28037,28,Franklin,,8.957983598830143,1,
28039,28,George,,9.838323279540191,1,
28041,28,Greene,,9.449148626517871,1,
28043,28,Grenada,,6.0146757965758475,1,
28045,28,Hancock,,10.547153288157686,1,
28047,28,Harrison,,10.639666755562757,1,
28049,28,Hinds,,8.110543429274406,1,
28051,28,Holmes,,6.761579226078114,1,
28053,28,Humphreys,,7.15934017955523,1,
28055,28,Issaquena,,7.569781933043625,1,
28057,28,Itawamba,,5.811286279588229,1,
28059,28,Jackson,,10.610316972068073,1,
28061,28,Jasper,,7.888827019891368,1,
28063,28,Jefferson,,8.624568982856667,1,
28065,28,Jefferson Davis,,8.777755195046513,1,
28067,28,Jones,,8.813430714408245,1,
28069,28,Kemper,,7.457454387810921,1,
28071,28,Lafayette,,5.306940825778085,1,
28073,28,Lamar,,9.457793635156284,1,
28075,28,Lauderdale,,7.7865604843986915,1,
28077,28,Lawrence,,8.917405877695964,1,
28079,28,Leake,,7.189908982995614,1,
28081,28,Lee,,5.981367715491997,1,
28083,28,Leflore,,6.468707934967043,1,
28085,28,Lincoln,,8.782762265980015,1,
28087,28,Lowndes,,6.679999217985101,1,
28089,28,Madison,,7.168836326841011,1,
28091,28,Marion,,9.59058748769218,1,
28093,28,Marshall,,4.6566761351011206,1,
28095,28,Monroe,,6.278443778086837,1,
28097,28,Montgomery,,5.941169069765783,1,
28099,28,Neshoba,,7.393619905914412,1,
28101,28,Newton,,7.572702688657703,1,
28103,28,Noxubee,,6.945253320041358,1,
28105,28,Oktibbeha,,6.5391359342037,1,
28107,28,Panola,,5.401950639868264,1,
28109,28,Pearl River,,10.166854697211793,1,
28111,28,Perry,,9.428128551591863,1,
28113,28,Pike,,9.289814107731756,1,
28115,28,Pontotoc,,5.843078753929108,1,
28117,28,Prentiss,,5.276904200960815,1,
28119,28,Quitman,,5.189214788538207,1,
28121,28,Rankin,,7.892968163822813,1,
28123,28,Scott,,7.56600944168052,1,
28125,28,Sharkey,,7.379960192857369,1,
28127,28,Simpson,,8.091832994751888,1,
28129,28,Smith,,7.912715374056774,1,
28131,28,Stone,,10.224370291095145,1,
28133,28,Sunflower,,6.249276028193819,1,
28135,28,Tallahatchie,,5.820311580773778,1,
28137,28,Tate,,4.860430732539746,1,
28139,28,Tippah,,4.71252434795869,1,
28141,28,Tishomingo,,5.040151016721245,1,
28143,28,Tunica,,4.626090308594592,1,
28145,28,Union,,5.442286639807329,1,
28147,28,Walthall,,9.57804817290893,1,
28149,28,Warren,,8.408751504463046,1,
28151,28,Washington,,6.639382370035069,1,
28153,28,Wayne,,8.853350085817505,1,
28155,28,Webster,,6.190027856438711,1,
28157,28,Wilkinson,,9.293308658424186,1,
28159,28,Winston,,6.977498308280683,1,
28161,28,Yalobusha,,5.821564602326081,1,
28163,28,Yazoo,,7.476499460760035,1,
29001,29,Adair,,-3.434435514512754,1,
29003,29,Andrew,,-2.621581668786362,1,
29005,29,Atchison,,-3.3202265078445596,1,
29007,29,Audrain,,-1.7487226779406064,1,
29009,29,Barry,,1.2352887722384942,1,
29011,29,Barton,,0.6567537970447593,1,
29013,29,Bates,,-0.2986168414107414,1,
29015,29,Benton,,-0.34916867903197457,1,
29017,29,Bollinger,,0.4514655942604713,1,
29019,29,Boone,,-0.9258519309561327,1,
29021,29,Buchanan,,-1.8535703750537014,1,
29023,29,Butler,,1.9661722802318131,1,
29025,29,Caldwell,,-2.6716536473796646,1,
29027,29,Callaway,,-0.9412345434842576,1,
29029,29,Camden,,0.23461597871121948,1,
29031,29,Cape Girardeau,,0.8057206268505039,1,
29033,29,Carroll,,-1.9756917326604726,1,
29035,29,Carter,,0.9595843639802571,1,
29037,29,Cass,,-0.5909708461398855,1,
29039,29,Cedar,,0.9087714829888978,1,
29041,29,Chariton,,-1.9897038328276353,1,
29043,29,Christian,,0.6993597730169815,1,
29045,29,Clark,,-3.2238384582530486,1,
29047,29,Clay,,-1.2758440232320847,1,
29049,29,Clinton,,-2.183731046399478,1,
29051,29,Cole,,-0.37840656405468753,1,
29053,29,Cooper,,-0.7291841452144573,1,
29055,29,Crawford,,-0.3072170645036719,1,
29057,29,Dade,,0.8946802700339863,1,
29059,29,Dallas,,0.36414847117882376,1,
29061,29,Daviess,,-3.1142143815510064,1,
29063,29,DeKalb,,-2.8087939861957048,1,
29065,29,Dent,,0.06956371384304103,1,
29067,29,Douglas,,0.9776569134486699,1,
29069,29,Dunklin,,3.0289588889186834,1,
29071,29,Franklin,,-0.3965593214668622,1,
29073,29,Gasconade,,-0.641643003710719,1,
29075,29,Gentry,,-3.1310058681938737,1,
29077,29,Greene,,0.7589050013426321,1,
29079,29,Grundy,,-3.051360621165464,1,
29081,29,Harrison,,-3.5137563023473364,1,
29083,29,Henry,,-0.35692494288292714,1,
29085,29,Hickory,,0.40532900104033176,1,
29087,29,Holt,,-2.6988335397192493,1,
29089,29,Howard,,-1.0928286228342508,1,
29091,29,Howell,,1.397348629629448,1,
29093,29,Iron,,0.22295802521921548,1,
29095,29,Jackson,,-0.757547211098792,1,
29097,29,Jasper,,1.0961581766566078,1,
29099,29,Jefferson,,0.23092066651987295,1,
29101,29,Johnson,,-0.9279271850088416,1,
29103,29,Knox,,-3.088843073388405,1,
29105,29,Laclede,,0.5135768420226811,1,
29107,29,Lafayette,,-1.3375353567900856,1,
29109,29,Lawrence,,0.9979911220297277,1,
29111,29,Lewis,,-2.722162817496719,1,
29113,29,Lincoln,,-0.9790772781484893,1,
29115,29,Linn,,-2.7675635643503225,1,
29117,29,Livingston,,-2.5496569737261345,1,
29119,29,McDonald,,1.5710090563266237,1,
29121,29,Macon,,-2.6594706346159476,1,
29123,29,Madison,,0.09541929127487489,1,
29125,29,Maries,,-0.28662728484068034,1,
29127,29,Marion,,-2.171796922061366,1,
29129,29,Mercer,,-3.9277844363075207,1,
29131,29,Miller,,-0.11218201304329353,1,
29133,29,Mississippi,,1.922408028849595,1,
29135,29,Moniteau,,-0.4996460581625914,1,
29137,29,Monroe,,-2.0815232522556912,1,
29139,29,Montgomery,,-1.2397274545457964,1,
29141,29,Morgan,,-0.44403953797008866,1,
29143,29,New Madrid,,2.4872330450396136,1,
29145,29,Newton,,1.3963265269520715,1,
29147,29,Nodaway,,-3.132979642794589,1,
29149,29,Oregon,,1.3260662729282293,1,
29151,29,Osage,,-0.5191227586130607,1,
29153,29,Ozark,,1.8275546066578483,1,
29155,29,Pemiscot,,3.206961247997327,1,
29157,29,Perry,,0.20454427702615433,1,
29159,29,Pettis,,-0.8764104039264262,1,
29161,29,Phelps,,-0.1160955248442521,1,
29163,29,Pike,,-1.7660374332961353,1,
29165,29,Platte,,-1.1312813439603728,1,
29167,29,Polk,,0.5961671672829679,1,
29169,29,Pulaski,,0.21970970365501252,1,
29171,29,Putnam,,-4.367396716527761,1,
29173,29,Ralls,,-1.9629572075343513,1,
29175,29,Randolph,,-1.5747561271688981,1,
29177,29,Ray,,-1.9131301115186643,1,
29179,29,Reynolds,,0.424771670388856,1,
29181,29,Ripley,,1.8000717568567224,1,
29183,29,St. Charles,,-0.16748438828759032,1,
29185,29,St. Clair,,0.24923784319275483,1,
29186,29,Ste. Genevieve,,0.15623804003194883,1,
29187,29,St. Francois,,0.1447578966150464,1,
29189,29,St. Louis,,0.43148357255730424,1,
29195,29,Saline,,-1.2897726685061426,1,
29197,29,Schuyler,,-4.02696251085438,1,
29199,29,Scotland,,-3.6729733846537416,1,
29201,29,Scott,,1.638680602173159,1,
29203,29,Shannon,,0.5365529318113176,1,
29205,29,Shelby,,-2.689791126283403,1,
29207,29,Stoddard,,1.8990090259520502,1,
29209,29,Stone,,1.1676989607868844,1,
29211,29,Sullivan,,-3.728776951142292,1,
29213,29,Taney,,1.5741143050556634,1,
29215,29,Texas,,0.3627227054566174,1,
29217,29,Vernon,,0.30837260158014473,1,
29219,29,Warren,,-0.6831769375233743,1,
29221,29,Washington,,-0.19589815653687406,1,
29223,29,Wayne,,0.857584808574276,1,
29225,29,Webster,,0.2893482591306805,1,
29227,29,Worth,,-3.5436195206005947,1,
29229,29,Wright,,0.3556272506934622,1,
29510,29,St. Louis,,0.44902090173978215,1,
30001,30,Beaverhead,,-7.16094732552285,1,
30003,30,Big Horn,,-3.743408410128593,1,
30005,30,Blaine,,-5.396142857339547,1,
30007,30,Broadwater,,-4.517303227810078,1,
30009,30,Carbon,,-4.598671149027015,1,
30011,30,Carter,,-4.762287285481888,1,
30013,30,Cascade,,-3.627988007816,1,
30015,30,Chouteau,,-3.900068493772066,1,
30017,30,Custer,,-4.680407941791964,1,
30019,30,Daniels,,-8.617427710482398,1,
30021,30,Dawson,,-5.647184256804545,1,
30023,30,Deer Lodge,,-6.491449880018581,1,
30025,30,Fallon,,-5.2026258812095305,1,
30027,30,Fergus,,-4.022707918551847,1,
30029,30,Flathead,,-5.411981783580068,1,
30031,30,Gallatin,,-6.35190748672211,1,
30033,30,Garfield,,-4.508820362345757,1,
30035,30,Glacier,,-5.483951916364659,1,
30037,30,Golden Valley,,-4.087549101245734,1,
30039,30,Granite,,-5.3480435259491985,1,
30041,30,Hill,,-5.756225937520027,1,
30043,30,Jefferson,,-5.0912363855893465,1,
30045,30,Judith Basin,,-4.7794787010091415,1,
30047,30,Lake,,-3.3975480591032907,1,
30049,30,Lewis and Clark,,-4.94047534061665,1,
30051,30,Liberty,,-5.045087822199791,1,
30053,30,Lincoln,,-4.344034615570768,1,
30055,30,McCone,,-5.821824136457876,1,
30057,30,Madison,,-6.367237132622767,1,
30059,30,Meagher,,-6.002045641915154,1,
30061,30,Mineral,,-3.644938869623574,1,
30063,30,Missoula,,-4.322685152454573,1,
30065,30,Musselshell,,-3.5942392124160905,1,
30067,30,Park,,-6.5414673219493,1,
30069,30,Petroleum,,-3.5449478373469385,1,
30071,30,Phillips,,-5.941675586900924,1,
30073,30,Pondera,,-4.623033577437711,1,
30075,30,Powder River,,-4.1352658561101325,1,
30077,30,Powell,,-5.530573583087137,1,
30079,30,Prairie,,-5.173597278577348,1,
30081,30,Ravalli,,-4.783553327348225,1,
30083,30,Richland,,-6.285526766905011,1,
30085,30,Roosevelt,,-7.642489342898817,1,
30087,30,Rosebud,,-4.255775795268365,1,
30089,30,Sanders,,-3.187940050894663,1,
30091,30,Sheridan,,-9.180268374245877,1,
30093,30,Silver Bow,,-5.927911811658802,1,
30095,30,Stillwater,,-3.9264839843841735,1,
30097,30,Sweet Grass,,-4.485307079707051,1,
30099,30,Teton,,-4.174219895866382,1,
30101,30,Toole,,-5.295677856520295,1,
30103,30,Treasure,,-3.6787486335648962,1,
30105,30,Valley,,-7.164158599616605,1,
30107,30,Wheatland,,-4.708425375101069,1,
30109,30,Wibaux,,-5.903703231082682,1,
30111,30,Yellowstone,,-3.1395113273596986,1,
31001,31,Adams,,-3.751756479218808,1,
31003,31,Antelope,,-4.5302301548761434,1,
31005,31,Arthur,,-3.50254578206692,1,
31007,31,Banner,,-2.684489277807493,1,
31009,31,Blaine,,-3.7049174163480534,1,
31011,31,Boone,,-4.518327536920108,1,
31013,31,Box Butte,,-3.6080229982553194,1,
31015,31,Boyd,,-4.122620825215351,1,
31017,31,Brown,,-3.592917039495759,1,
31019,31,Buffalo,,-3.978479570801432,1,
31021,31,Burt,,-5.300664704267585,1,
31023,31,Butler,,-4.763141587981698,1,
31025,31,Cass,,-3.7251984644991936,1,
31027,31,Cedar,,-4.894558476321953,1,
31029,31,Chase,,-2.8409136107326862,1,
31031,31,Cherry,,-3.363152013411017,1,
31033,31,Cheyenne,,-2.9296212081711643,1,
31035,31,Clay,,-3.6856885297232314,1,
31037,31,Colfax,,-4.730896945214634,1,
31039,31,Cuming,,-5.249075445134444,1,
31041,31,Custer,,-3.779739232776125,1,
31043,31,Dakota,,-5.4233424549622615,1,
31045,31,Dawes,,-3.4255013011778965,1,
31047,31,Dawson,,-3.7409448812462016,1,
31049,31,Deuel,,-3.2645999700344603,1,
31051,31,Dixon,,-5.347534698023138,1,
31053,31,Dodge,,-4.703711114121951,1,
31055,31,Douglas,,-3.8226530584840157,1,
31057,31,Dundy,,-2.496946823326961,1,
31059,31,Fillmore,,-3.7518327835885605,1,
31061,31,Franklin,,-3.081205562814561,1,
31063,31,Frontier,,-3.1957282325405005,1,
31065,31,Furnas,,-2.9851174834407175,1,
31067,31,Gage,,-3.215731291353227,1,
31069,31,Garden,,-3.4008854129139108,1,
31071,31,Garfield,,-4.508393258351524,1,
31073,31,Gosper,,-3.508362497948335,1,
31075,31,Grant,,-3.707856077545078,1,
31077,31,Greeley,,-4.5437430010038575,1,
31079,31,Hall,,-3.9882087831034863,1,
31081,31,Hamilton,,-3.944517395790317,1,
31083,31,Harlan,,-3.031579923275304,1,
31085,31,Hayes,,-2.9316387542380964,1,
31087,31,Hitchcock,,-2.5691128291983696,1,
31089,31,Holt,,-4.295093761490996,1,
31091,31,Hooker,,-3.2868752905645477,1,
31093,31,Howard,,-4.232298375424892,1,
31095,31,Jefferson,,-3.360340751586965,1,
31097,31,Johnson,,-3.433201961930393,1,
31099,31,Kearney,,-3.6528488993102672,1,
31101,31,Keith,,-3.201917665826487,1,
31103,31,Keya Paha,,-3.863736632587255,1,
31105,31,Kimball,,-2.861681273269122,1,
31107,31,Knox,,-4.244343703007124,1,
31109,31,Lancaster,,-3.8390348574352684,1,
31111,31,Lincoln,,-3.4562904377556127,1,
31113,31,Logan,,-3.4151226850925127,1,
31115,31,Loup,,-4.213554083301884,1,
31117,31,McPherson,,-3.3722895876744614,1,
31119,31,Madison,,-4.579616137977777,1,
31121,31,Merrick,,-4.2859944176250915,1,
31123,31,Morrill,,-3.113543590928563,1,
31125,31,Nance,,-4.4132022539384685,1,
31127,31,Nemaha,,-3.1857619202112155,1,
31129,31,Nuckolls,,-3.210582403403094,1,
31131,31,Otoe,,-3.649761322235108,1,
31133,31,Pawnee,,-2.788446773415801,1,
31135,31,Perkins,,-3.117231437867938,1,
31137,31,Phelps,,-3.5564165273865624,1,
31139,31,Pierce,,-4.592963792163086,1,
31141,31,Platte,,-4.621696545114066,1,
31143,31,Polk,,-4.50216452684591,1,
31145,31,Red Willow,,-2.7261662347123257,1,
31147,31,Richardson,,-2.659868596214657,1,
31149,31,Rock,,-4.058554355984882,1,
31151,31,Saline,,-3.820748017473975,1,
31153,31,Sarpy,,-3.803636482733326,1,
31155,31,Saunders,,-4.418283314821225,1,
31157,31,Scotts Bluff,,-2.6159678819232077,1,
31159,31,Seward,,-4.345959359332715,1,
31161,31,Sheridan,,-4.016404871311839,1,
31163,31,Sherman,,-4.303041954016324,1,
31165,31,Sioux,,-4.080543098225115,1,
31167,31,Stanton,,-4.763909090511465,1,
31169,31,Thayer,,-2.864856121609758,1,
31171,31,Thomas,,-3.028349887602827,1,
31173,31,Thurston,,-5.385368250394077,1,
31175,31,Valley,,-4.3611583408457815,1,
31177,31,Washington,,-4.4406493624387045,1,
31179,31,Wayne,,-4.907753138764371,1,
31181,31,Webster,,-3.729694868685508,1,
31183,31,Wheeler,,-4.428498976336251,1,
31185,31,York,,-4.261935266265203,1,
32001,32,Churchill,,1.069311527733159,1,
32003,32,Clark,,7.9096305444022645,1,
32005,32,Douglas,,1.1093749756664701,1,
32007,32,Elko,,-2.6365219737819907,1,
32009,32,Esmeralda,,2.302683753647545,1,
32011,32,Eureka,,-1.888252891925036,1,
32013,32,Humboldt,,-0.10712884298288299,1,
32015,32,Lander,,-0.6602089682243696,1,
32017,32,Lincoln,,2.4782935893174725,1,
32019,32,Lyon,,1.5016504868369627,1,
32021,32,Mineral,,1.4886749968468456,1,
32023,32,Nye,,0.8262066587842412,1,
32027,32,Pershing,,0.8278794063216192,1,
32029,32,Storey,,1.5044617412686039,1,
32031,32,Washoe,,0.43416405844474715,1,
32033,32,White Pine,,-2.4544974319814954,1,
32510,32,Carson City,,1.360241508472012,1,
33001,33,Belknap,,-3.580636906657997,1,
33003,33,Carroll,,-4.809907861457115,1,
33005,33,Cheshire,,-3.2646869785719446,1,
33007,33,Coos,,-7.519796407401534,1,
33009,33,Grafton,,-5.496584178013871,1,
33011,33,Hillsborough,,-2.958882561675456,1,
33013,33,Merrimack,,-3.519691718930489,1,
33015,33,Rockingham,,-1.9548859183599399,1,
33017,33,Strafford,,-2.650916912199645,1,
33019,33,Sullivan,,-4.205457795226185,1,
34001,34,Atlantic,,2.5121083726107627,1,
34003,34,Bergen,,0.2916405085645159,1,
34005,34,Burlington,,1.6367345581301416,1,
34007,34,Camden,,1.7703825028257418,1,
34009,34,Cape May,,3.06424772389389,1,
34011,34,Cumberland,,2.4243770032552594,1,
34013,34,Essex,,0.589257900426398,1,
34015,34,Gloucester,,1.87324495541826,1,
34017,34,Hudson,,1.8115903788685854,1,
34019,34,Hunterdon,,-0.18542065743268807,1,
34021,34,Mercer,,0.8235631063556489,1,
34023,34,Middlesex,,1.0359159289355782,1,
34025,34,Monmouth,,1.5510634979120772,1,
34027,34,Morris,,-0.7354081818812646,1,
34029,34,Ocean,,1.9986990561223477,1,
34031,34,Passaic,,-0.7020194544487441,1,
34033,34,Salem,,2.1007162415339002,1,
34035,34,Somerset,,0.03901080804407826,1,
34037,34,Sussex,,-1.8195727714474623,1,
34039,34,Union,,0.9686241144314323,1,
34041,34,Warren,,-1.0773168083638212,1,
35001,35,Bernalillo,,1.4755120140392775,1,
35003,35,Catron,,0.7435728621031321,1,
35005,35,Chaves,,4.70092016867147,1,
35006,35,Cibola,,-0.43141484622164794,1,
35007,35,Colfax,,-1.8207361987651713,1,
35009,35,Curry,,2.8341555676919645,1,
35011,35,De Baca,,3.861485760720898,1,
35013,35,Doña Ana,,5.825527871905272,1,
35015,35,Eddy,,5.940254985249815,1,
35017,35,Grant,,4.145239339458736,1,
35019,35,Guadalupe,,2.7057571492744126,1,
35021,35,Harding,,1.2337538787081677,1,
35023,35,Hidalgo,,5.739369026723148,1,
35025,35,Lea,,4.853696377032722,1,
35027,35,Lincoln,,3.025689670565166,1,
35028,35,Los Alamos,,-0.49632009313612924,1,
35029,35,Luna,,5.7146820468351605,1,
35031,35,McKinley,,-0.9719899905547611,1,
35033,35,Mora,,-0.9436567674450493,1,
35035,35,Otero,,4.411203299229167,1,
35037,35,Quay,,2.71488920107376,1,
35039,35,Rio Arriba,,-2.98485218203323,1,
35041,35,Roosevelt,,3.2699950672178657,1,
35043,35,Sandoval,,-0.3964891247220518,1,
35045,35,San Juan,,-0.702698578691942,1,
35047,35,San Miguel,,1.3037484950092044,1,
35049,35,Santa Fe,,-0.11383159081171491,1,
35051,35,Sierra,,4.441477209094003,1,
35053,35,Socorro,,2.3119415379314576,1,
35055,35,Taos,,-4.06412317467732,1,
35057,35,Torrance,,0.5874682803898131,1,
35059,35,Union,,-0.002756747334537282,1,
35061,35,Valencia,,2.1564687037387906,1,
36001,36,Albany,,-3.4954419438943174,1,
36003,36,Allegany,,-3.808991921495678,1,
36005,36,Bronx,,1.8796931237733001,1,
36007,36,Broome,,-3.5134786106485167,1,
36009,36,Cattaraugus,,-3.7729624228133667,1,
36011,36,Cayuga,,-2.99555843350726,1,
36013,36,Chautauqua,,-2.6874023419322044,1,
36015,36,Chemung,,-3.142029806446374,1,
36017,36,Chenango,,-4.140833032606931,1,
36019,36,Clinton,,-5.40677347908863,1,
36021,36,Columbia,,-2.6904331317545642,1,
36023,36,Cortland,,-4.412664643254659,1,
36025,36,Delaware,,-4.401435866634189,1,
36027,36,Dutchess,,-1.9863231758228241,1,
36029,36,Erie,,-2.469110750723916,1,
36031,36,Essex,,-6.558766623475249,1,
36033,36,Franklin,,-6.816056266476176,1,
36035,36,Fulton,,-5.813384813436994,1,
36037,36,Genesee,,-2.5324964909580494,1,
36039,36,Greene,,-3.649194030425421,1,
36041,36,Hamilton,,-7.658570417618061,1,
36043,36,Herkimer,,-6.459029620794009,1,
36045,36,Jefferson,,-4.414175677384171,1,
36047,36,Kings,,2.1331517206543884,1,
36049,36,Lewis,,-6.247200251375794,1,
36051,36,Livingston,,-3.0424899896131543,1,
36053,36,Madison,,-4.299248053633045,1,
36055,36,Monroe,,-1.9510099746236076,1,
36057,36,Montgomery,,-3.823317546583529,1,
36059,36,Nassau,,1.7195895703386233,1,
36061,36,New York,,2.0129612697933967,1,
36063,36,Niagara,,-1.7751300020613099,1,
36065,36,Oneida,,-4.670918660740776,1,
36067,36,Onondaga,,-3.238108033501054,1,
36069,36,Ontario,,-2.6775857688817584,1,
36071,36,Orange,,-1.622746543490905,1,
36073,36,Orleans,,-1.7264549418004864,1,
36075,36,Oswego,,-3.561556530057266,1,
36077,36,Otsego,,-4.220321240891572,1,
36079,36,Putnam,,-1.539122225213251,1,
36081,36,Queens,,2.159659761960667,1,
36083,36,Rensselaer,,-3.3524746195360495,1,
36085,36,Richmond,,1.8232087132811696,1,
36087,36,Rockland,,-0.40106498652098466,1,
36089,36,St. Lawrence,,-6.022527175658629,1,
36091,36,Saratoga,,-4.186686841779626,1,
36093,36,Schenectady,,-3.5154586651302053,1,
36095,36,Schoharie,,-4.047497375077408,1,
36097,36,Schuyler,,-3.189532520081943,1,
36099,36,Seneca,,-2.3007911485745356,1,
36101,36,Steuben,,-3.5021454768838174,1,
36103,36,Suffolk,,1.4240689635706443,1,
36105,36,Sullivan,,-3.550978333785277,1,
36107,36,Tioga,,-3.41949363023803,1,
36109,36,Tompkins,,-3.4538894158097313,1,
36111,36,Ulster,,-2.790921250218211,1,
36113,36,Warren,,-5.806649799179727,1,
36115,36,Washington,,-3.882151053253747,1,
36117,36,Wayne,,-2.115724175863738,1,
36119,36,Westchester,,-0.05069792040919678,1,
36121,36,Wyoming,,-3.903637382030005,1,
36123,36,Yates,,-2.6533736051781833,1,
37001,37,Alamance,,4.664822748808631,1,
37003,37,Alexander,,4.072009538841623,1,
37005,37,Alleghany,,1.20246704333038,1,
37007,37,Anson,,6.062574749090199,1,
37009,37,Ashe,,0.9648173146765421,1,
37011,37,Avery,,0.9940335676725196,1,
37013,37,Beaufort,,6.813093675189945,1,
37015,37,Bertie,,5.5650076943671305,1,
37017,37,Bladen,,7.22249074474034,1,
37019,37,Brunswick,,8.231504592338386,1,
37021,37,Buncombe,,3.3208271550328416,1,
37023,37,Burke,,4.024259265334275,1,
37025,37,Cabarrus,,5.216123689839316,1,
37027,37,Caldwell,,3.88428705193433,1,
37029,37,Camden,,5.969534591069682,1,
37031,37,Carteret,,8.194545227991075,1,
37033,37,Caswell,,4.299554761972434,1,
37035,37,Catawba,,4.612068403591485,1,
37037,37,Chatham,,4.705508012289576,1,
37039,37,Cherokee,,3.8981714663726317,1,
37041,37,Chowan,,6.187438390785383,1,
37043,37,Clay,,3.4452328046318925,1,
37045,37,Cleveland,,4.899191919515446,1,
37047,37,Columbus,,7.698954992282406,1,
37049,37,Craven,,7.27615099896247,1,
37051,37,Cumberland,,6.554535241812472,1,
37053,37,Currituck,,6.382658304154931,1,
37055,37,Dare,,7.755258116624078,1,
37057,37,Davidson,,4.543444903372945,1,
37059,37,Davie,,4.025539579954226,1,
37061,37,Duplin,,6.572306692869496,1,
37063,37,Durham,,4.974953280653175,1,
37065,37,Edgecombe,,5.364618825542103,1,
37067,37,Forsyth,,4.325972649527211,1,
37069,37,Franklin,,4.774575654383211,1,
37071,37,Gaston,,5.651494683559196,1,
37073,37,Gates,,4.997240275033769,1,
37075,37,Graham,,3.2185242885569334,1,
37077,37,Granville,,4.496831715010784,1,
37079,37,Greene,,6.164887717593235,1,
37081,37,Guilford,,4.5405508630885905,1,
37083,37,Halifax,,4.663958125704606,1,
37085,37,Harnett,,5.888836531736163,1,
37087,37,Haywood,,2.0643910745390532,1,
37089,37,Henderson,,3.5917538917457006,1,
37091,37,Hertford,,4.989318303030122,1,
37093,37,Hoke,,6.40810712468857,1,
37095,37,Hyde,,7.652602711150424,1,
37097,37,Iredell,,4.260508899988214,1,
37099,37,Jackson,,3.0052947528129605,1,
37101,37,Johnston,,5.978211897224666,1,
37103,37,Jones,,6.990229627459177,1,
37105,37,Lee,,5.207099152776314,1,
37107,37,Lenoir,,6.35209436381194,1,
37109,37,Lincoln,,4.8840429212108,1,
37111,37,McDowell,,3.879159397584022,1,
37113,37,Macon,,3.367946570890644,1,
37115,37,Madison,,2.924106641784235,1,
37117,37,Martin,,5.810191145451596,1,
37119,37,Mecklenburg,,5.7201177821666915,1,
37121,37,Mitchell,,1.5697068520981032,1,
37123,37,Montgomery,,5.322675983638593,1,
37125,37,Moore,,5.505659025348678,1,
37127,37,Nash,,5.1312928710869885,1,
37129,37,New Hanover,,8.254435248852067,1,
37131,37,Northampton,,4.619381217422188,1,
37133,37,Onslow,,7.4628191282515495,1,
37135,37,Orange,,4.741051974518232,1,
37137,37,Pamlico,,7.83400972464009,1,
37139,37,Pasquotank,,6.039323701891413,1,
37141,37,Pender,,7.544100499669116,1,
37143,37,Perquimans,,6.064236496982783,1,
37145,37,Person,,4.567360214711019,1,
37147,37,Pitt,,6.204178525852721,1,
37149,37,Polk,,5.031418792092082,1,
37151,37,Randolph,,4.583725021341293,1,
37153,37,Richmond,,6.056754194856542,1,
37155,37,Robeson,,7.160004608397973,1,
37157,37,Rockingham,,4.065966827840028,1,
37159,37,Rowan,,4.4283588637112645,1,
37161,37,Rutherford,,4.864091801305107,1,
37163,37,Sampson,,6.588064145779057,1,
37165,37,Scotland,,6.730457167275635,1,
37167,37,Stanly,,5.316095873892733,1,
37169,37,Stokes,,3.8382705393292085,1,
37171,37,Surry,,3.6287858400905986,1,
37173,37,Swain,,2.789516871236686,1,
37175,37,Transylvania,,3.5025380330140554,1,
37177,37,Tyrrell,,6.5191426517268765,1,
37179,37,Union,,6.003994569714777,1,
37181,37,Vance,,4.294607730504489,1,
37183,37,Wake,,5.384293072161255,1,
37185,37,Warren,,4.484573025904674,1,
37187,37,Washington,,6.239170097935249,1,
37189,37,Watauga,,1.0161462517489541,1,
37191,37,Wayne,,6.05202020728405,1,
37193,37,Wilkes,,3.656912066250227,1,
37195,37,Wilson,,5.68873718856692,1,
37197,37,Yadkin,,3.8234747412276326,1,
37199,37,Yancey,,1.6899212793758853,1,
38001,38,Adams,,-5.96912971622201,1,
38003,38,Barnes,,-9.059623766906146,1,
38005,38,Benson,,-10.1654413390817,1,
38007,38,Billings,,-6.137037700477104,1,
38009,38,Bottineau,,-11.236278271884304,1,
38011,38,Bowman,,-5.5684594936101375,1,
38013,38,Burke,,-10.346643417783321,1,
38015,38,Burleigh,,-7.727508754396951,1,
38017,38,Cass,,-9.360967711799429,1,
38019,38,Cavalier,,-11.84349771776235,1,
38021,38,Dickey,,-7.890495599801146,1,
38023,38,Divide,,-10.255294390948906,1,
38025,38,Dunn,,-6.967169988327244,1,
38027,38,Eddy,,-9.465637977295053,1,
38029,38,Emmons,,-7.461459517265771,1,
38031,38,Foster,,-8.916632517277764,1,
38033,38,Golden Valley,,-6.058346757348246,1,
38035,38,Grand Forks,,-10.182711922451746,1,
38037,38,Grant,,-6.5240570774312205,1,
38039,38,Griggs,,-9.892655178824558,1,
38041,38,Hettinger,,-6.302680829805778,1,
38043,38,Kidder,,-8.648564415332116,1,
38045,38,LaMoure,,-8.205781280343553,1,
38047,38,Logan,,-8.220929300797918,1,
38049,38,McHenry,,-9.879243614132536,1,
38051,38,McIntosh,,-8.058815614914838,1,
38053,38,McKenzie,,-7.136829903374389,1,
38055,38,McLean,,-8.24549552169187,1,
38057,38,Mercer,,-7.474995328715454,1,
38059,38,Morton,,-6.950957118443021,1,
38061,38,Mountrail,,-9.421179663238462,1,
38063,38,Nelson,,-10.661445793534128,1,
38065,38,Oliver,,-7.323885960880557,1,
38067,38,Pembina,,-10.974888628455387,1,
38069,38,Pierce,,-10.658389624762975,1,
38071,38,Ramsey,,-10.901908326617479,1,
38073,38,Ransom,,-8.724492008417256,1,
38075,38,Renville,,-10.057144203487578,1,
38077,38,Richland,,-9.038163134828276,1,
38079,38,Rolette,,-11.652950920518833,1,
38081,38,Sargent,,-8.3779148694632,1,
38083,38,Sheridan,,-8.657533156973871,1,
38085,38,Sioux,,-6.436471204498771,1,
38087,38,Slope,,-5.778096374435669,1,
38089,38,Stark,,-6.288760138939898,1,
38091,38,Steele,,-9.912224660060069,1,
38093,38,Stutsman,,-8.518220777763228,1,
38095,38,Towner,,-11.591546084669988,1,
38097,38,Traill,,-10.014137928839073,1,
38099,38,Walsh,,-10.764823933327033,1,
38101,38,Ward,,-9.161888186668241,1,
38103,38,Wells,,-9.137079809797038,1,
38105,38,Williams,,-9.185531728517152,1,
39001,39,Adams,,0.14206032730513746,1,
39003,39,Allen,,-2.087964544089285,1,
39005,39,Ashland,,-2.085135884009992,1,
39007,39,Ashtabula,,-1.6122097910974715,1,
39009,39,Athens,,-0.323391589304153,1,
39011,39,Auglaize,,-2.1734536288137196,1,
39013,39,Belmont,,-0.9626387464488229,1,
39015,39,Brown,,-0.1821369984211671,1,
39017,39,Butler,,-0.4950573248119071,1,
39019,39,Carroll,,-1.2685902812944219,1,
39021,39,Champaign,,-2.2544655925528088,1,
39023,39,Clark,,-1.9019627395387355,1,
39025,39,Clermont,,0.10483092129547929,1,
39027,39,Clinton,,-0.9098173841222822,1,
39029,39,Columbiana,,-1.4937609633910105,1,
39031,39,Coshocton,,-1.3877406427156243,1,
39033,39,Crawford,,-1.8096818514622672,1,
39035,39,Cuyahoga,,-1.0832552210929713,1,
39037,39,Darke,,-2.135469941586113,1,
39039,39,Defiance,,-2.612366898075117,1,
39041,39,Delaware,,-1.5989100696391358,1,
39043,39,Erie,,-1.3917107474726598,1,
39045,39,Fairfield,,-1.1644991002835012,1,
39047,39,Fayette,,-1.2966621404535108,1,
39049,39,Franklin,,-1.0164245438654103,1,
39051,39,Fulton,,-2.6272157422505584,1,
39053,39,Gallia,,0.6678958064014506,1,
39055,39,Geauga,,-2.50110548523677,1,
39057,39,Greene,,-1.0854085818067982,1,
39059,39,Guernsey,,-1.0511832852867375,1,
39061,39,Hamilton,,0.06547207147731594,1,
39063,39,Hancock,,-1.7077873404013464,1,
39065,39,Hardin,,-1.954411865958892,1,
39067,39,Harrison,,-1.061691763821215,1,
39069,39,Henry,,-2.330689963054492,1,
39071,39,Highland,,-0.6779262331685766,1,
39073,39,Hocking,,-0.8436170024167562,1,
39075,39,Holmes,,-1.883561324092049,1,
39077,39,Huron,,-1.9848365312390317,1,
39079,39,Jackson,,0.1145461193597956,1,
39081,39,Jefferson,,-0.6675722228698441,1,
39083,39,Knox,,-2.0809945306999307,1,
39085,39,Lake,,-1.1760005421822854,1,
39087,39,Lawrence,,0.9760821634094811,1,
39089,39,Licking,,-1.5716306168513698,1,
39091,39,Logan,,-2.317083236924501,1,
39093,39,Lorain,,-1.3902032766347516,1,
39095,39,Lucas,,-1.8613227273597075,1,
39097,39,Madison,,-1.703722776937464,1,
39099,39,Mahoning,,-1.8412374913614398,1,
39101,39,Marion,,-1.9307169941531837,1,
39103,39,Medina,,-1.8654139307490587,1,
39105,39,Meigs,,0.3104309970726956,1,
39107,39,Mercer,,-2.2960254104146562,1,
39109,39,Miami,,-1.7581424173639428,1,
39111,39,Monroe,,-0.5091485845051261,1,
39113,39,Montgomery,,-0.9033579884549761,1,
39115,39,Morgan,,-0.7546590033844619,1,
39117,39,Morrow,,-2.201805422241786,1,
39119,39,Muskingum,,-0.9081562443959093,1,
39121,39,Noble,,-0.6635535146581121,1,
39123,39,Ottawa,,-1.6109644789243815,1,
39125,39,Paulding,,-2.7000401290227183,1,
39127,39,Perry,,-1.1653189639475576,1,
39129,39,Pickaway,,-0.9678460880148284,1,
39131,39,Pike,,0.04233413106601379,1,
39133,39,Portage,,-2.0813920264979426,1,
39135,39,Preble,,-1.7374087551807507,1,
39137,39,Putnam,,-2.2512558697112595,1,
39139,39,Richland,,-2.0634190944323945,1,
39141,39,Ross,,-0.5298091589187217,1,
39143,39,Sandusky,,-1.9451943361172763,1,
39145,39,Scioto,,0.3950473451317966,1,
39147,39,Seneca,,-1.867615663733403,1,
39149,39,Shelby,,-2.1826185520211996,1,
39151,39,Stark,,-1.430348863273005,1,
39153,39,Summit,,-1.3837771307525057,1,
39155,39,Trumbull,,-1.800883870051849,1,
39157,39,Tuscarawas,,-1.299557223053093,1,
39159,39,Union,,-1.8703801393260209,1,
39161,39,Van Wert,,-2.557359849507596,1,
39163,39,Vinton,,-0.14455634121316172,1,
39165,39,Warren,,-0.42888799950228357,1,
39167,39,Washington,,0.02158225651225768,1,
39169,39,Wayne,,-1.9257004025057505,1,
39171,39,Williams,,-2.9697542157940195,1,
39173,39,Wood,,-2.0065435115006443,1,
39175,39,Wyandot,,-1.801437010659332,1,
40001,40,Adair,,2.62686576141449,1,
40003,40,Alfalfa,,1.2127626365219277,1,
40005,40,Atoka,,4.285461234209735,1,
40007,40,Beaver,,0.40060434818009644,1,
40009,40,Beckham,,2.5032735877310452,1,
40011,40,Blaine,,1.888163846949543,1,
40013,40,Bryan,,5.225573903538014,1,
40015,40,Caddo,,2.659095560590404,1,
40017,40,Canadian,,2.312611180916038,1,
40019,40,Carter,,4.441248600521167,1,
40021,40,Cherokee,,2.6556213797562616,1,
40023,40,Choctaw,,5.155055868502895,1,
40025,40,Cimarron,,0.3454045675014994,1,
40027,40,Cleveland,,3.2465906738445045,1,
40029,40,Coal,,4.1246660015094765,1,
40031,40,Comanche,,3.819138828333394,1,
40033,40,Cotton,,4.379076390248703,1,
40035,40,Craig,,1.3533543896698819,1,
40037,40,Creek,,2.685837521241693,1,
40039,40,Custer,,2.0816445896008227,1,
40041,40,Delaware,,2.050542624122016,1,
40043,40,Dewey,,1.41470648353523,1,
40045,40,Ellis,,0.999220597934641,1,
40047,40,Garfield,,1.5282559447172295,1,
40049,40,Garvin,,3.810506711993265,1,
40051,40,Grady,,2.9750642749042577,1,
40053,40,Grant,,1.2188285257110074,1,
40055,40,Greer,,2.909723648826858,1,
40057,40,Harmon,,3.1783418277574507,1,
40059,40,Harper,,0.7421326553580032,1,
40061,40,Haskell,,3.610039489015397,1,
40063,40,Hughes,,3.6183535338434853,1,
40065,40,Jackson,,3.7095453500576974,1,
40067,40,Jefferson,,4.739156195313576,1,
40069,40,Johnston,,4.367605490378912,1,
40071,40,Kay,,1.3389840912297806,1,
40073,40,Kingfisher,,1.8134480085949933,1,
40075,40,Kiowa,,3.227388391516894,1,
40077,40,Latimer,,3.6344679387683905,1,
40079,40,Le Flore,,3.7118149710809334,1,
40081,40,Lincoln,,2.6472941329189803,1,
40083,40,Logan,,2.1328067239361506,1,
40085,40,Love,,4.9717849896581,1,
40087,40,McClain,,3.4169979629464047,1,
40089,40,McCurtain,,4.6346459241784705,1,
40091,40,McIntosh,,3.429935202915915,1,
40093,40,Major,,1.547839974924603,1,
40095,40,Marshall,,5.160206348063153,1,
40097,40,Mayes,,2.071470258938392,1,
40099,40,Murray,,3.9681232875863706,1,
40101,40,Muskogee,,3.0571989014429333,1,
40103,40,Noble,,1.6737121389782228,1,
40105,40,Nowata,,1.298034576655192,1,
40107,40,Okfuskee,,3.0152580186363473,1,
40109,40,Oklahoma,,2.9134254922834657,1,
40111,40,Okmulgee,,2.921914764358236,1,
40113,40,Osage,,1.8900829028863089,1,
40115,40,Ottawa,,1.498321574172193,1,
40117,40,Pawnee,,2.2482397290405647,1,
40119,40,Payne,,2.1373370783886965,1,
40121,40,Pittsburg,,3.8125480317812666,1,
40123,40,Pontotoc,,3.8480053826736347,1,
40125,40,Pottawatomie,,3.3748307442303846,1,
40127,40,Pushmataha,,4.06655492099479,1,
40129,40,Roger Mills,,1.9881963648521428,1,
40131,40,Rogers,,1.9443044147488817,1,
40133,40,Seminole,,3.4526540946241044,1,
40135,40,Sequoyah,,3.410895978690793,1,
40137,40,Stephens,,3.9473674596804003,1,
40139,40,Texas,,0.5966238723659133,1,
40141,40,Tillman,,4.220800128599145,1,
40143,40,Tulsa,,2.819453208424134,1,
40145,40,Wagoner,,2.698715231472088,1,
40147,40,Washington,,1.6452963908974891,1,
40149,40,Washita,,2.6417084818815573,1,
40151,40,Woods,,1.0261643321926113,1,
40153,40,Woodward,,1.0392845901649894,1,
41001,41,Baker,,-2.0990997058995,1,
41003,41,Benton,,5.485618480027556,1,
41005,41,Clackamas,,2.9875652167653475,1,
41007,41,Clatsop,,5.170192742837444,1,
41009,41,Columbia,,4.497269360261719,1,
41011,41,Coos,,6.930976032469466,1,
41013,41,Crook,,-0.2804214997997251,1,
41015,41,Curry,,6.730893398360251,1,
41017,41,Deschutes,,-0.33829144241248027,1,
41019,41,Douglas,,4.490058942705198,1,
41021,41,Gilliam,,2.055585992374127,1,
41023,41,Grant,,-1.3880856022206651,1,
41025,41,Harney,,-1.115417524289687,1,
41027,41,Hood River,,0.5255417113491934,1,
41029,41,Jackson,,2.720076593153886,1,
41031,41,Jefferson,,1.2479720809238324,1,
41033,41,Josephine,,4.094539918813364,1,
41035,41,Klamath,,-0.792838524364359,1,
41037,41,Lake,,-0.8327396056607962,1,
41039,41,Lane,,4.08607500069444,1,
41041,41,Lincoln,,6.798590933791679,1,
41043,41,Linn,,3.617023293779653,1,
41045,41,Malheur,,-0.6378582595739816,1,
41047,41,Marion,,4.064669834468669,1,
41049,41,Morrow,,1.5716164280508165,1,
41051,41,Multnomah,,4.593927519950739,1,
41053,41,Polk,,5.296193861612535,1,
41055,41,Sherman,,2.215926093490122,1,
41057,41,Tillamook,,5.4183720655928385,1,
41059,41,Umatilla,,0.9398236631585244,1,
41061,41,Union,,-1.5645780319682439,1,
41063,41,Wallowa,,-1.882032052437515,1,
41065,41,Wasco,,1.4811354620033759,1,
41067,41,Washington,,4.749577588542489,1,
41069,41,Wheeler,,0.4819575544664814,1,
41071,41,Yamhill,,5.17388094728279,1,
42001,42,Adams,,0.15119766455924813,1,
42003,42,Allegheny,,-0.6070278566349857,1,
42005,42,Armstrong,,-1.5411902883191977,1,
42007,42,Beaver,,-0.9173600415075615,1,
42009,42,Bedford,,-1.06854943306353,1,
42011,42,Berks,,-0.11647208763715176,1,
42013,42,Blair,,-1.57541486008241,1,
42015,42,Bradford,,-3.072467478148975,1,
42017,42,Bucks,,0.4808101386653168,1,
42019,42,Butler,,-1.6123679249402143,1,
42021,42,Cambria,,-2.795397919338791,1,
42023,42,Cameron,,-3.0571125816367473,1,
42025,42,Carbon,,-2.0321231290078665,1,
42027,42,Centre,,-2.043399439458906,1,
42029,42,Chester,,0.580383056238715,1,
42031,42,Clarion,,-2.3286519281870826,1,
42033,42,Clearfield,,-2.649256088675079,1,
42035,42,Clinton,,-2.279405138705532,1,
42037,42,Columbia,,-1.683821601581669,1,
42039,42,Crawford,,-2.4765591640812565,1,
42041,42,Cumberland,,0.0780077893357187,1,
42043,42,Dauphin,,-0.4428315101250217,1,
42045,42,Delaware,,1.558993184612073,1,
42047,42,Elk,,-3.2708386017284017,1,
42049,42,Erie,,-1.8559895774309678,1,
42051,42,Fayette,,-0.9800845120436332,1,
42053,42,Forest,,-2.901122886932971,1,
42055,42,Franklin,,0.13132588047455002,1,
42057,42,Fulton,,-0.24179378014627023,1,
42059,42,Greene,,-0.6612051569698859,1,
42061,42,Huntingdon,,-0.8114158714277238,1,
42063,42,Indiana,,-1.7241067759362676,1,
42065,42,Jefferson,,-2.4632647355213417,1,
42067,42,Juniata,,-0.7710057419578347,1,
42069,42,Lackawanna,,-2.5848676400423964,1,
42071,42,Lancaster,,0.7236831044229552,1,
42073,42,Lawrence,,-1.5097612626216539,1,
42075,42,Lebanon,,-0.0662188336776792,1,
42077,42,Lehigh,,-0.38564114549879935,1,
42079,42,Luzerne,,-1.937591386291365,1,
42081,42,Lycoming,,-2.457803962878359,1,
42083,42,McKean,,-3.6983991851161053,1,
42085,42,Mercer,,-1.9789862612655917,1,
42087,42,Mifflin,,-1.0125298379661392,1,
42089,42,Monroe,,-2.3531084440789747,1,
42091,42,Montgomery,,0.6172842973375746,1,
42093,42,Montour,,-1.3141909729459642,1,
42095,42,Northampton,,-0.7213503252069254,1,
42097,42,Northumberland,,-1.2615762526786507,1,
42099,42,Perry,,-0.37069857065711775,1,
42101,42,Philadelphia,,1.9360780154571744,1,
42103,42,Pike,,-2.8802888739941372,1,
42105,42,Potter,,-3.4602707573750346,1,
42107,42,Schuylkill,,-1.5255675065593481,1,
42109,42,Snyder,,-1.1870649923671424,1,
42111,42,Somerset,,-2.595335997683637,1,
42113,42,Sullivan,,-3.720922272912762,1,
42115,42,Susquehanna,,-3.6653545806344257,1,
42117,42,Tioga,,-3.334588289008819,1,
42119,42,Union,,-1.4208238275708276,1,
42121,42,Venango,,-2.40024665622787,1,
42123,42,Warren,,-3.166663439077357,1,
42125,42,Washington,,-0.9581249857855653,1,
42127,42,Wayne,,-3.7408954576547178,1,
42129,42,Westmoreland,,-1.0564249793499865,1,
42131,42,Wyoming,,-2.6209316888902014,1,
42133,42,York,,0.754269385062641,1,
44001,44,Bristol,,0.8808828150511979,1,
44003,44,Kent,,-0.26531862888420404,1,
44005,44,Newport,,1.1560741617908377,1,
44007,44,Providence,,-0.5643956436617529,1,
44009,44,Washington,,0.5391928314374923,1,
45001,45,Abbeville,,6.394520274759509,1,
45003,45,Aiken,,7.981474656200103,1,
45005,45,Allendale,,8.953785075322743,1,
45007,45,Anderson,,6.324505144457304,1,
45009,45,Bamberg,,8.687415899462092,1,
45011,45,Barnwell,,8.491583900074344,1,
45013,45,Beaufort,,10.53972553596259,1,
45015,45,Berkeley,,9.115693407783633,1,
45017,45,Calhoun,,8.270638547679823,1,
45019,45,Charleston,,9.998650676658237,1,
45021,45,Cherokee,,5.25570147346349,1,
45023,45,Chester,,5.9551473656312135,1,
45025,45,Chesterfield,,6.728843935984711,1,
45027,45,Clarendon,,8.200678591569439,1,
45029,45,Colleton,,9.445586519928398,1,
45031,45,Darlington,,7.292828699399305,1,
45033,45,Dillon,,7.2706065088830565,1,
45035,45,Dorchester,,9.213277085286505,1,
45037,45,Edgefield,,7.535687677581109,1,
45039,45,Fairfield,,6.580617606435385,1,
45041,45,Florence,,7.816258694495853,1,
45043,45,Georgetown,,8.677984900618327,1,
45045,45,Greenville,,5.9544143778899,1,
45047,45,Greenwood,,6.445108337017045,1,
45049,45,Hampton,,9.428821647177827,1,
45051,45,Horry,,8.0509038737282,1,
45053,45,Jasper,,10.184714556282906,1,
45055,45,Kershaw,,7.026675556812256,1,
45057,45,Lancaster,,6.29083652730993,1,
45059,45,Laurens,,6.180766619723702,1,
45061,45,Lee,,7.546113765570122,1,
45063,45,Lexington,,7.564787107788196,1,
45065,45,McCormick,,7.099207154238439,1,
45067,45,Marion,,7.623128011186231,1,
45069,45,Marlboro,,6.819623123921382,1,
45071,45,Newberry,,6.579480330105802,1,
45073,45,Oconee,,6.024674024827942,1,
45075,45,Orangeburg,,8.539914151892388,1,
45077,45,Pickens,,5.985495521518197,1,
45079,45,Richland,,7.621946647360649,1,
45081,45,Saluda,,6.906309122861025,1,
45083,45,Spartanburg,,5.735116441191451,1,
45085,45,Sumter,,7.86403158664769,1,
45087,45,Union,,5.803077054919762,1,
45089,45,Williamsburg,,8.11748343356633,1,
45091,45,York,,5.658326980344145,1,
46003,46,Aurora,,-5.1588683049381485,1,
46005,46,Beadle,,-6.2028876893092475,1,
46007,46,Bennett,,-3.597079338047467,1,
46009,46,Bon Homme,,-4.468894671193384,1,
46011,46,Brookings,,-7.449216266856692,1,
46013,46,Brown,,-7.309154492181497,1,
46015,46,Brule,,-4.997228973038958,1,
46017,46,Buffalo,,-5.5687811983168585,1,
46019,46,Butte,,-4.522754348439815,1,
46021,46,Campbell,,-6.7452720842540135,1,
46023,46,Charles Mix,,-4.163654600677673,1,
46025,46,Clark,,-7.359390031626414,1,
46027,46,Clay,,-5.620191716474499,1,
46029,46,Codington,,-7.923860295806189,1,
46031,46,Corson,,-5.808051453269538,1,
46033,46,Custer,,-3.4275564224605413,1,
46035,46,Davison,,-5.12247533058783,1,
46037,46,Day,,-7.775613634785315,1,
46039,46,Deuel,,-7.692278578773866,1,
46041,46,Dewey,,-5.110804634870346,1,
46043,46,Douglas,,-4.239661945566744,1,
46045,46,Edmunds,,-6.889229003681957,1,
46047,46,Fall River,,-3.7076589293110924,1,
46049,46,Faulk,,-6.305119610538659,1,
46051,46,Grant,,-7.712665601130384,1,
46053,46,Gregory,,-4.230430449342539,1,
46055,46,Haakon,,-4.036858844335596,1,
46057,46,Hamlin,,-7.799565656377285,1,
46059,46,Hand,,-5.881619719863547,1,
46061,46,Hanson,,-5.721293927826168,1,
46063,46,Harding,,-4.996709064783977,1,
46065,46,Hughes,,-5.004468181738165,1,
46067,46,Hutchinson,,-5.163677775581878,1,
46069,46,Hyde,,-5.793530408846048,1,
46071,46,Jackson,,-3.56264726988491,1,
46073,46,Jerauld,,-5.714296282952779,1,
46075,46,Jones,,-3.9521751737237967,1,
46077,46,Kingsbury,,-7.056069421129301,1,
46079,46,Lake,,-7.088022353930306,1,
46081,46,Lawrence,,-4.059364867189974,1,
46083,46,Lincoln,,-6.362534240297526,1,
46085,46,Lyman,,-4.557548105086254,1,
46087,46,McCook,,-6.544220765962521,1,
46089,46,McPherson,,-7.420325174213698,1,
46091,46,Marshall,,-8.175631531441608,1,
46093,46,Meade,,-4.365018011708597,1,
46095,46,Mellette,,-3.5550676613936725,1,
46097,46,Miner,,-6.5035042546587,1,
46099,46,Minnehaha,,-6.668615368869319,1,
46101,46,Moody,,-7.302931370741204,1,
46102,46,Oglala Lakota,,-3.647555578557957,1,
46103,46,Pennington,,-4.081324212873344,1,
46105,46,Perkins,,-5.373343883600439,1,
46107,46,Potter,,-5.707716095026621,1,
46109,46,Roberts,,-7.907895784474269,1,
46111,46,Sanborn,,-5.842519809431702,1,
46115,46,Spink,,-6.850519177728005,1,
46117,46,Stanley,,-4.278924848169286,1,
46119,46,Sully,,-5.065324543197607,1,
46121,46,Todd,,-3.5285093340891023,1,
46123,46,Tripp,,-3.764622697531464,1,
46125,46,Turner,,-6.143890945579977,1,
46127,46,Union,,-5.739780175341937,1,
46129,46,Walworth,,-6.0974088313806005,1,
46135,46,Yankton,,-4.988546403287238,1,
46137,46,Ziebach,,-4.699032917964455,1,
47001,47,Anderson,,3.431526738099585,1,
47003,47,Bedford,,3.8505347052680032,1,
47005,47,Benton,,3.646884853353725,1,
47007,47,Bledsoe,,3.407033260502325,1,
47009,47,Blount,,4.046404999865759,1,
47011,47,Bradley,,5.139740428393844,1,
47013,47,Campbell,,2.7138622014452425,1,
47015,47,Cannon,,3.6647785852319292,1,
47017,47,Carroll,,3.4962222629283075,1,
47019,47,Carter,,2.0988527317367347,1,
47021,47,Cheatham,,3.3745513141558754,1,
47023,47,Chester,,4.032950987959145,1,
47025,47,Claiborne,,2.5836396400857162,1,
47027,47,Clay,,3.104901499447783,1,
47029,47,Cocke,,3.5837157781402667,1,
47031,47,Coffee,,3.6751553294906514,1,
47033,47,Crockett,,3.5156502647819607,1,
47035,47,Cumberland,,2.4892520704548167,1,
47037,47,Davidson,,3.710512136390321,1,
47039,47,Decatur,,3.9407227151399518,1,
47041,47,DeKalb,,3.5315170326398038,1,
47043,47,Dickson,,3.4605078182776867,1,
47045,47,Dyer,,3.214980913008687,1,
47047,47,Fayette,,4.464609854855118,1,
47049,47,Fentress,,2.5908851591004773,1,
47051,47,Franklin,,4.139979745798001,1,
47053,47,Gibson,,3.185027507099559,1,
47055,47,Giles,,4.111324326419269,1,
47057,47,Grainger,,3.1812626090546927,1,
47059,47,Greene,,3.4614773957819884,1,
47061,47,Grundy,,3.214221015015306,1,
47063,47,Hamblen,,3.643019492357691,1,
47065,47,Hamilton,,5.164942346659189,1,
47067,47,Hancock,,2.625401594952525,1,
47069,47,Hardeman,,4.310722157582031,1,
47071,47,Hardin,,4.599132771354169,1,
47073,47,Hawkins,,3.0965054539195775,1,
47075,47,Haywood,,3.8388349661557766,1,
47077,47,Henderson,,3.806926283121665,1,
47079,47,Henry,,2.9805300021790018,1,
47081,47,Hickman,,3.5686087747349986,1,
47083,47,Houston,,3.294578534711314,1,
47085,47,Humphreys,,3.5552304991917714,1,
47087,47,Jackson,,3.4009057221701187,1,
47089,47,Jefferson,,3.7748694446706685,1,
47091,47,Johnson,,1.4426200868910308,1,
47093,47,Knox,,3.8645513700624177,1,
47095,47,Lake,,2.806658079593289,1,
47097,47,Lauderdale,,3.7237239780374316,1,
47099,47,Lawrence,,4.273906164934657,1,
47101,47,Lewis,,3.786075063528368,1,
47103,47,Lincoln,,4.239150466440744,1,
47105,47,Loudon,,4.35240628210926,1,
47107,47,McMinn,,4.519840148882089,1,
47109,47,McNairy,,4.4308144923806,1,
47111,47,Macon,,3.141809079645327,1,
47113,47,Madison,,3.7855802889890193,1,
47115,47,Marion,,4.572262797909452,1,
47117,47,Marshall,,3.9281671178450974,1,
47119,47,Maury,,3.8092780681951033,1,
47121,47,Meigs,,4.48080316173556,1,
47123,47,Monroe,,4.306111259650053,1,
47125,47,Montgomery,,3.0350667601668326,1,
47127,47,Moore,,3.781140522551231,1,
47129,47,Morgan,,2.7924664192157707,1,
47131,47,Obion,,2.609578770722753,1,
47133,47,Overton,,3.116097874608694,1,
47135,47,Perry,,3.772592164367314,1,
47137,47,Pickett,,2.775899675448254,1,
47139,47,Polk,,4.804640484118214,1,
47141,47,Putnam,,3.2199728755700248,1,
47143,47,Rhea,,3.7190295663209048,1,
47145,47,Roane,,3.9653704896088304,1,
47147,47,Robertson,,2.8292213806806963,1,
47149,47,Rutherford,,3.7652365484907704,1,
47151,47,Scott,,2.2861287128397274,1,
47153,47,Sequatchie,,3.829218987762353,1,
47155,47,Sevier,,3.3364219224097362,1,
47157,47,Shelby,,4.498255416946284,1,
47159,47,Smith,,3.667988608641278,1,
47161,47,Stewart,,3.016276777005384,1,
47163,47,Sullivan,,3.1477821560352663,1,
47165,47,Sumner,,2.943790175855254,1,
47167,47,Tipton,,4.1002963028484025,1,
47169,47,Trousdale,,3.3605987489447764,1,
47171,47,Unicoi,,2.240778373313658,1,
47173,47,Union,,3.042244584407326,1,
47175,47,Van Buren,,3.0563880006659434,1,
47177,47,Warren,,3.6765946994553467,1,
47179,47,Washington,,3.3498685528112824,1,
47181,47,Wayne,,3.9733555854112406,1,
47183,47,Weakley,,2.7900721893659557,1,
47185,47,White,,3.3998203809221788,1,
47187,47,Williamson,,3.747135313931343,1,
47189,47,Wilson,,3.708633844842901,1,
48001,48,Anderson,,8.234350688826883,1,
48003,48,Andrews,,5.761611532906007,1,
48005,48,Angelina,,9.285159638549915,1,
48007,48,Aransas,,13.595819264582822,1,
48009,48,Archer,,5.400458664442474,1,
48011,48,Armstrong,,2.887389976109424,1,
48013,48,Atascosa,,12.072036453158082,1,
48015,48,Austin,,10.893632583784601,1,
48017,48,Bailey,,2.46034831634525,1,
48019,48,Bandera,,9.372703350799535,1,
48021,48,Bastrop,,9.853686451378165,1,
48023,48,Baylor,,5.1950118346840135,1,
48025,48,Bee,,12.690697385799854,1,
48027,48,Bell,,8.536967747072229,1,
48029,48,Bexar,,10.807687357273238,1,
48031,48,Blanco,,8.988238643411036,1,
48033,48,Borden,,5.414371487489932,1,
48035,48,Bosque,,7.452872871415765,1,
48037,48,Bowie,,6.31211648032584,1,
48039,48,Brazoria,,12.586690851864871,1,
48041,48,Brazos,,9.981067660280216,1,
48043,48,Brewster,,8.560380436789224,1,
48045,48,Briscoe,,3.7095101500144994,1,
48047,48,Brooks,,14.23043061573411,1,
48049,48,Brown,,6.58535891007332,1,
48051,48,Burleson,,9.850018323535897,1,
48053,48,Burnet,,8.367951407839955,1,
48055,48,Caldwell,,10.031247548136122,1,
48057,48,Calhoun,,13.02410699251837,1,
48059,48,Callahan,,5.930310175902123,1,
48061,48,Cameron,,15.91031386482838,1,
48063,48,Camp,,7.056593643511504,1,
48065,48,Carson,,2.310142131043274,1,
48067,48,Cass,,6.8390761675927285,1,
48069,48,Castro,,2.108731597763439,1,
48071,48,Chambers,,12.082770266946927,1,
48073,48,Cherokee,,8.233225683041661,1,
48075,48,Childress,,3.870304757773536,1,
48077,48,Clay,,5.185251387328479,1,
48079,48,Cochran,,3.3668797314495125,1,
48081,48,Coke,,6.045749730933994,1,
48083,48,Coleman,,6.728280873832593,1,
48085,48,Collin,,6.823582607968595,1,
48087,48,Collingsworth,,3.223570011134695,1,
48089,48,Colorado,,11.111344731927835,1,
48091,48,Comal,,9.821246256444006,1,
48093,48,Comanche,,6.884269213086347,1,
48095,48,Concho,,7.153288906727506,1,
48097,48,Cooke,,5.635362340464745,1,
48099,48,Coryell,,8.158329494437062,1,
48101,48,Cottle,,4.468021427715846,1,
48103,48,Crane,,6.952810565628839,1,
48105,48,Crockett,,7.245089182137164,1,
48107,48,Crosby,,3.966708036989565,1,
48109,48,Culberson,,6.250763491487046,1,
48111,48,Dallam,,0.8247815460181548,1,
48113,48,Dallas,,7.666464133899245,1,
48115,48,Dawson,,4.799490332142901,1,
48117,48,Deaf Smith,,2.0105144201643124,1,
48119,48,Delta,,6.658506508087674,1,
48121,48,Denton,,6.889001882357584,1,
48123,48,DeWitt,,11.503647855902612,1,
48125,48,Dickens,,4.5585278783459,1,
48127,48,Dimmit,,12.239187551875974,1,
48129,48,Donley,,3.2260017584475515,1,
48131,48,Duval,,13.488365700671586,1,
48133,48,Eastland,,5.928754406205553,1,
48135,48,Ector,,6.360038739966782,1,
48137,48,Edwards,,8.827520686595438,1,
48139,48,Ellis,,7.556393196312163,1,
48141,48,El Paso,,7.265424640797161,1,
48143,48,Erath,,6.7168183615722805,1,
48145,48,Falls,,8.543439077053158,1,
48147,48,Fannin,,5.83656950012466,1,
48149,48,Fayette,,10.66447159337933,1,
48151,48,Fisher,,5.54556309080811,1,
48153,48,Floyd,,3.3102459373996833,1,
48155,48,Foard,,4.518917583507826,1,
48157,48,Fort Bend,,12.083755893552915,1,
48159,48,Franklin,,6.875787963889952,1,
48161,48,Freestone,,8.31357830612394,1,
48163,48,Frio,,12.11396796197031,1,
48165,48,Gaines,,4.884239521628592,1,
48167,48,Galveston,,12.707504595685549,1,
48169,48,Garza,,4.918495892230998,1,
48171,48,Gillespie,,8.460670377535141,1,
48173,48,Glasscock,,5.95931204437937,1,
48175,48,Goliad,,12.24260874430592,1,
48177,48,Gonzales,,10.868178299063999,1,
48179,48,Gray,,2.205077330843214,1,
48181,48,Grayson,,5.863765311300154,1,
48183,48,Gregg,,7.472296372144049,1,
48185,48,Grimes,,10.25609355422943,1,
48187,48,Guadalupe,,10.44122138023757,1,
48189,48,Hale,,2.984661123866341,1,
48191,48,Hall,,4.267490420959702,1,
48193,48,Hamilton,,7.529737699419637,1,
48195,48,Hansford,,1.2419690350511852,1,
48197,48,Hardeman,,3.8908176626643,1,
48199,48,Hardin,,10.883465214967682,1,
48201,48,Harris,,11.90193359722125,1,
48203,48,Harrison,,7.370944740291283,1,
48205,48,Hartley,,1.257892334905872,1,
48207,48,Haskell,,5.1924438222078875,1,
48209,48,Hays,,9.368834481160642,1,
48211,48,Hemphill,,1.3125143945274789,1,
48213,48,Henderson,,7.609122199688718,1,
48215,48,Hidalgo,,15.447839386526665,1,
48217,48,Hill,,7.67101011382226,1,
48219,48,Hockley,,3.4608632616553954,1,
48221,48,Hood,,6.766531637865,1,
48223,48,Hopkins,,6.79924920442449,1,
48225,48,Houston,,8.858044533645097,1,
48227,48,Howard,,5.857581531459378,1,
48229,48,Hudspeth,,6.338340957010712,1,
48231,48,Hunt,,6.659905460763457,1,
48233,48,Hutchinson,,2.17122612285695,1,
48235,48,Irion,,6.285614204222212,1,
48237,48,Jack,,5.655943583440405,1,
48239,48,Jackson,,12.271743660465663,1,
48241,48,Jasper,,10.273262592611808,1,
48243,48,Jeff Davis,,6.522311021135716,1,
48245,48,Jefferson,,11.80917658578122,1,
48247,48,Jim Hogg,,13.909028969792978,1,
48249,48,Jim Wells,,13.948003591503833,1,
48251,48,Johnson,,7.269444177727944,1,
48253,48,Jones,,5.5748706316611045,1,
48255,48,Karnes,,11.602489691573853,1,
48257,48,Kaufman,,7.15998850392718,1,
48259,48,Kendall,,8.996150463580811,1,
48261,48,Kenedy,,14.53367802133624,1,
48263,48,Kent,,4.9273791901537285,1,
48265,48,Kerr,,8.426937371062406,1,
48267,48,Kimble,,7.956480233982835,1,
48269,48,King,,4.888817973690267,1,
48271,48,Kinney,,10.69693141297404,1,
48273,48,Kleberg,,14.180529525369664,1,
48275,48,Knox,,5.017124816436921,1,
48277,48,Lamar,,5.828270876606512,1,
48279,48,Lamb,,2.692700704039725,1,
48281,48,Lampasas,,7.843211219003235,1,
48283,48,La Salle,,12.548673766036073,1,
48285,48,Lavaca,,11.524868469581229,1,
48287,48,Lee,,9.915434741618698,1,
48289,48,Leon,,8.701496541374235,1,
48291,48,Liberty,,11.07652872624735,1,
48293,48,Limestone,,8.40625193507657,1,
48295,48,Lipscomb,,0.7676864739699129,1,
48297,48,Live Oak,,12.744478382543223,1,
48299,48,Llano,,8.4485051578475,1,
48301,48,Loving,,6.407687645011535,1,
48303,48,Lubbock,,3.844579489406098,1,
48305,48,Lynn,,4.295750136332951,1,
48307,48,McCulloch,,7.655746061566301,1,
48309,48,McLennan,,8.14532789434761,1,
48311,48,McMullen,,12.351953756421059,1,
48313,48,Madison,,9.509175455097088,1,
48315,48,Marion,,7.133752912820734,1,
48317,48,Martin,,6.038987783302916,1,
48319,48,Mason,,8.1938014116288,1,
48321,48,Matagorda,,12.519529286177292,1,
48323,48,Maverick,,11.790934957217754,1,
48325,48,Medina,,11.029953122687939,1,
48327,48,Menard,,6.9760816705692354,1,
48329,48,Midland,,6.3762066160453745,1,
48331,48,Milam,,9.222772058119704,1,
48333,48,Mills,,7.371294401285728,1,
48335,48,Mitchell,,5.923102800590719,1,
48337,48,Montague,,5.478931076783326,1,
48339,48,Montgomery,,10.720308326015115,1,
48341,48,Moore,,1.7112280085657865,1,
48343,48,Morris,,6.957627912496641,1,
48345,48,Motley,,4.534369828359808,1,
48347,48,Nacogdoches,,8.508449852310205,1,
48349,48,Navarro,,7.839296758759103,1,
48351,48,Newton,,10.008944572804138,1,
48353,48,Nolan,,5.555491129613894,1,
48355,48,Nueces,,14.243066961148488,1,
48357,48,Ochiltree,,1.0211810709811275,1,
48359,48,Oldham,,1.8827979907334547,1,
48361,48,Orange,,11.324675974506825,1,
48363,48,Palo Pinto,,6.5876418303152935,1,
48365,48,Panola,,7.872859246392409,1,
48367,48,Parker,,6.6372380306707806,1,
48369,48,Parmer,,2.2833393645532984,1,
48371,48,Pecos,,7.653473778088379,1,
48373,48,Polk,,10.05563764931403,1,
48375,48,Potter,,2.237407998099259,1,
48377,48,Presidio,,7.684202325583077,1,
48379,48,Rains,,6.794830589609435,1,
48381,48,Randall,,2.2269886864772475,1,
48383,48,Reagan,,6.171363072651939,1,
48385,48,Real,,8.77167275860333,1,
48387,48,Red River,,5.903735553453409,1,
48389,48,Reeves,,6.889392527820013,1,
48391,48,Refugio,,12.682754167730709,1,
48393,48,Roberts,,1.7533300493607493,1,
48395,48,Robertson,,9.202740743076468,1,
48397,48,Rockwall,,7.094684819762228,1,
48399,48,Runnels,,6.385676360677067,1,
48401,48,Rusk,,7.8242969032489835,1,
48403,48,Sabine,,9.151556033717307,1,
48405,48,San Augustine,,9.001910451593249,1,
48407,48,San Jacinto,,10.226899237727318,1,
48409,48,San Patricio,,13.450432133035592,1,
48411,48,San Saba,,7.934013243704008,1,
48413,48,Schleicher,,6.828433476635244,1,
48415,48,Scurry,,5.364212705766819,1,
48417,48,Shackelford,,5.849342910553102,1,
48419,48,Shelby,,8.512887820985348,1,
48421,48,Sherman,,1.1296166896403899,1,
48423,48,Smith,,7.34668652081453,1,
48425,48,Somervell,,6.830628439770378,1,
48427,48,Starr,,14.808681989708965,1,
48429,48,Stephens,,6.03252793431014,1,
48431,48,Sterling,,5.67818107974523,1,
48433,48,Stonewall,,5.146407115189456,1,
48435,48,Sutton,,7.5300505610928,1,
48437,48,Swisher,,2.4374841691811975,1,
48439,48,Tarrant,,7.644571184539768,1,
48441,48,Taylor,,5.710110348740783,1,
48443,48,Terrell,,8.611285655001817,1,
48445,48,Terry,,4.016019980524513,1,
48447,48,Throckmorton,,5.388309803006833,1,
48449,48,Titus,,6.842710270956473,1,
48451,48,Tom Green,,6.624455442668161,1,
48453,48,Travis,,9.494311952489005,1,
48455,48,Trinity,,9.329004428307108,1,
48457,48,Tyler,,10.264318688116544,1,
48459,48,Upshur,,7.26389363729625,1,
48461,48,Upton,,6.787700105375473,1,
48463,48,Uvalde,,10.471094694106151,1,
48465,48,Val Verde,,9.360123363052846,1,
48467,48,Van Zandt,,7.0379528995948295,1,
48469,48,Victoria,,12.304742420649134,1,
48471,48,Walker,,9.969780935959182,1,
48473,48,Waller,,10.890724943827397,1,
48475,48,Ward,,6.56674785508062,1,
48477,48,Washington,,10.470987031729956,1,
48479,48,Webb,,13.27412869945439,1,
48481,48,Wharton,,12.016124545714558,1,
48483,48,Wheeler,,2.274663052461691,1,
48485,48,Wichita,,5.086411674970955,1,
48487,48,Wilbarger,,4.558777707191593,1,
48489,48,Willacy,,15.39217890991612,1,
48491,48,Williamson,,8.754547560017881,1,
48493,48,Wilson,,11.267386697619402,1,
48495,48,Winkler,,6.224679535868162,1,
48497,48,Wise,,6.466045792778557,1,
48499,48,Wood,,6.831835182395462,1,
48501,48,Yoakum,,3.873559369378727,1,
48503,48,Young,,5.5838110396102705,1,
48505,48,Zapata,,14.374178634581044,1,
48507,48,Zavala,,11.819159802082916,1,
49001,49,Beaver,,-1.2693900000575393,1,
49003,49,Box Elder,,-2.1032076460483635,1,
49005,49,Cache,,-4.207208526815761,1,
49007,49,Carbon,,-3.948804759192581,1,
49009,49,Daggett,,-5.198192358632036,1,
49011,49,Davis,,-0.43727037955781084,1,
49013,49,Duchesne,,-5.86919847139281,1,
49015,49,Emery,,-2.3445418673603204,1,
49017,49,Garfield,,-1.7110072832482641,1,
49019,49,Grand,,-1.9339203844856967,1,
49021,49,Iron,,-1.2327119266788065,1,
49023,49,Juab,,-1.9098940900858383,1,
49025,49,Kane,,0.35606728935335513,1,
49027,49,Millard,,-1.3101767689939612,1,
49029,49,Morgan,,-3.993898636318216,1,
49031,49,Piute,,-3.6088197376815705,1,
49033,49,Rich,,-5.923806973021845,1,
49035,49,Salt Lake,,-1.0652604119149145,1,
49037,49,San Juan,,-0.07893491417530529,1,
49039,49,Sanpete,,-4.389741968766947,1,
49041,49,Sevier,,-3.3293948824018798,1,
49043,49,Summit,,-6.199312194143347,1,
49045,49,Tooele,,-1.09246314103803,1,
49047,49,Uintah,,-5.389921692889796,1,
49049,49,Utah,,-2.5346067947334245,1,
49051,49,Wasatch,,-5.1639989643068755,1,
49053,49,Washington,,2.9273528850627857,1,
49055,49,Wayne,,-1.6612619962857045,1,
49057,49,Weber,,-2.454297402294713,1,
50001,50,Addison,,-5.008115677521757,1,
50003,50,Bennington,,-4.995536240243025,1,
50005,50,Caledonia,,-6.754089852315932,1,
50007,50,Chittenden,,-4.583820706160193,1,
50009,50,Essex,,-7.328014387220003,1,
50011,50,Franklin,,-5.572446987143684,1,
50013,50,Grand Isle,,-4.378707894582443,1,
50015,50,Lamoille,,-6.350663252140861,1,
50017,50,Orange,,-5.648433780974289,1,
50019,50,Orleans,,-7.036061051551449,1,
50021,50,Rutland,,-4.695103969150787,1,
50023,50,Washington,,-5.926499079654901,1,
50025,50,Windham,,-4.360241274322943,1,
50027,50,Windsor,,-4.8479618889757,1,
51001,51,Accomack,,4.579706045145147,1,
51003,51,Albemarle,,2.80833241340992,1,
51005,51,Alleghany,,0.8843600617431497,1,
51007,51,Amelia,,3.2553344945254916,1,
51009,51,Amherst,,2.546681182828171,1,
51011,51,Appomattox,,2.9229483760847694,1,
51013,51,Arlington,,3.081993177245805,1,
51015,51,Augusta,,0.8420899220677618,1,
51017,51,Bath,,0.15724710058175123,1,
51019,51,Bedford,,2.8388442298170418,1,
51021,51,Bland,,0.5831786829635449,1,
51023,51,Botetourt,,2.2217679789290923,1,
51025,51,Brunswick,,3.9546561008576,1,
51027,51,Buchanan,,1.464930520708703,1,
51029,51,Buckingham,,3.0544095451472564,1,
51031,51,Campbell,,3.2182015755034072,1,
51033,51,Caroline,,3.3972772688357087,1,
51035,51,Carroll,,1.800909097797508,1,
51036,51,Charles City,,3.9893394035526715,1,
51037,51,Charlotte,,3.447235249714457,1,
51041,51,Chesterfield,,3.4600179881698288,1,
51043,51,Clarke,,1.175973488465024,1,
51045,51,Craig,,1.3552291663726102,1,
51047,51,Culpeper,,2.499237358651505,1,
51049,51,Cumberland,,3.1008777761791886,1,
51051,51,Dickenson,,1.2677929555446246,1,
51053,51,Dinwiddie,,3.6692379217992954,1,
51057,51,Essex,,3.722428386462511,1,
51059,51,Fairfax,,2.6644218135145246,1,
51061,51,Fauquier,,2.080029621088724,1,
51063,51,Floyd,,1.2126690201783294,1,
51065,51,Fluvanna,,2.825025978691164,1,
51067,51,Franklin,,2.6699153439184857,1,
51069,51,Frederick,,0.7791991906769049,1,
51071,51,Giles,,0.5289860076999138,1,
51073,51,Gloucester,,4.501823447611647,1,
51075,51,Goochland,,2.953889107078578,1,
51077,51,Grayson,,0.9113924641379252,1,
51079,51,Greene,,2.2712708562141803,1,
51081,51,Greensville,,4.2168754195458735,1,
51083,51,Halifax,,3.7077823581554723,1,
51085,51,Hanover,,3.3900188948293386,1,
51087,51,Henrico,,3.6433804477625142,1,
51089,51,Henry,,3.129001011225844,1,
51091,51,Highland,,-1.475888465832226,1,
51093,51,Isle of Wight,,4.88407118761082,1,
51095,51,James City,,4.573540307653293,1,
51097,51,King and Queen,,3.7661351084884322,1,
51099,51,King George,,3.5349059764248327,1,
51101,51,King William,,3.7682065627259798,1,
51103,51,Lancaster,,4.266274309375518,1,
51105,51,Lee,,2.261710626795818,1,
51107,51,Loudoun,,1.6497394454783296,1,
51109,51,Louisa,,2.526488858822546,1,
51111,51,Lunenburg,,3.5694054054446895,1,
51113,51,Madison,,1.859268345747026,1,
51115,51,Mathews,,4.788649910242207,1,
51117,51,Mecklenburg,,4.169119572859755,1,
51119,51,Middlesex,,4.294375278437551,1,
51121,51,Montgomery,,1.4575532181149988,1,
51125,51,Nelson,,2.506393229309304,1,
51127,51,New Kent,,3.748808682059154,1,
51131,51,Northampton,,5.151359705822891,1,
51133,51,Northumberland,,4.274881224541046,1,
51135,51,Nottoway,,3.286310865525751,1,
51137,51,Orange,,2.4465643072976793,1,
51139,51,Page,,1.3071269092185618,1,
51141,51,Patrick,,2.9194906521633532,1,
51143,51,Pittsylvania,,3.190086633721155,1,
51145,51,Powhatan,,3.1688231859819123,1,
51147,51,Prince Edward,,3.246882888203914,1,
51149,51,Prince George,,3.9530939321472505,1,
51153,51,Prince William,,2.5214670332256337,1,
51155,51,Pulaski,,1.247877857894377,1,
51157,51,Rappahannock,,1.6485957851096227,1,
51159,51,Richmond,,3.857788331782232,1,
51161,51,Roanoke,,2.113576834133188,1,
51163,51,Rockbridge,,1.466341370124507,1,
51165,51,Rockingham,,0.8407093785749508,1,
51167,51,Russell,,1.5461486632670636,1,
51169,51,Scott,,2.5306919704568696,1,
51171,51,Shenandoah,,0.922827398817402,1,
51173,51,Smyth,,1.051540845298151,1,
51175,51,Southampton,,4.501583191124268,1,
51177,51,Spotsylvania,,2.823853798768923,1,
51179,51,Stafford,,2.9792347058317894,1,
51181,51,Surry,,4.50294587888975,1,
51183,51,Sussex,,4.19538336440667,1,
51185,51,Tazewell,,0.6693556052573875,1,
51187,51,Warren,,1.4896564937420291,1,
51191,51,Washington,,1.982698917585871,1,
51193,51,Westmoreland,,3.8691865550981213,1,
51195,51,Wise,,1.4266407204794456,1,
51197,51,Wythe,,1.1463882764644833,1,
51199,51,York,,4.913163330564604,1,
51510,51,Alexandria,,3.2903009351041885,1,
51520,51,Bristol,,3.039172096110884,1,
51530,51,Buena Vista,,2.176348189757019,1,
51540,51,Charlottesville,,3.063785415626222,1,
51550,51,Chesapeake,,5.330225884703986,1,
51570,51,Colonial Heights,,3.799340678160691,1,
51580,51,Covington,,1.4913616758394947,1,
51590,51,Danville,,3.901495071127712,1,
51595,51,Emporia,,4.150587963145686,1,
51600,51,Fairfax,,2.3344309350843906,1,
51610,51,Falls Church,,2.7006567669834043,1,
51620,51,Franklin,,4.4939608182986905,1,
51630,51,Fredericksburg,,3.138003713423987,1,
51640,51,Galax,,1.4918284390650902,1,
51650,51,Hampton,,5.701867234574704,1,
51660,51,Harrisonburg,,1.2500791087871157,1,
51670,51,Hopewell,,3.977126235934727,1,
51678,51,Lexington,,2.0087604400101635,1,
51680,51,Lynchburg,,3.2312726276690404,1,
51683,51,Manassas,,2.4281497763203648,1,
51685,51,Manassas Park,,2.4937259833793552,1,
51690,51,Martinsville,,2.9741719677345517,1,
51700,51,Newport News,,5.072733262186387,1,
51710,51,Norfolk,,6.075409227116322,1,
51720,51,Norton,,1.2187701517448426,1,
51730,51,Petersburg,,3.683782917652331,1,
51735,51,Poquoson,,5.358655374801096,1,
51740,51,Portsmouth,,5.824583355294975,1,
51750,51,Radford,,1.3061024788959976,1,
51760,51,Richmond,,3.5367987483998906,1,
51770,51,Roanoke,,3.4487877023512263,1,
51775,51,Salem,,3.2163925519314995,1,
51790,51,Staunton,,1.5593047914151525,1,
51800,51,Suffolk,,5.0824734246429735,1,
51810,51,Virginia Beach,,6.3127040285950216,1,
51820,51,Waynesboro,,1.6078927869570454,1,
51830,51,Williamsburg,,5.01545916229316,1,
51840,51,Winchester,,0.921049458449271,1,
53001,53,Adams,,0.6658424275292197,1,
53003,53,Asotin,,0.4622529899465418,1,
53005,53,Benton,,2.196571045327974,1,
53007,53,Chelan,,-2.8477712341447186,1,
53009,53,Clallam,,3.8221971758516338,1,
53011,53,Clark,,4.324182973463878,1,
53013,53,Columbia,,0.5497850964356161,1,
53015,53,Cowlitz,,3.5547900558810177,1,
53017,53,Douglas,,-1.461393394859096,1,
53019,53,Ferry,,-2.8637078466245307,1,
53021,53,Franklin,,1.7831211258144404,1,
53023,53,Garfield,,0.8865737358819706,1,
53025,53,Grant,,0.6720446402145167,1,
53027,53,Grays Harbor,,4.968043169149201,1,
53029,53,Island,,5.420229746659228,1,
53031,53,Jefferson,,2.9763265092993216,1,
53033,53,King,,2.786345083258726,1,
53035,53,Kitsap,,5.410228537206917,1,
53037,53,Kittitas,,-0.9768146838127804,1,
53039,53,Klickitat,,1.3966010243634708,1,
53041,53,Lewis,,2.7569288511419545,1,
53043,53,Lincoln,,-0.7025494094612067,1,
53045,53,Mason,,4.180497582679323,1,
53047,53,Okanogan,,-3.5243541734838484,1,
53049,53,Pacific,,5.3284447501120065,1,
53051,53,Pend Oreille,,-3.540168690576919,1,
53053,53,Pierce,,2.5294047015514725,1,
53055,53,San Juan,,5.573736929361612,1,
53057,53,Skagit,,1.3112087459364363,1,
53059,53,Skamania,,0.5975153678834251,1,
53061,53,Snohomish,,1.7504433647710989,1,
53063,53,Spokane,,-0.5518637919250573,1,
53065,53,Stevens,,-2.140101091392349,1,
53067,53,Thurston,,4.895015431906305,1,
53069,53,Wahkiakum,,4.868177345739615,1,
53071,53,Walla Walla,,2.0943285932052786,1,
53073,53,Whatcom,,-0.00649969025765071,1,
53075,53,Whitman,,0.8103368070083954,1,
53077,53,Yakima,,-0.08575750404752627,1,
54001,54,Barbour,,-0.061684743260462284,1,
54003,54,Berkeley,,0.8753888399606393,1,
54005,54,Boone,,1.512045525694877,1,
54007,54,Braxton,,0.5255845216931797,1,
54009,54,Brooke,,-0.5794457911310179,1,
54011,54,Cabell,,1.542807004670464,1,
54013,54,Calhoun,,0.27815692552839044,1,
54015,54,Clay,,0.6299266858112692,1,
54017,54,Doddridge,,0.3339197627145679,1,
54019,54,Fayette,,0.06618058806267765,1,
54021,54,Gilmer,,0.4653676807563116,1,
54023,54,Grant,,-0.5445063204797083,1,
54025,54,Greenbrier,,-0.6714543430828344,1,
54027,54,Hampshire,,0.19645854601411702,1,
54029,54,Hancock,,-0.6087054342753785,1,
54031,54,Hardy,,0.022622261611457223,1,
54033,54,Harrison,,0.4381021362865228,1,
54035,54,Jackson,,0.7806866055297582,1,
54037,54,Jefferson,,1.1317820005071186,1,
54039,54,Kanawha,,1.2011406264993236,1,
54041,54,Lewis,,0.5003806420638093,1,
54043,54,Lincoln,,1.5809436208184413,1,
54045,54,Logan,,1.8372985721409596,1,
54047,54,McDowell,,1.4376840533135022,1,
54049,54,Marion,,0.10804301136555752,1,
54051,54,Marshall,,-0.7216382125055782,1,
54053,54,Mason,,0.9692889402701019,1,
54055,54,Mercer,,0.7020344426450186,1,
54057,54,Mineral,,-0.3909088844489843,1,
54059,54,Mingo,,1.857459790394819,1,
54061,54,Monongalia,,-0.0721210874766419,1,
54063,54,Monroe,,0.4199013189681605,1,
54065,54,Morgan,,0.49596821745747993,1,
54067,54,Nicholas,,-0.6361562348526897,1,
54069,54,Ohio,,-0.6900350370529297,1,
54071,54,Pendleton,,-0.8519609846269661,1,
54073,54,Pleasants,,0.3051951671431556,1,
54075,54,Pocahontas,,-2.168922837171822,1,
54077,54,Preston,,-1.2382591315080325,1,
54079,54,Putnam,,1.2561401042879814,1,
54081,54,Raleigh,,0.07191273553341612,1,
54083,54,Randolph,,-2.2946379971495787,1,
54085,54,Ritchie,,0.38553444213539306,1,
54087,54,Roane,,0.5311275645977784,1,
54089,54,Summers,,0.3769081747535304,1,
54091,54,Taylor,,0.25203000747685195,1,
54093,54,Tucker,,-2.049076862255655,1,
54095,54,Tyler,,0.07218566007299805,1,
54097,54,Upshur,,-0.06514840342822162,1,
54099,54,Wayne,,1.4862315098267576,1,
54101,54,Webster,,-0.9235526362540292,1,
54103,54,Wetzel,,-0.27167327479073367,1,
54105,54,Wirt,,0.39516881321802233,1,
54107,54,Wood,,0.5169204819094111,1,
54109,54,Wyoming,,1.2687175514742908,1,
55001,55,Adams,,-7.2033348931158745,1,
55003,55,Ashland,,-8.313633713567647,1,
55005,55,Barron,,-9.05252613813005,1,
55007,55,Bayfield,,-8.719770786741597,1,
55009,55,Brown,,-6.0147474298958326,1,
55011,55,Buffalo,,-7.547020452667258,1,
55013,55,Burnett,,-9.231706227437682,1,
55015,55,Calumet,,-6.1276529156581105,1,
55017,55,Chippewa,,-8.163731731277222,1,
55019,55,Clark,,-8.15791776252024,1,
55021,55,Columbia,,-6.681051825938643,1,
55023,55,Crawford,,-6.820930128278388,1,
55025,55,Dane,,-6.442281676405174,1,
55027,55,Dodge,,-6.707741362722884,1,
55029,55,Door,,-5.180474346527781,1,
55031,55,Douglas,,-9.261770829360088,1,
55033,55,Dunn,,-8.335323455604284,1,
55035,55,Eau Claire,,-7.949603682946353,1,
55037,55,Florence,,-8.552405197059013,1,
55039,55,Fond du Lac,,-6.365307959243747,1,
55041,55,Forest,,-8.41735831724167,1,
55043,55,Grant,,-6.620409572772309,1,
55045,55,Green,,-6.3260674394277014,1,
55047,55,Green Lake,,-6.800701577361158,1,
55049,55,Iowa,,-6.61863231669719,1,
55051,55,Iron,,-9.35210017448687,1,
55053,55,Jackson,,-7.890201848096856,1,
55055,55,Jefferson,,-6.272047906980141,1,
55057,55,Juneau,,-7.175056130134094,1,
55059,55,Kenosha,,-4.731176425883025,1,
55061,55,Kewaunee,,-5.6981146338147255,1,
55063,55,La Crosse,,-6.85112982731659,1,
55065,55,Lafayette,,-6.649749586619007,1,
55067,55,Langlade,,-8.717577310503279,1,
55069,55,Lincoln,,-9.26529159086718,1,
55071,55,Manitowoc,,-5.691115526213573,1,
55073,55,Marathon,,-8.34455308687172,1,
55075,55,Marinette,,-7.0330171367290255,1,
55077,55,Marquette,,-6.895393393408992,1,
55078,55,Menominee,,-7.5920443951516035,1,
55079,55,Milwaukee,,-4.31747483961511,1,
55081,55,Monroe,,-7.553688229628832,1,
55083,55,Oconto,,-6.925690350227022,1,
55085,55,Oneida,,-9.243853326753955,1,
55087,55,Outagamie,,-6.156782606844514,1,
55089,55,Ozaukee,,-5.147934046172587,1,
55091,55,Pepin,,-7.771299055458529,1,
55093,55,Pierce,,-8.440818833486402,1,
55095,55,Polk,,-8.899861986631185,1,
55097,55,Portage,,-7.611200778193354,1,
55099,55,Price,,-9.479912634954871,1,
55101,55,Racine,,-5.01239587184249,1,
55103,55,Richland,,-7.244059068538389,1,
55105,55,Rock,,-6.0783396465834585,1,
55107,55,Rusk,,-8.707842465766491,1,
55109,55,St. Croix,,-8.769675395267523,1,
55111,55,Sauk,,-7.074219767000857,1,
55113,55,Sawyer,,-9.328445998391802,1,
55115,55,Shawano,,-7.2319510880100415,1,
55117,55,Sheboygan,,-5.638306618159153,1,
55119,55,Taylor,,-9.038874764856116,1,
55121,55,Trempealeau,,-7.628733333978944,1,
55123,55,Vernon,,-7.446722849531478,1,
55125,55,Vilas,,-9.162650604503407,1,
55127,55,Walworth,,-5.577115860359859,1,
55129,55,Washburn,,-9.30858963161739,1,
55131,55,Washington,,-6.3552894687121855,1,
55133,55,Waukesha,,-5.87119644190148,1,
55135,55,Waupaca,,-6.532736956483934,1,
55137,55,Waushara,,-7.041157786354281,1,
55139,55,Winnebago,,-6.224298227312698,1,
55141,55,Wood,,-7.548489145537025,1,
56001,56,Albany,,-6.517797379996098,1,
56003,56,Big Horn,,-5.584118464384753,1,
56005,56,Campbell,,-4.174523334921025,1,
56007,56,Carbon,,-6.428097668869016,1,
56009,56,Converse,,-4.834682091679015,1,
56011,56,Crook,,-4.469711335525108,1,
56013,56,Fremont,,-6.566540850135314,1,
56015,56,Goshen,,-3.2434352783048706,1,
56017,56,Hot Springs,,-5.370041688771767,1,
56019,56,Johnson,,-4.887009225729018,1,
56021,56,Laramie,,-2.8281044697737228,1,
56023,56,Lincoln,,-7.515522499876158,1,
56025,56,Natrona,,-5.3555129679632625,1,
56027,56,Niobrara,,-4.518136664559577,1,
56029,56,Park,,-7.211649989269339,1,
56031,56,Platte,,-3.0120908801167428,1,
56033,56,Sheridan,,-4.8383699504078415,1,
56035,56,Sublette,,-9.29840603106725,1,
56037,56,Sweetwater,,-6.369703661032657,1,
56039,56,Teton,,-9.142587281097414,1,
56041,56,Uinta,,-5.588412885070086,1,
56043,56,Washakie,,-5.378758200473615,1,
56045,56,Weston,,-4.765386299628366,1,
