geoid,state_fips,county_fips,county_name,year,month,n_days,ppt_total,tmean_mean,tmin_mean,tmax_mean,dataset_types
17001,17,001,Adams,2020,1,31,75.40899094514685,-0.9968483112043166,-4.79293398594132,2.799133656713777,AN81
17001,17,001,Adams,2020,2,29,40.42373512563983,-0.967810596218484,-5.643788011134554,3.708147053157399,AN81
17001,17,001,Adams,2020,3,31,100.4497755187916,6.902849495420228,2.2577370917019532,11.54806012102108,AN81
17001,17,001,Adams,2020,4,30,103.85431321069183,10.215476052469972,4.217125286656849,16.213929919881227,AN81
17001,17,001,Adams,2020,5,31,131.68929877314582,16.083000998023405,11.421331842733657,20.744770882521134,AN81
17001,17,001,Adams,2020,6,30,180.7322854190307,23.589133997956296,18.230276011190693,28.948094671861863,AN81
17001,17,001,Adams,2020,7,31,143.3841061495006,25.415991892157045,20.565754978374716,30.266332768429855,AN81
17001,17,001,Adams,2020,8,31,27.111073788353963,23.00896424410356,17.342500462618407,28.675529512180777,AN81
17001,17,001,Adams,2020,9,30,79.28670387265026,18.333333332862438,12.557804303297111,24.10896344540548,AN81
17001,17,001,Adams,2020,10,31,31.620466859224475,10.526704373954999,4.982335630797194,16.071170461417076,AN81
17001,17,001,Adams,2020,11,30,62.02799409023314,8.027262531561615,2.1665136187304186,13.888103703229273,AN81
17001,17,001,Adams,2020,12,31,51.58990858958849,0.3912128097971467,-4.630027407761733,5.412436621172962,"AN81,AN91"
17001,17,001,Adams,2021,1,31,50.94829692757235,-1.5018726222660712,-4.749237101987348,1.7797714214314833,AN91
17001,17,001,Adams,2021,2,28,28.52556224156683,-7.100635300362007,-11.492451607476582,-2.7523817985469954,AN91
17001,17,001,Adams,2021,3,31,123.92239679812147,8.01083126739869,2.59130966430699,13.448475329614679,AN91
17001,17,001,Adams,2021,4,30,153.3835408998366,11.806213078766039,6.15319077698324,17.35120370647456,AN91
17001,17,001,Adams,2021,5,31,135.3813583469243,16.146714185204043,11.513267177734981,20.734935464641794,AN91
17001,17,001,Adams,2021,6,30,194.76613978836207,23.80065587456015,18.436200055714515,29.12994037192622,AN91
17001,17,001,Adams,2021,7,31,186.2637872137321,24.031893289468403,19.310906082198557,28.753021255033396,AN91
17001,17,001,Adams,2021,8,31,92.23103583349436,24.32890202657404,19.075662156262233,29.58228389463586,AN91
17001,17,001,Adams,2021,9,30,37.88228799411767,21.229301464230954,14.542324939408138,27.916422965577105,AN91
17001,17,001,Adams,2021,10,31,228.81623282231232,14.879562838692205,10.190067692557905,19.569198313311077,AN91
17001,17,001,Adams,2021,11,30,21.016838112085484,5.520973329887369,-0.27440040564863166,11.3164460320149,AN91
17001,17,001,Adams,2021,12,31,30.072429799775414,4.148140726939902,-1.5640468491904678,9.860390117551265,AN91
17003,17,003,Alexander,2020,1,31,161.7839423484521,3.8439311077938396,-0.038551603244054655,7.727114688468163,AN81
17003,17,003,Alexander,2020,2,29,143.3548629178893,4.152532802466596,-0.1003255464233945,8.405456905656825,AN81
17003,17,003,Alexander,2020,3,31,183.10236809611396,11.130838248073964,6.358324784006305,15.903450505623876,AN81
17003,17,003,Alexander,2020,4,30,79.3450736121905,12.850919303141227,7.098975158206015,18.6029640165598,AN81
17003,17,003,Alexander,2020,5,31,133.4660654050789,18.59701851195505,13.587597660744608,23.606541976839093,AN81
17003,17,003,Alexander,2020,6,30,148.05730443534506,24.770441823077057,19.42850938435685,30.112474343475768,AN81
17003,17,003,Alexander,2020,7,31,103.63344720697262,27.289937243104212,22.202206472455178,32.377768083168,AN81
17003,17,003,Alexander,2020,8,31,125.08003881340875,24.12746222460908,19.142380549389664,29.112646780517633,AN81
17003,17,003,Alexander,2020,9,30,71.3593447291563,20.703730609868515,15.031410347228354,26.37615076377322,AN81
17003,17,003,Alexander,2020,10,31,175.1558546945427,13.500688906356817,7.2506545261728,19.750821667020663,AN81
17003,17,003,Alexander,2020,11,30,60.76743367079223,10.347684027541202,4.275828459434205,16.419636230287175,AN81
17003,17,003,Alexander,2020,12,31,81.21522053789408,3.59162621196537,-1.4189954121037713,8.602335197970117,"AN81,AN91"
17003,17,003,Alexander,2021,1,31,78.30986733938398,2.4372905838277013,-1.4602840231320093,6.330564714243601,AN91
17003,17,003,Alexander,2021,2,28,98.79592673927436,-1.8790809255814114,-6.484685191498147,2.8114792201386796,AN91
17003,17,003,Alexander,2021,3,31,146.56051623387003,11.10643694525626,5.336845843160992,16.801116362331932,AN91
17003,17,003,Alexander,2021,4,30,131.53148988730462,14.160066051160447,8.473244839222177,19.96468622440853,AN91
17003,17,003,Alexander,2021,5,31,100.17392759875585,18.578964073299236,13.204367753814095,23.973874300454096,AN91
17003,17,003,Alexander,2021,6,30,94.79778518088433,25.06688666855825,20.03800405057441,30.114810686238496,AN91
17003,17,003,Alexander,2021,7,31,150.16880968562302,25.705231179815456,20.682734893814818,30.727867424930913,AN91
17003,17,003,Alexander,2021,8,31,103.84113968157425,25.66786213432096,20.602254613059294,30.733608597730672,AN91
17003,17,003,Alexander,2021,9,30,56.635393748431966,22.024174840927383,15.855109343275295,28.193384128578934,AN91
17003,17,003,Alexander,2021,10,31,110.7087059985166,17.55197461947446,11.881191464891518,23.22289694409378,AN91
17003,17,003,Alexander,2021,11,30,62.088318280437775,7.270631182478189,0.8204769926136632,13.7209141507448,AN91
17003,17,003,Alexander,2021,12,31,173.03513954681438,9.481316569053849,4.217290675920493,14.745474649105146,AN91
17005,17,005,Bond,2020,1,31,182.0933256053505,1.1182783282767361,-2.7394124810271525,4.976253583496075,AN81
17005,17,005,Bond,2020,2,29,73.09147266563107,1.3270459209734582,-3.028872124737069,5.6830006841912715,AN81
17005,17,005,Bond,2020,3,31,109.62479844083036,8.147685368737179,3.3622407462674455,12.933227124456248,AN81
17005,17,005,Bond,2020,4,30,133.91111966482532,10.870533174678563,4.767028725337771,16.974137478902225,AN81
17005,17,005,Bond,2020,5,31,115.79188996725463,17.10040891747856,12.03173094196269,22.169184658892018,AN81
17005,17,005,Bond,2020,6,30,104.97357760276998,24.12497548647368,18.28926089436963,29.960788990989894,AN81
17005,17,005,Bond,2020,7,31,173.00809213876246,25.766726744590294,20.466626317106694,31.066928224547734,AN81
17005,17,005,Bond,2020,8,31,82.05306088533396,22.96821538746592,17.30412346639119,28.63241030464698,AN81
17005,17,005,Bond,2020,9,30,24.829112415311176,19.312946788066423,12.737880830742855,25.888115191553425,AN81
17005,17,005,Bond,2020,10,31,128.56677107635878,11.951789390589981,5.761382396564949,18.142296771810102,AN81
17005,17,005,Bond,2020,11,30,117.13233537346832,8.738062127623516,3.0078396404296854,14.468380228818514,AN81
17005,17,005,Bond,2020,12,31,49.09170640908784,1.597789429586217,-3.055757454131965,6.255506748413484,"AN81,AN91"
17005,17,005,Bond,2021,1,31,74.15692197667884,-0.17114518585830554,-3.383216510501464,3.191363307827185,AN91
17005,17,005,Bond,2021,2,28,54.81643715684868,-4.390665143029177,-8.717117024145246,0.08206152836088101,AN91
17005,17,005,Bond,2021,3,31,136.7301016263,9.080102454258233,3.5545265107593242,14.986812534068115,AN91
17005,17,005,Bond,2021,4,30,69.72470373678081,12.361463875467186,6.837168321632128,18.14631754883696,AN91
17005,17,005,Bond,2021,5,31,107.69180850872314,17.060962994296577,12.01632907433999,22.317427341975325,AN91
17005,17,005,Bond,2021,6,30,129.7811499012417,24.080380840555218,18.936733845911316,29.439574259675773,AN91
17005,17,005,Bond,2021,7,31,200.9202400550718,23.91076962466273,18.800190586424716,29.021492052450814,AN91
17005,17,005,Bond,2021,8,31,145.91520738813267,25.023538753585882,19.389895175409382,30.657322597185136,AN91
17005,17,005,Bond,2021,9,30,69.81703324491262,21.150752915301005,14.381716773048398,27.919932643377575,AN91
17005,17,005,Bond,2021,10,31,128.70759326316335,15.820846056654004,10.573964933960475,21.067869557082798,AN91
17005,17,005,Bond,2021,11,30,27.161058718739064,5.673576650386457,-0.16492649503732953,11.512185268911725,AN91
17005,17,005,Bond,2021,12,31,79.29824990849805,6.226503995503178,1.281152950972169,11.17195480782664,AN91
17007,17,007,Boone,2020,1,31,61.094925785694166,-2.8969288041151002,-6.502246378307018,0.7077930058258486,AN81
17007,17,007,Boone,2020,2,29,15.859133619272448,-4.003618008918993,-8.576802603317397,0.5695133943503801,AN81
17007,17,007,Boone,2020,3,31,107.63257960690451,3.8353835184529532,-0.6557549169830825,8.326591436359193,AN81
17007,17,007,Boone,2020,4,30,104.58891768026074,7.476446662311711,1.4971299350876055,13.455845562358986,AN81
17007,17,007,Boone,2020,5,31,118.5859886507559,14.273998232780608,8.698692293601601,19.849407596499574,AN81
17007,17,007,Boone,2020,6,30,117.62632969587733,22.029871366961277,15.632986132276924,28.426859458236354,AN81
17007,17,007,Boone,2020,7,31,85.14602725661439,23.908138928177326,18.09684526139557,29.71953100454342,AN81
17007,17,007,Boone,2020,8,31,65.2278804563625,21.939849124587273,15.472619845011373,28.4071807848499,AN81
17007,17,007,Boone,2020,9,30,147.79022809291342,16.2252879629972,10.364595851246403,22.086082810159784,AN81
17007,17,007,Boone,2020,10,31,61.913715727761975,8.114612834947238,2.1903496927907016,14.038974505945083,AN81
17007,17,007,Boone,2020,11,30,51.64552577359973,6.144774304514106,0.6904321345812454,11.599196788236169,AN81
17007,17,007,Boone,2020,12,31,49.94687604930688,-1.9945351420684716,-6.494971325072355,2.5012103029447803,"AN81,AN91"
17007,17,007,Boone,2021,1,31,53.87392951717097,-4.549140967818737,-8.19029539653651,-0.943600797993314,AN91
17007,17,007,Boone,2021,2,28,20.98371611410789,-10.207329668246814,-15.469452612493653,-5.06541714298718,AN91
17007,17,007,Boone,2021,3,31,38.6991579964338,4.395579284418472,-1.2656417302125849,10.192740752747978,AN91
17007,17,007,Boone,2021,4,30,29.933756196947623,10.036691686647778,3.8825162245460563,16.178147563713647,AN91
17007,17,007,Boone,2021,5,31,57.4837758640575,14.824200590222308,8.926966465833656,20.67610060177872,AN91
17007,17,007,Boone,2021,6,30,71.17954981192615,22.78538087777325,16.75998982098733,29.02602536070041,AN91
17007,17,007,Boone,2021,7,31,71.06402787395525,22.04222676232347,16.424105859749194,27.66049050625865,AN91
17007,17,007,Boone,2021,8,31,142.93157822068324,22.951477946010293,16.599994109779097,29.30310389836632,AN91
17007,17,007,Boone,2021,9,30,20.74523963296053,19.044944730669634,11.598841908688447,26.49118929892237,AN91
17007,17,007,Boone,2021,10,31,134.58373683142653,13.413504219266903,8.321934063890845,18.50521217277696,AN91
17007,17,007,Boone,2021,11,30,10.60600522449889,2.4599706814690805,-3.066657255858493,7.986648537572068,AN91
17007,17,007,Boone,2021,12,31,58.00540233570537,0.2690706413342959,-4.071503171526222,4.609645213043082,AN91
17009,17,009,Brown,2020,1,31,92.45634907497589,-0.9524623553312552,-4.817010450496873,2.9119026196171474,AN81
17009,17,009,Brown,2020,2,29,50.92977423345175,-1.0210861345917708,-5.805004446644842,3.762811945265023,AN81
17009,17,009,Brown,2020,3,31,98.9974709640509,6.799337723872493,2.0720759802268574,11.526695824650128,AN81
17009,17,009,Brown,2020,4,30,117.44130394523137,9.994549371872761,3.7225593730937123,16.266641478200867,AN81
17009,17,009,Brown,2020,5,31,119.15061979323359,15.895305677668487,10.9977633926067,20.792951942484972,AN81
17009,17,009,Brown,2020,6,30,101.75794316933005,23.1918525867064,17.54909797440208,28.834709697126375,AN81
17009,17,009,Brown,2020,7,31,157.12295440338178,25.006419697047054,19.886225229518796,30.126710430517168,AN81
17009,17,009,Brown,2020,8,31,17.42660979459995,22.359834012863733,16.2648367272623,28.45492837328147,AN81
17009,17,009,Brown,2020,9,30,82.53968253724167,17.947596975834255,11.521062223659145,24.37423141699408,AN81
17009,17,009,Brown,2020,10,31,40.70665325603463,10.431216424369785,4.474578499070172,16.38795311122523,AN81
17009,17,009,Brown,2020,11,30,63.68789548507748,7.809487646055975,1.6822761866651728,13.936785787258055,AN81
17009,17,009,Brown,2020,12,31,45.76544615977008,0.331592301826248,-4.891504991759153,5.55535816772229,"AN81,AN91"
17009,17,009,Brown,2021,1,31,63.433228301783714,-1.567512606231732,-4.92074486869736,1.8207420091103441,AN91
17009,17,009,Brown,2021,2,28,37.224142760525105,-7.103142749300176,-11.595067310424884,-2.5116230410156684,AN91
17009,17,009,Brown,2021,3,31,129.61001198966613,7.703008972372034,2.0529561285659077,13.52379008281923,AN91
17009,17,009,Brown,2021,4,30,123.97647593915075,11.564968895004421,5.6827702640160025,17.455093554516203,AN91
17009,17,009,Brown,2021,5,31,137.88038908298066,15.967558782673828,10.956465228907946,21.017055433806373,AN91
17009,17,009,Brown,2021,6,30,192.93574080020406,23.40459239515409,17.832298840480227,28.97999771005325,AN91
17009,17,009,Brown,2021,7,31,201.98127696716355,23.4167348666481,18.55748204588028,28.276129377883635,AN91
17009,17,009,Brown,2021,8,31,79.82206155295609,23.887761743784242,18.265445953581082,29.510219545181858,AN91
17009,17,009,Brown,2021,9,30,40.66260135003052,20.68750444872893,13.556695324812852,27.81845555192076,AN91
17009,17,009,Brown,2021,10,31,269.09708018201997,14.742514725340794,9.807077514733695,19.678091836438142,AN91
17009,17,009,Brown,2021,11,30,18.498951988967498,5.213056026933684,-0.8158194879190775,11.242028284755667,AN91
17009,17,009,Brown,2021,12,31,36.460964568236896,4.214488997561296,-1.5263497103313508,9.955392472143066,AN91
17011,17,011,Bureau,2020,1,31,73.86068731652637,-2.3260821653243773,-6.069058850784722,1.4164977754249164,AN81
17011,17,011,Bureau,2020,2,29,17.29537746531659,-2.611189887955704,-7.291972815334322,2.0695421331571175,AN81
17011,17,011,Bureau,2020,3,31,67.10695001360932,4.773654156692829,0.013601034455571825,9.533793773860513,AN81
17011,17,011,Bureau,2020,4,30,91.17489924330918,8.670603938262843,2.3215169396941113,15.019787003815193,AN81
17011,17,011,Bureau,2020,5,31,156.0829461063612,15.052060227796906,9.854380005561863,20.24983994157945,AN81
17011,17,011,Bureau,2020,6,30,85.37039291224157,22.78179355971122,16.641387967593015,28.922299519298587,AN81
17011,17,011,Bureau,2020,7,31,110.80005692073182,24.20816677052811,18.63968811146922,29.776745473515707,AN81
17011,17,011,Bureau,2020,8,31,23.47558546868787,22.189817073239006,15.918611107240919,28.461123611253537,AN81
17011,17,011,Bureau,2020,9,30,159.27152211887767,17.172228838828925,11.127756433188189,23.21680050785735,AN81
17011,17,011,Bureau,2020,10,31,60.024779523955914,9.340543726455614,3.469313891311267,15.211870435399195,AN81
17011,17,011,Bureau,2020,11,30,58.849807904125946,6.630639579070079,0.9031437997580783,12.358219821861914,AN81
17011,17,011,Bureau,2020,12,31,46.76926985899445,-1.2110781194263303,-6.006451954375655,3.587354949285884,"AN81,AN91"
17011,17,011,Bureau,2021,1,31,47.94848848341123,-3.7998184397035453,-7.283027243601815,-0.28539818943628265,AN91
17011,17,011,Bureau,2021,2,28,26.87344955052555,-9.732724111144618,-14.530305474725376,-4.895530391499357,AN91
17011,17,011,Bureau,2021,3,31,57.78413763783256,5.5890666990707265,-0.2750123943942685,11.455006171571805,AN91
17011,17,011,Bureau,2021,4,30,70.41076112761299,10.629107772523993,4.639156713748246,16.65323959501621,AN91
17011,17,011,Bureau,2021,5,31,136.52398478944568,15.328477579468188,10.02083079193571,20.763131653150904,AN91
17011,17,011,Bureau,2021,6,30,140.69533480570453,23.318813203173356,17.717333902707487,29.141856365921896,AN91
17011,17,011,Bureau,2021,7,31,109.1947083963665,22.806229570946815,17.91036185954011,27.70223898719648,AN91
17011,17,011,Bureau,2021,8,31,77.07908972254256,23.559493485938642,17.640815655238292,29.478315287511943,AN91
17011,17,011,Bureau,2021,9,30,19.89629243818574,20.26095610061342,12.984111368370248,27.537943292597465,AN91
17011,17,011,Bureau,2021,10,31,177.36731598806213,14.334534187591087,9.225442539698342,19.4437677641206,AN91
17011,17,011,Bureau,2021,11,30,9.187464058382904,3.77579850016614,-1.812120670437762,9.363797865058109,AN91
17011,17,011,Bureau,2021,12,31,31.96493248071831,1.8062828219589235,-3.1348735550394,6.747464411573721,AN91
17013,17,013,Calhoun,2020,1,31,138.7771982704772,0.36780304832494687,-3.6347944832518078,4.370504780122212,AN81
17013,17,013,Calhoun,2020,2,29,68.48989808426637,0.36595589827258435,-4.538739109537583,5.270667675153445,AN81
17013,17,013,Calhoun,2020,3,31,88.01016673635009,8.013702733823104,3.09686103240207,12.930643273915868,AN81
17013,17,013,Calhoun,2020,4,30,104.0411265044381,11.149008884835172,4.969288361157035,17.32882973668247,AN81
17013,17,013,Calhoun,2020,5,31,140.6961286135799,16.767150758562565,11.95791176394224,21.576491302795752,AN81
17013,17,013,Calhoun,2020,6,30,122.66133538390037,24.04205401406494,18.32022758799546,29.763982215727417,AN81
17013,17,013,Calhoun,2020,7,31,154.7382754145,25.992611712473142,20.900699389176335,31.08462615446797,AN81
17013,17,013,Calhoun,2020,8,31,74.9337136251159,23.355346719258385,17.614859684309437,29.095934598800348,AN81
17013,17,013,Calhoun,2020,9,30,76.42478597429304,19.291228127634245,13.064920333514435,25.517638582526793,AN81
17013,17,013,Calhoun,2020,10,31,53.127821482473315,11.582612047657111,5.629007904173285,17.536315428066388,AN81
17013,17,013,Calhoun,2020,11,30,76.22929034816529,8.816142190437585,2.6268194384719825,15.005557432304528,AN81
17013,17,013,Calhoun,2020,12,31,38.33172074842301,1.4276589149881898,-3.981249439326502,6.837262791518211,"AN81,AN91"
17013,17,013,Calhoun,2021,1,31,70.35142219116989,-0.14953721967610073,-3.6243835515858804,3.223596979874038,AN91
17013,17,013,Calhoun,2021,2,28,43.099058543773936,-5.248409659796864,-10.196056926123964,-0.2577950349404997,AN91
17013,17,013,Calhoun,2021,3,31,118.66252513084919,9.166902647061743,3.3721290915979862,14.984963367392735,AN91
17013,17,013,Calhoun,2021,4,30,136.34641539619656,12.62848676496748,6.654316255036587,18.59261054011962,AN91
17013,17,013,Calhoun,2021,5,31,125.40358714325993,17.06280510411096,12.01878090963454,22.108907444996373,AN91
17013,17,013,Calhoun,2021,6,30,253.5874312146054,24.32866392786321,18.85896341407599,29.810519541083018,AN91
17013,17,013,Calhoun,2021,7,31,167.1129463795477,24.56123972281832,19.541895431045887,29.580728638970943,AN91
17013,17,013,Calhoun,2021,8,31,108.19679980110477,25.295066209390527,19.69181800944395,30.898454287304933,AN91
17013,17,013,Calhoun,2021,9,30,59.10357685107203,21.578827123546183,14.801171858886454,28.356623638402727,AN91
17013,17,013,Calhoun,2021,10,31,117.8783719064125,15.777804546537812,10.72633682376369,20.829413877162985,AN91
17013,17,013,Calhoun,2021,11,30,12.326597362439465,6.290315472729921,-0.07009374891447155,12.650827602086105,AN91
17013,17,013,Calhoun,2021,12,31,64.3802455313944,5.897154488365191,0.11736148455395246,11.677040582885814,AN91
17015,17,015,Carroll,2020,1,31,55.20953936343692,-2.939830818118874,-6.6341960284958015,0.75395242405376,AN81
17015,17,015,Carroll,2020,2,29,19.184729346679546,-3.6661371994137615,-8.681537123125578,1.3492068783730533,AN81
17015,17,015,Carroll,2020,3,31,106.50237369826257,4.144270705900405,-0.381595690189966,8.670212676093543,AN81
17015,17,015,Carroll,2020,4,30,55.409536130840785,8.02077401863494,1.7107722263011442,14.330864012681644,AN81
17015,17,015,Carroll,2020,5,31,157.58232931312102,14.413316053688611,8.978959943497852,19.847772614949015,AN81
17015,17,015,Carroll,2020,6,30,95.00504097528889,22.208232022786195,15.858253110242913,28.55831083521398,AN81
17015,17,015,Carroll,2020,7,31,83.11189824185489,24.052866711817956,18.16648631008134,29.93934808144868,AN81
17015,17,015,Carroll,2020,8,31,30.619071466524712,22.047964396541104,15.540223748692174,28.555805789991847,AN81
17015,17,015,Carroll,2020,9,30,179.70358545309995,16.366914256923316,10.308441988054506,22.42548526224269,AN81
17015,17,015,Carroll,2020,10,31,47.34283264978548,8.417043991875282,2.5403113157287898,14.293873435444198,AN81
17015,17,015,Carroll,2020,11,30,50.78005122535366,5.847327317470442,0.11871372225185321,11.57601681932214,AN81
17015,17,015,Carroll,2020,12,31,56.58083635165133,-2.313340994290226,-6.827136455531021,2.1924947606188288,"AN81,AN91"
17015,17,015,Carroll,2021,1,31,37.19535843193433,-4.800548828500371,-8.762787564022133,-0.9100704428520626,AN91
17015,17,015,Carroll,2021,2,28,23.44427533184189,-10.799277880805723,-16.128831416331703,-5.558050583606523,AN91
17015,17,015,Carroll,2021,3,31,50.97986558017087,4.4413325997024256,-1.3467778995864252,10.147782004784121,AN91
17015,17,015,Carroll,2021,4,30,77.57893626851761,10.06164090125833,4.142522167661969,15.842230243779658,AN91
17015,17,015,Carroll,2021,5,31,91.5514569980906,14.896460206623,9.513766862976885,20.127436355565173,AN91
17015,17,015,Carroll,2021,6,30,80.3584588122122,22.831165766558527,17.00417593770631,28.598425644756738,AN91
17015,17,015,Carroll,2021,7,31,78.99279222401908,22.212288362254306,16.951174790488945,27.473546932029183,AN91
17015,17,015,Carroll,2021,8,31,59.85820307196989,22.872014652962246,16.555060039325504,29.189113994750425,AN91
17015,17,015,Carroll,2021,9,30,16.955544514225974,19.356339006380747,11.583982562315507,27.12883765947878,AN91
17015,17,015,Carroll,2021,10,31,159.18740216398868,13.460371793878517,8.040019385656445,18.880861760561366,AN91
17015,17,015,Carroll,2021,11,30,9.949082275747134,3.12641491081522,-2.670730408969558,8.923628053777998,AN91
17015,17,015,Carroll,2021,12,31,53.48605937162989,0.49575476786240136,-4.168333214473622,5.159849881333186,AN91
17017,17,017,Cass,2020,1,31,102.81761043691338,-0.7015794051225335,-4.611518978665797,3.208250757312519,AN81
17017,17,017,Cass,2020,2,29,55.173239785459025,-0.8770294610591879,-5.634781961059705,3.880701637585139,AN81
17017,17,017,Cass,2020,3,31,75.4472342058936,6.787199081973247,1.8788906296744925,11.695604481164477,AN81
17017,17,017,Cass,2020,4,30,166.38722605987854,10.123109156837575,3.7322890443465493,16.514026796405307,AN81
17017,17,017,Cass,2020,5,31,116.02229791712874,16.143723003350015,11.077558478041258,21.20998865245958,AN81
17017,17,017,Cass,2020,6,30,67.57806383723873,23.529210675949255,17.536566661550477,29.521956524378044,AN81
17017,17,017,Cass,2020,7,31,126.13278881315397,24.99869951925033,19.651508545528,30.34599257163591,AN81
17017,17,017,Cass,2020,8,31,19.290248675217143,22.44562270087839,16.19226468858138,28.699082493679104,AN81
17017,17,017,Cass,2020,9,30,88.43138549411228,18.3903593337748,11.775427908988604,25.00538972090163,AN81
17017,17,017,Cass,2020,10,31,41.527320778862375,10.800573710404567,4.456565413180276,17.144679667733982,AN81
17017,17,017,Cass,2020,11,30,50.34797561115686,7.909023762598832,1.8203531672264217,13.997788529175786,AN81
17017,17,017,Cass,2020,12,31,35.56425991428985,0.38597593233613015,-4.889848823138128,5.662468594262894,"AN81,AN91"
17017,17,017,Cass,2021,1,31,63.55353618570792,-1.5419089941732538,-4.963876332770066,1.7720598617945493,AN91
17017,17,017,Cass,2021,2,28,40.58672769867484,-6.726425583979773,-11.219234521043374,-2.084683334592551,AN91
17017,17,017,Cass,2021,3,31,132.78619537064765,7.826246665502595,1.9086345608917545,13.880291930333668,AN91
17017,17,017,Cass,2021,4,30,86.39180447018678,11.755530632159726,5.741535466637228,17.82525391323933,AN91
17017,17,017,Cass,2021,5,31,152.78948007244642,16.49766850321674,11.111614263777467,21.753924149316816,AN91
17017,17,017,Cass,2021,6,30,157.6068118638326,23.686081525298558,18.035368654533578,29.286745860785494,AN91
17017,17,017,Cass,2021,7,31,165.7524377226186,23.59419217328246,18.572892357730094,28.615635930888082,AN91
17017,17,017,Cass,2021,8,31,151.1477349334238,24.31238771395804,18.561712232124126,30.063205634700257,AN91
17017,17,017,Cass,2021,9,30,33.925632157764305,20.940231333276156,13.753541415690353,28.12706508151688,AN91
17017,17,017,Cass,2021,10,31,228.67351999693943,15.076018264887537,9.986769800774766,20.16540533980295,AN91
17017,17,017,Cass,2021,11,30,20.2313255777459,5.070159004731013,-0.9864943614679965,11.126900811951442,AN91
17017,17,017,Cass,2021,12,31,41.776297130251926,4.449693660972801,-1.1519292649697102,10.05138982187172,AN91
17019,17,019,Champaign,2020,1,31,117.56245014954966,-0.3228698576285262,-3.8447779848770147,3.1990992151025965,AN81
17019,17,019,Champaign,2020,2,29,61.13321251827433,-1.091094752980393,-5.376043634197897,3.193825421714568,AN81
17019,17,019,Champaign,2020,3,31,85.1402662252786,5.91675096339644,1.2233948457040786,10.610190493092388,AN81
17019,17,019,Champaign,2020,4,30,117.44539108024792,9.060261502191368,2.617068427268272,15.503554626973907,AN81
17019,17,019,Champaign,2020,5,31,121.36375025483804,15.664558081585406,10.480001349094888,20.849216089754677,AN81
17019,17,019,Champaign,2020,6,30,153.81004138514464,23.17972269991741,17.27589562948871,29.083649453505345,AN81
17019,17,019,Champaign,2020,7,31,136.34041368291864,24.42702085364675,18.935379263901886,29.918762244352585,AN81
17019,17,019,Champaign,2020,8,31,27.537985110945744,21.929307621854743,15.931321038570525,27.9273949592773,AN81
17019,17,019,Champaign,2020,9,30,55.59405776835563,18.004551901273576,11.385606970468412,24.62359705444558,AN81
17019,17,019,Champaign,2020,10,31,49.0685692338078,10.843607782824247,4.353438337647661,17.333878199069922,AN81
17019,17,019,Champaign,2020,11,30,61.61498220131982,7.270450176577762,1.2662038350927771,13.274789157598224,AN81
17019,17,019,Champaign,2020,12,31,39.01207051040283,0.17275248360340192,-4.734776744471078,5.079363175329529,"AN81,AN91"
17019,17,019,Champaign,2021,1,31,58.761488859037186,-1.9021329636403326,-5.163503154682726,1.3619920764748574,AN91
17019,17,019,Champaign,2021,2,28,48.90566755399192,-6.6733164987603795,-11.327178594171519,-2.1140606824909556,AN91
17019,17,019,Champaign,2021,3,31,103.3317545898076,6.930408240390534,0.8456897917356951,12.99464416124835,AN91
17019,17,019,Champaign,2021,4,30,59.97639433023488,11.288328910334197,4.9009077521909505,17.567746895940775,AN91
17019,17,019,Champaign,2021,5,31,104.32088656975338,16.208507430727103,10.603194880366877,21.75184769762581,AN91
17019,17,019,Champaign,2021,6,30,205.73961846754773,23.46586904886249,18.006767170917904,28.87899047670715,AN91
17019,17,019,Champaign,2021,7,31,86.5315640899621,23.046926861087066,18.101722807644297,27.992273566359636,AN91
17019,17,019,Champaign,2021,8,31,97.03496417483234,23.980892483328724,18.326119281478967,29.63580873002098,AN91
17019,17,019,Champaign,2021,9,30,83.83409353421489,20.779145452286414,13.96760370983524,27.590832541107766,AN91
17019,17,019,Champaign,2021,10,31,199.30584802000115,15.17237464346227,10.313218472947243,20.031672527455875,AN91
17019,17,019,Champaign,2021,11,30,33.60203961756103,4.062320608944683,-1.4086718167495786,9.5333919168593,AN91
17019,17,019,Champaign,2021,12,31,58.59079786321242,4.146408181438065,-0.6389492540930664,8.931843963958052,AN91
17021,17,021,Christian,2020,1,31,136.97596341409297,0.08277995488089085,-3.5650718862475985,3.7306935556232115,AN81
17021,17,021,Christian,2020,2,29,67.62943151232902,-0.04343567670008092,-4.215888281547045,4.129008829414822,AN81
17021,17,021,Christian,2020,3,31,95.33697902713801,6.982556793383471,2.3331874307407734,11.632026512504593,AN81
17021,17,021,Christian,2020,4,30,140.42865602570535,10.041147284010863,3.990303140925707,16.092093059649745,AN81
17021,17,021,Christian,2020,5,31,141.16922033527757,16.289630305923925,11.563953305524116,21.01540573788743,AN81
17021,17,021,Christian,2020,6,30,98.57135012318088,23.608086756715284,17.89033344298265,29.325941214231353,AN81
17021,17,021,Christian,2020,7,31,142.70723599289923,25.093393584743072,19.810686773983587,30.37620094378229,AN81
17021,17,021,Christian,2020,8,31,28.150080761844972,22.407558704560273,16.538851640988057,28.276364941381946,AN81
17021,17,021,Christian,2020,9,30,34.313112472393094,19.027314717900126,12.216799970396558,25.837929448041393,AN81
17021,17,021,Christian,2020,10,31,54.522359764487085,11.368085107434231,4.9152609186259,17.82100941325552,AN81
17021,17,021,Christian,2020,11,30,70.06090430104034,8.062650576174379,2.138779598995019,13.986614722760097,AN81
17021,17,021,Christian,2020,12,31,47.704165844828694,0.8251177548910841,-4.000798995491206,5.649656626418648,"AN81,AN91"
17021,17,021,Christian,2021,1,31,59.56184903298957,-1.2107718283246194,-4.5243275892081085,2.0686529530863074,AN91
17021,17,021,Christian,2021,2,28,48.390691577354445,-5.5182586257153545,-10.043808766076054,-1.0728194535574598,AN91
17021,17,021,Christian,2021,3,31,124.42889293667824,8.088542097627416,2.205692879736108,14.043311262722735,AN91
17021,17,021,Christian,2021,4,30,83.45856078186893,11.940665190495041,6.081960823058164,17.80381858183459,AN91
17021,17,021,Christian,2021,5,31,158.23349968711236,16.508622045853162,11.172422945474343,21.69141300426339,AN91
17021,17,021,Christian,2021,6,30,174.6930274985415,23.684128038456254,18.19486679188952,29.14933636873126,AN91
17021,17,021,Christian,2021,7,31,129.56950415424842,23.668074754467362,18.690699610048426,28.64559414285789,AN91
17021,17,021,Christian,2021,8,31,146.9102038360389,24.742618887994386,19.12532801789265,30.360051082933065,AN91
17021,17,021,Christian,2021,9,30,72.32857451277336,21.100976703925134,14.192352484363953,28.009743751786573,AN91
17021,17,021,Christian,2021,10,31,127.26947656224857,15.588509244379043,10.698284282486917,20.47887491126912,AN91
17021,17,021,Christian,2021,11,30,23.737194046756883,4.954221713132966,-0.5874067874638016,10.49595190390463,AN91
17021,17,021,Christian,2021,12,31,71.30875715095667,5.015618810642978,0.17407086147006834,9.857256385190711,AN91
17023,17,023,Clark,2020,1,31,159.7556447039814,1.3865066748040056,-2.629600461979379,5.402912392242105,AN81
17023,17,023,Clark,2020,2,29,71.62369951474254,1.1191975688378408,-3.4447307580821698,5.683159061839441,AN81
17023,17,023,Clark,2020,3,31,94.88654368494468,7.730476527186412,2.6220730965705394,12.838980635029294,AN81
17023,17,023,Clark,2020,4,30,75.73479961005513,10.384604037951531,4.2206536645088715,16.548657144141245,AN81
17023,17,023,Clark,2020,5,31,141.1746317945282,16.749225695602053,11.312174468135387,22.18637534894108,AN81
17023,17,023,Clark,2020,6,30,93.88054289205346,23.665897029510525,17.5811604579796,29.750737141458497,AN81
17023,17,023,Clark,2020,7,31,235.13052540761512,25.263926481850447,19.541180047189144,30.986771833917068,AN81
17023,17,023,Clark,2020,8,31,43.81593596528341,22.670641157062768,16.960846232919906,28.380533490323632,AN81
17023,17,023,Clark,2020,9,30,20.638582206950044,18.938101209389504,12.16523632257237,25.711064090104742,AN81
17023,17,023,Clark,2020,10,31,123.0906437851872,12.043085104055077,5.137249058402425,18.94902324979909,AN81
17023,17,023,Clark,2020,11,30,109.33886527920977,8.113090918794331,1.9542333838713228,14.272036992197478,AN81
17023,17,023,Clark,2020,12,31,60.60429179099487,1.09954476804542,-3.555165439065291,5.754836865584655,"AN81,AN91"
17023,17,023,Clark,2021,1,31,65.12265146063584,-0.7312753317930655,-4.38222840972913,2.9527030928197493,AN91
17023,17,023,Clark,2021,2,28,70.9702197377425,-4.476893679200466,-9.23574266929572,0.4270913234505223,AN91
17023,17,023,Clark,2021,3,31,126.15270002153711,8.40586803086477,2.1062311343478326,14.719457151258768,AN91
17023,17,023,Clark,2021,4,30,60.36650035819293,12.01781403775337,6.034105839110732,17.97265612975675,AN91
17023,17,023,Clark,2021,5,31,116.94312820296373,16.429697133933875,10.751332585429576,22.10036182733065,AN91
17023,17,023,Clark,2021,6,30,188.4043033351525,23.57119901071571,18.34082822576595,28.79723976455993,AN91
17023,17,023,Clark,2021,7,31,167.97397396289088,23.5128369226691,18.416382452604587,28.609436396677037,AN91
17023,17,023,Clark,2021,8,31,81.62683244705887,24.53176704257862,18.999616773184865,30.06405980981136,AN91
17023,17,023,Clark,2021,9,30,79.172034057168,20.877897522561664,14.082497731726708,27.67343917457368,AN91
17023,17,023,Clark,2021,10,31,135.37320129447798,16.038150558088095,10.59969207087883,21.476749805982955,AN91
17023,17,023,Clark,2021,11,30,43.079690357754245,4.714699921238718,-1.1834663268153462,10.612969371961462,AN91
17023,17,023,Clark,2021,12,31,96.4027532561629,5.58915697091972,0.45052123132575367,10.727892740900343,AN91
17025,17,025,Clay,2020,1,31,163.53485590931882,1.8180870280755266,-2.184145893672605,5.820703149012009,AN81
17025,17,025,Clay,2020,2,29,77.90529455862104,1.8739309151884576,-2.5932635857612936,6.341174187512487,AN81
17025,17,025,Clay,2020,3,31,128.14477646281733,8.430192716059866,3.543988324064444,13.316500544664438,AN81
17025,17,025,Clay,2020,4,30,127.37110243622182,10.901657927864116,4.836297868066029,16.967117760440818,AN81
17025,17,025,Clay,2020,5,31,115.49317550778824,17.08417155739188,11.73818919624603,22.43025440307839,AN81
17025,17,025,Clay,2020,6,30,73.10370154646878,24.15403897213025,17.993303725735704,30.31487661638985,AN81
17025,17,025,Clay,2020,7,31,221.44561314192234,25.799693404294544,20.188428480866424,31.411058907890443,AN81
17025,17,025,Clay,2020,8,31,80.33952901806641,23.260185928918137,17.408061434761855,29.11241140200652,AN81
17025,17,025,Clay,2020,9,30,18.599278240783033,19.483101736595074,12.673460321090712,26.292843344299097,AN81
17025,17,025,Clay,2020,10,31,125.97125750076131,12.382554045993746,5.602030889811079,19.16317315170785,AN81
17025,17,025,Clay,2020,11,30,141.73007740326705,8.852056601714585,2.674674783465218,15.029533108499558,AN81
17025,17,025,Clay,2020,12,31,61.11098979193183,1.9635180796871008,-2.827118162618486,6.754243971369245,"AN81,AN91"
17025,17,025,Clay,2021,1,31,70.78570291153176,0.3048056216551039,-3.408496684573714,4.036016728192897,AN91
17025,17,025,Clay,2021,2,28,87.60843808815768,-3.5747706766252523,-8.15089037831594,1.0201552833270402,AN91
17025,17,025,Clay,2021,3,31,135.1342004512697,9.245563137384645,3.274118749657785,15.215133756301164,AN91
17025,17,025,Clay,2021,4,30,75.09043553616016,12.665523117579248,6.548134025828884,18.779321004828994,AN91
17025,17,025,Clay,2021,5,31,99.92806584692936,17.33627818455148,11.460783271673867,23.189073120833736,AN91
17025,17,025,Clay,2021,6,30,105.61833157638344,24.06082613997203,18.568549522065148,29.648385954770266,AN91
17025,17,025,Clay,2021,7,31,240.27599109585714,24.16313187117648,18.91365262394778,29.412754701042527,AN91
17025,17,025,Clay,2021,8,31,163.22960333303007,24.996449221693194,19.56918868690085,30.423849672266602,AN91
17025,17,025,Clay,2021,9,30,78.81382691742144,21.20224783479439,14.393663224441699,28.01097494225984,AN91
17025,17,025,Clay,2021,10,31,91.39912806117925,16.484233064542078,11.037093684252152,21.931513194951954,AN91
17025,17,025,Clay,2021,11,30,44.81813228597758,5.459054638446797,-0.777369629448741,11.695587355258768,AN91
17025,17,025,Clay,2021,12,31,101.47899174561829,6.754916364054,1.2980105056057794,12.211936477257199,AN91
17027,17,027,Clinton,2020,1,31,178.07957966815485,1.6129063756897237,-2.383732326486491,5.6099805470151365,AN81
17027,17,027,Clinton,2020,2,29,70.73089074220464,1.7868387691140628,-2.713009543923388,6.28673327464078,AN81
17027,17,027,Clinton,2020,3,31,109.80636135627206,8.629476686108392,3.832216617223886,13.426837603425792,AN81
17027,17,027,Clinton,2020,4,30,126.16033240401076,11.129341580654101,5.176539283422801,17.08224157503922,AN81
17027,17,027,Clinton,2020,5,31,149.59264842480547,17.425344969042524,12.519624901457066,22.331165364488275,AN81
17027,17,027,Clinton,2020,6,30,101.18199693965659,24.425924376972173,18.75049270087721,30.10145485541021,AN81
17027,17,027,Clinton,2020,7,31,210.55716866673916,26.08333668223082,20.996780076150547,31.169991428394937,AN81
17027,17,027,Clinton,2020,8,31,91.38225244067912,23.479939713971604,17.928662191791368,29.0313198231261,AN81
17027,17,027,Clinton,2020,9,30,22.600184909212118,19.723542214358424,13.14572358052532,26.301463223225557,AN81
17027,17,027,Clinton,2020,10,31,122.81470294233395,12.385494634288433,6.28007805692757,18.491009234830837,AN81
17027,17,027,Clinton,2020,11,30,134.75358052382933,9.194711691164695,3.252945864593557,15.13657122392426,AN81
17027,17,027,Clinton,2020,12,31,51.95425602298474,1.8971597986707829,-3.163911463484139,6.957166052723406,"AN81,AN91"
17027,17,027,Clinton,2021,1,31,83.22836315655485,0.3673238237600954,-3.178032443009626,3.8937144730709474,AN91
17027,17,027,Clinton,2021,2,28,61.54041991576518,-3.8591210722640814,-8.558053679088992,0.7504596909951159,AN91
17027,17,027,Clinton,2021,3,31,138.7613754172639,9.726429264004503,4.086315550686852,15.381008064004899,AN91
17027,17,027,Clinton,2021,4,30,72.68161750241238,12.892094308755452,7.081336780816256,18.549468966611144,AN91
17027,17,027,Clinton,2021,5,31,100.43774239115615,17.59142340196797,12.36776940271138,22.846822092857966,AN91
17027,17,027,Clinton,2021,6,30,101.14583974779359,24.502549453444274,19.214206361333947,29.776801205110022,AN91
17027,17,027,Clinton,2021,7,31,180.23967029979292,24.442752285913475,19.263136134238902,29.622511350531262,AN91
17027,17,027,Clinton,2021,8,31,98.58685575926069,25.458365916703688,19.97776237859883,30.93911051669407,AN91
17027,17,027,Clinton,2021,9,30,84.93833273912173,21.495083658934995,14.975082110887318,28.015229630315584,AN91
17027,17,027,Clinton,2021,10,31,146.60030497229494,16.113994549412844,10.871979551169598,21.356150248551693,AN91
17027,17,027,Clinton,2021,11,30,33.08678153445823,6.170129433338868,0.10676183058717559,12.233605135428194,AN91
17027,17,027,Clinton,2021,12,31,86.46696929229299,6.872956352238965,1.6428946850028339,12.103126497300318,AN91
17029,17,029,Coles,2020,1,31,159.01110145025197,0.7506932921549604,-2.9020165736606978,4.40354524894884,AN81
17029,17,029,Coles,2020,2,29,73.22623895302105,0.3622360637256238,-3.75192488237054,4.476398085314023,AN81
17029,17,029,Coles,2020,3,31,110.3128076034078,7.159478264704943,2.534542940187277,11.784510123394362,AN81
17029,17,029,Coles,2020,4,30,116.74405438567115,10.036528774005808,3.9343416202149815,16.13881583286794,AN81
17029,17,029,Coles,2020,5,31,128.46450239080565,16.35517428982912,11.4749710646531,21.235477378737095,AN81
17029,17,029,Coles,2020,6,30,132.41168840832933,23.612540906438248,18.07320666606378,29.151974323594352,AN81
17029,17,029,Coles,2020,7,31,205.26084856222423,25.192966589323245,19.957708670018103,30.428325857220575,AN81
17029,17,029,Coles,2020,8,31,45.127714572041064,22.76371848890767,17.211124425624234,28.316410594988902,AN81
17029,17,029,Coles,2020,9,30,26.885642840238276,19.030783578665364,12.646272661286227,25.415393886718398,AN81
17029,17,029,Coles,2020,10,31,123.9363029678254,11.845481995579236,5.515808088796147,18.175255464951526,AN81
17029,17,029,Coles,2020,11,30,97.25980097753892,8.20876730428021,2.5060220146959504,13.911603433158842,AN81
17029,17,029,Coles,2020,12,31,48.252119351355844,0.970565905599827,-3.5329291125734805,5.474959299161181,"AN81,AN91"
17029,17,029,Coles,2021,1,31,65.82007107926613,-1.1478493462330541,-4.577785568722996,2.30593963657841,AN91
17029,17,029,Coles,2021,2,28,70.13094643601575,-5.209914912791924,-9.790364319189594,-0.5784769852112185,AN91
17029,17,029,Coles,2021,3,31,100.1536878654245,7.907296592110409,2.0157399255679502,13.830293596798077,AN91
17029,17,029,Coles,2021,4,30,56.067815666104664,11.998682011164012,6.286481034351753,17.67847835935692,AN91
17029,17,029,Coles,2021,5,31,132.40341786728777,16.473555183558275,11.042271539844576,21.773458769870537,AN91
17029,17,029,Coles,2021,6,30,206.51073388925,23.77083435107148,18.61232272840614,28.88474571547923,AN91
17029,17,029,Coles,2021,7,31,174.47734611947863,23.74964848288559,18.970816864487393,28.528622470799416,AN91
17029,17,029,Coles,2021,8,31,110.31756424755244,24.619451495216218,19.250446852087745,29.988598535278747,AN91
17029,17,029,Coles,2021,9,30,100.34107674786537,21.162957486481687,14.771284668847493,27.554772773554593,AN91
17029,17,029,Coles,2021,10,31,165.70726324406309,15.900211531633136,11.259520645634225,20.541043545668767,AN91
17029,17,029,Coles,2021,11,30,38.46755065230885,4.89276254468624,-0.5812722234587737,10.366904659148226,AN91
17029,17,029,Coles,2021,12,31,98.31900541523574,5.2797950442092745,0.5568821138008393,10.002807192888364,AN91
17031,17,031,Cook,2020,1,31,87.85000845832666,-0.8523377138763129,-3.9710491108216748,2.2662645376667077,AN81
17031,17,031,Cook,2020,2,29,28.561890355947654,-1.782897401109322,-5.680706824298002,2.1148716883080088,AN81
17031,17,031,Cook,2020,3,31,80.08720092103243,4.918593276361106,0.8679362997214464,8.969334123384765,AN81
17031,17,031,Cook,2020,4,30,128.26417445035094,8.155445435851068,3.016761915621645,13.294227414781771,AN81
17031,17,031,Cook,2020,5,31,209.7450648035538,15.002924737830226,10.402106187460904,19.603843212048876,AN81
17031,17,031,Cook,2020,6,30,107.01817704474331,22.895762106392866,17.741311315480644,28.050313893790342,AN81
17031,17,031,Cook,2020,7,31,84.41471620594872,25.38040193757158,21.026879360709163,29.73402755187376,AN81
17031,17,031,Cook,2020,8,31,43.18173955892901,23.727577229502895,18.916082405734763,28.539171631460352,AN81
17031,17,031,Cook,2020,9,30,91.9072957112821,18.170520092029598,13.351802998348427,22.989338288778338,AN81
17031,17,031,Cook,2020,10,31,89.29667586346598,10.126740556588118,5.060571986786867,15.193010893968017,AN81
17031,17,031,Cook,2020,11,30,50.92672351793205,7.535621761206354,2.6273363280523485,12.444000416754871,AN81
17031,17,031,Cook,2020,12,31,61.02353383027405,0.01857991019636194,-3.789877758802865,3.8170670234271578,"AN81,AN91"
17031,17,031,Cook,2021,1,31,65.16734601814977,-2.0557579284194825,-4.977559086420963,0.7233672126805613,AN91
17031,17,031,Cook,2021,2,28,40.39032132434917,-7.137971295007494,-11.77246811984894,-2.777542847708971,AN91
17031,17,031,Cook,2021,3,31,32.08922508140656,5.945646393792525,0.6837132447664179,11.211715643716492,AN91
17031,17,031,Cook,2021,4,30,35.78301058589682,10.457153303088567,5.238435167356032,15.40466606124588,AN91
17031,17,031,Cook,2021,5,31,68.98847829235345,15.316387083944603,10.285003271452776,20.05600969330521,AN91
17031,17,031,Cook,2021,6,30,199.70990751936293,23.24842106659057,18.426636544964246,27.98190376571866,AN91
17031,17,031,Cook,2021,7,31,50.056413583028565,23.46259005417722,19.598498216311178,27.32682347830762,AN91
17031,17,031,Cook,2021,8,31,98.8272731043583,24.767142063213946,20.2656156946815,29.268810748031584,AN91
17031,17,031,Cook,2021,9,30,28.345436423103976,20.83759446853958,15.674579079304841,26.000753735833264,AN91
17031,17,031,Cook,2021,10,31,184.57771761625506,14.93357094553083,11.026169049327489,18.841112902150094,AN91
17031,17,031,Cook,2021,11,30,19.958610220702194,4.085049475034496,-0.5296391964464165,8.699825449007161,AN91
17031,17,031,Cook,2021,12,31,62.494777170106644,2.776015941219585,-1.1449028586973908,6.697014158241609,AN91
17033,17,033,Crawford,2020,1,31,151.27301300934178,1.5761978356553945,-2.3849975772486314,5.53775201375147,AN81
17033,17,033,Crawford,2020,2,29,81.15799907252922,1.4977446866193496,-3.013262016348877,6.008789648488166,AN81
17033,17,033,Crawford,2020,3,31,145.00689476666724,7.9241526141242735,2.828404624652759,13.020001976335177,AN81
17033,17,033,Crawford,2020,4,30,86.28104269311892,10.482974728626752,4.481721570903911,16.48432703315101,AN81
17033,17,033,Crawford,2020,5,31,125.41901021790649,16.77855305523896,11.425207087601128,22.131999585981102,AN81
17033,17,033,Crawford,2020,6,30,71.27663598627443,23.741298141382806,17.66219976813863,29.820495580777735,AN81
17033,17,033,Crawford,2020,7,31,226.34386260638445,25.317819307775075,19.618415158775047,31.017322424678913,AN81
17033,17,033,Crawford,2020,8,31,82.82114343370154,22.806138885803634,17.192650448929392,28.419732498235785,AN81
17033,17,033,Crawford,2020,9,30,21.229955487526805,19.012498224618795,12.141975306623557,25.88312537211643,AN81
17033,17,033,Crawford,2020,10,31,113.65669789114115,11.993756463000393,4.993288586598935,18.994324464921025,AN81
17033,17,033,Crawford,2020,11,30,131.09233221155816,8.192806750376437,1.9257461495693604,14.459959535595011,AN81
17033,17,033,Crawford,2020,12,31,78.15777078034293,1.4001772264374621,-3.2783885557736085,6.078614285176087,"AN81,AN91"
17033,17,033,Crawford,2021,1,31,75.73508661752346,-0.3921784714967779,-4.136834210105755,3.357141582799391,AN91
17033,17,033,Crawford,2021,2,28,83.80261056462109,-3.9298646725431365,-8.548867358642276,0.7289230919958439,AN91
17033,17,033,Crawford,2021,3,31,102.8876209227612,8.68526650975685,2.4383928790313534,14.88238149695265,AN91
17033,17,033,Crawford,2021,4,30,68.41297326535033,12.114320611520291,6.0314016799496715,18.1706948724035,AN91
17033,17,033,Crawford,2021,5,31,74.37328709464738,16.70538593686426,10.880566940287446,22.50849982905066,AN91
17033,17,033,Crawford,2021,6,30,148.3006546530834,23.645736304629857,18.279856607608174,29.014568916852863,AN91
17033,17,033,Crawford,2021,7,31,230.39169452149778,23.65478497934527,18.431013621856213,28.878698860228216,AN91
17033,17,033,Crawford,2021,8,31,124.0957016661033,24.613581817086523,19.106401269420388,30.120902913721114,AN91
17033,17,033,Crawford,2021,9,30,74.46488122952996,20.921244348028754,14.063536476626693,27.779096681177112,AN91
17033,17,033,Crawford,2021,10,31,142.93542992797805,16.184490447350186,10.544442790412516,21.82467999077681,AN91
17033,17,033,Crawford,2021,11,30,43.087633734281184,4.861349289355782,-1.1952679665176051,10.918074114358818,AN91
17033,17,033,Crawford,2021,12,31,115.55315884850414,6.256698560075489,0.9920499755018768,11.521445691262704,AN91
17035,17,035,Cumberland,2020,1,31,172.29975949633157,1.1703069949984741,-2.7514679985825268,5.092321848166608,AN81
17035,17,035,Cumberland,2020,2,29,68.67134124160364,0.8921285117883874,-3.4986060391724587,5.282882131746602,AN81
17035,17,035,Cumberland,2020,3,31,103.84955333671341,7.592027609804657,2.6738701291895786,12.510286480984165,AN81
17035,17,035,Cumberland,2020,4,30,105.88336667411956,10.444487572279261,4.348863777589851,16.540212614924105,AN81
17035,17,035,Cumberland,2020,5,31,123.47690083827482,16.627348748642813,11.426753209563378,21.828041981770344,AN81
17035,17,035,Cumberland,2020,6,30,130.57436487169355,23.63401655560117,17.825072975815274,29.443062373370534,AN81
17035,17,035,Cumberland,2020,7,31,263.63620950480123,25.306651415228064,19.82855413891073,30.784849694103777,AN81
17035,17,035,Cumberland,2020,8,31,36.72378896643287,22.873738623445114,17.190485323662624,28.55709260006453,AN81
17035,17,035,Cumberland,2020,9,30,25.207759303749533,19.151373891890547,12.468710619847842,25.834135255409,AN81
17035,17,035,Cumberland,2020,10,31,124.09895929634925,12.037587552297145,5.331831903630152,18.743444496668253,AN81
17035,17,035,Cumberland,2020,11,30,112.4606277638186,8.370639382476659,2.297617237014072,14.443758225268157,AN81
17035,17,035,Cumberland,2020,12,31,48.336518798919904,1.236696324910329,-3.388746633441223,5.859837296548469,"AN81,AN91"
17035,17,035,Cumberland,2021,1,31,67.09979853339871,-0.6064524891877823,-4.252095532589278,2.9575475505688216,AN91
17035,17,035,Cumberland,2021,2,28,78.08966022870891,-4.4397296697127695,-9.225923927193616,0.17783585702544633,AN91
17035,17,035,Cumberland,2021,3,31,120.32706771825222,8.504997053198798,2.409968887823244,14.48139676142829,AN91
17035,17,035,Cumberland,2021,4,30,65.14422481851469,12.249983932563891,6.338351587014899,18.138234880493616,AN91
17035,17,035,Cumberland,2021,5,31,131.4476422524772,16.70913799295509,11.046135535753363,22.21924437088504,AN91
17035,17,035,Cumberland,2021,6,30,143.8595693485475,23.79284447654492,18.48743080232793,29.13526869415282,AN91
17035,17,035,Cumberland,2021,7,31,174.41105055363502,23.798804619770657,18.758784151304354,28.838968989858312,AN91
17035,17,035,Cumberland,2021,8,31,86.02403344207941,24.689403075138205,19.203518311956405,30.175427482801858,AN91
17035,17,035,Cumberland,2021,9,30,80.90250387448252,21.067506800060844,14.368622792803441,27.76653441148237,AN91
17035,17,035,Cumberland,2021,10,31,136.78085403600102,16.110796253545537,10.972280680973016,21.24945255428325,AN91
17035,17,035,Cumberland,2021,11,30,42.64018944157746,4.979140996016844,-0.8986994374169729,10.857090529443997,AN91
17035,17,035,Cumberland,2021,12,31,100.16618294563071,5.787735308713855,0.7181253933936246,10.85744891105215,AN91
17037,17,037,DeKalb,2020,1,31,70.48351258167844,-2.798334092143481,-6.173076723333703,0.5757705968076656,AN81
17037,17,037,DeKalb,2020,2,29,15.075567616635594,-3.7516578779498784,-8.087219208659523,0.5838505485209351,AN81
17037,17,037,DeKalb,2020,3,31,108.33294179863773,3.8511691900424014,-0.7322198787753851,8.43462894888193,AN81
17037,17,037,DeKalb,2020,4,30,102.2055729204796,7.702168094814065,1.784008345373788,13.620412626654742,AN81
17037,17,037,DeKalb,2020,5,31,162.38367504967997,14.559533094950526,9.281646518327069,19.837521572040817,AN81
17037,17,037,DeKalb,2020,6,30,91.15983432856787,22.423250149981513,16.335904894069767,28.510699611723435,AN81
17037,17,037,DeKalb,2020,7,31,98.02466009254215,23.696701725060603,18.23966942784491,29.153833912131617,AN81
17037,17,037,DeKalb,2020,8,31,22.69351251321054,21.67826655919577,15.303004656397688,28.05362882219353,AN81
17037,17,037,DeKalb,2020,9,30,142.89721590041745,16.279166783328833,10.120312669649458,22.43812186118519,AN81
17037,17,037,DeKalb,2020,10,31,73.6736183276184,8.450218716048134,2.4320995455585894,14.468432254775749,AN81
17037,17,037,DeKalb,2020,11,30,57.40185146755934,6.015451362890949,0.4372223478444303,11.593760195773127,AN81
17037,17,037,DeKalb,2020,12,31,48.69626618458807,-1.5396297736147309,-5.947876180359432,2.8860667524108203,"AN81,AN91"
17037,17,037,DeKalb,2021,1,31,54.62603829138301,-4.490768719682705,-7.697596734622037,-1.0959362651567142,AN91
17037,17,037,DeKalb,2021,2,28,23.679326618696233,-10.625938819777144,-15.375160451306746,-5.807731566355124,AN91
17037,17,037,DeKalb,2021,3,31,43.36949211908823,4.681623996229496,-0.8894000540100762,10.324475628305777,AN91
17037,17,037,DeKalb,2021,4,30,32.959803916025436,10.007315161402552,3.83551298626167,16.124041909212746,AN91
17037,17,037,DeKalb,2021,5,31,78.44102915835603,14.721075740776014,9.009142409185033,20.369872224408436,AN91
17037,17,037,DeKalb,2021,6,30,145.74700987242937,22.636732416462657,16.832140306264076,28.531948024985276,AN91
17037,17,037,DeKalb,2021,7,31,64.43058236016768,21.975153025617512,16.823360445035526,27.12708659732759,AN91
17037,17,037,DeKalb,2021,8,31,68.55703363566215,22.95056175807003,16.543056963153894,29.35820813912697,AN91
17037,17,037,DeKalb,2021,9,30,23.266042506762027,19.20188796549942,11.622328301936143,26.781591435253212,AN91
17037,17,037,DeKalb,2021,10,31,153.32813837249742,13.635167679565589,8.572240561181545,18.698235504949036,AN91
17037,17,037,DeKalb,2021,11,30,11.953585315511894,2.7368411985986616,-2.8163410562667295,8.290074358659464,AN91
17037,17,037,DeKalb,2021,12,31,52.94381264583237,0.8579566806107749,-3.5735234969871454,5.28945038912675,AN91
17039,17,039,De Witt,2020,1,31,110.83165091413363,-0.4911935094878749,-4.179835264136472,3.1973686588350967,AN81
17039,17,039,De Witt,2020,2,29,66.3443787994205,-0.9954488456507232,-5.327124770086316,3.3362032853199146,AN81
17039,17,039,De Witt,2020,3,31,82.85994269890041,6.106439943291938,1.395910495643565,10.81706001613573,AN81
17039,17,039,De Witt,2020,4,30,159.1605345052169,9.51205353118424,3.3258964949880654,15.698313573963093,AN81
17039,17,039,De Witt,2020,5,31,134.87360135330746,15.971220282838761,11.0085347306162,20.934005411518545,AN81
17039,17,039,De Witt,2020,6,30,59.05462287237291,23.56216124157892,17.64653494045639,29.477889280276212,AN81
17039,17,039,De Witt,2020,7,31,110.87534794624678,24.822875730376996,19.408830693830502,30.237020060304044,AN81
17039,17,039,De Witt,2020,8,31,25.3802157819664,22.40399396708641,16.44031169978022,28.367777040816094,AN81
17039,17,039,De Witt,2020,9,30,68.34401463776184,18.373840360005538,11.99355730329781,24.754223620886908,AN81
17039,17,039,De Witt,2020,10,31,40.52550714135789,10.954431033448964,4.688656041620879,17.220308879253242,AN81
17039,17,039,De Witt,2020,11,30,56.660843036792464,7.6033693790214905,1.685793522638064,13.521036062641889,AN81
17039,17,039,De Witt,2020,12,31,41.22903774094909,0.3243539607625613,-4.659911507644255,5.314940285540328,"AN81,AN91"
17039,17,039,De Witt,2021,1,31,67.72210121196085,-2.01705343105243,-5.255781464746271,1.3815366476374795,AN91
17039,17,039,De Witt,2021,2,28,44.37634591585897,-6.693603561434587,-11.138323027566914,-1.964706507314321,AN91
17039,17,039,De Witt,2021,3,31,99.64817045978715,7.020558430765664,1.1466646843293224,13.166471292891142,AN91
17039,17,039,De Witt,2021,4,30,70.67719818675316,11.487526278105365,5.533896630329906,17.589566296428,AN91
17039,17,039,De Witt,2021,5,31,111.9543050880874,16.271212557872165,10.989836451126601,21.687470729784806,AN91
17039,17,039,De Witt,2021,6,30,214.51191479510769,23.696887394000342,18.29417423957033,29.203567634580004,AN91
17039,17,039,De Witt,2021,7,31,103.94048208731988,23.40031925823803,18.456988826981167,28.343792487181574,AN91
17039,17,039,De Witt,2021,8,31,102.59686120661533,24.154733431354913,18.552067865428718,29.757540904937496,AN91
17039,17,039,De Witt,2021,9,30,47.6576176428742,20.965550071856963,14.024410387706578,27.90683145147476,AN91
17039,17,039,De Witt,2021,10,31,201.0989468963056,15.099675398831822,10.314927348411782,19.884564369595864,AN91
17039,17,039,De Witt,2021,11,30,25.14796191360346,4.289630780081702,-1.281421810514569,9.860768040332578,AN91
17039,17,039,De Witt,2021,12,31,54.96303775551773,4.0367136959511525,-0.9321718913052947,9.00566588196174,AN91
17041,17,041,Douglas,2020,1,31,145.3928798116771,0.32266291650979045,-3.1961537770440707,3.841593722435854,AN81
17041,17,041,Douglas,2020,2,29,63.74448777793494,-0.20352336268190976,-4.296153903337524,3.889097679826163,AN81
17041,17,041,Douglas,2020,3,31,118.51427294027198,6.759755826929355,2.175854140710489,11.343750622915252,AN81
17041,17,041,Douglas,2020,4,30,116.43518434486131,9.639927184837454,3.4018486730382267,15.878109603612172,AN81
17041,17,041,Douglas,2020,5,31,151.9604074447592,16.175186613899815,11.119692067531291,21.23077783386854,AN81
17041,17,041,Douglas,2020,6,30,117.00465392782247,23.50521130609982,17.80421798997594,29.206307303981315,AN81
17041,17,041,Douglas,2020,7,31,153.0743280881029,24.931135539782804,19.608146371108443,30.25422528482252,AN81
17041,17,041,Douglas,2020,8,31,38.43188143154552,22.34857878067669,16.573464942938717,28.12379257232354,AN81
17041,17,041,Douglas,2020,9,30,47.09478681111096,18.488301597746045,11.992639489214078,24.984067890652792,AN81
17041,17,041,Douglas,2020,10,31,86.90968303664836,11.31509276441459,4.908202967187028,17.722087210662085,AN81
17041,17,041,Douglas,2020,11,30,72.67460006574547,7.763483012805967,1.909636634728507,13.617424427260554,AN81
17041,17,041,Douglas,2020,12,31,39.33515185214964,0.6360823613020962,-3.989417558353125,5.263561865155167,"AN81,AN91"
17041,17,041,Douglas,2021,1,31,61.22915998805234,-1.6122708567314485,-4.964298822718956,1.8029090005188335,AN91
17041,17,041,Douglas,2021,2,28,58.506776387884834,-5.901508644102664,-10.47538235369474,-1.2489719851995091,AN91
17041,17,041,Douglas,2021,3,31,102.78806135718189,7.453274765529214,1.4753692464961772,13.475168864561276,AN91
17041,17,041,Douglas,2021,4,30,57.93027556649433,11.608817701689226,5.525646816199332,17.650417002235503,AN91
17041,17,041,Douglas,2021,5,31,99.65620850253612,16.286171765050856,10.745892357091437,21.800040874697178,AN91
17041,17,041,Douglas,2021,6,30,225.46875751456517,23.721411990537366,18.422970454421357,28.975903223417035,AN91
17041,17,041,Douglas,2021,7,31,104.09277610898893,23.71801288432894,18.92776642910764,28.508402660665205,AN91
17041,17,041,Douglas,2021,8,31,94.01556736909335,24.604747499574348,19.16364899232921,30.045986837969128,AN91
17041,17,041,Douglas,2021,9,30,131.3439589657441,21.27807574409034,14.801631339500082,27.75466265086909,AN91
17041,17,041,Douglas,2021,10,31,180.73930946265682,15.936972456841344,11.310826290722941,20.56325752719433,AN91
17041,17,041,Douglas,2021,11,30,34.35810250030644,5.026791132734502,-0.2949811296143343,10.348668868186214,AN91
17041,17,041,Douglas,2021,12,31,71.19380104846533,4.776640804044115,0.09326434215364802,9.460106497585526,AN91
17043,17,043,DuPage,2020,1,31,82.58456444249903,-1.5548490650333198,-4.968159647174935,1.8582006921889833,AN81
17043,17,043,DuPage,2020,2,29,22.79150728448038,-2.4818576386341324,-6.858178743523154,1.8944190653665267,AN81
17043,17,043,DuPage,2020,3,31,86.19740269264675,4.607858687456457,0.05175996836023492,9.164038292194933,AN81
17043,17,043,DuPage,2020,4,30,118.12376164671551,8.236628938191313,2.489437687720357,13.983913917213158,AN81
17043,17,043,DuPage,2020,5,31,200.81077221667252,14.856818328771718,9.730678031909033,19.983057800412922,AN81
17043,17,043,DuPage,2020,6,30,101.89178539997702,22.733705760306485,16.74598461639831,28.72153299356551,AN81
17043,17,043,DuPage,2020,7,31,75.74135918013147,24.742942184376805,19.46890377758073,30.017082169124123,AN81
17043,17,043,DuPage,2020,8,31,26.010272172020176,23.03042154755416,17.11513983613819,28.94580279827036,AN81
17043,17,043,DuPage,2020,9,30,93.00120807669053,17.601387281862042,12.044605007901055,23.158269415721964,AN81
17043,17,043,DuPage,2020,10,31,99.14074213641527,9.419563231493447,3.587420395263435,15.251806582959794,AN81
17043,17,043,DuPage,2020,11,30,50.635287208393144,6.932806378320703,1.6525113393145594,12.213192099571916,AN81
17043,17,043,DuPage,2020,12,31,66.8655533334251,-0.6361141281966867,-4.90194541083489,3.623665509585978,"AN81,AN91"
17043,17,043,DuPage,2021,1,31,57.93379098640622,-2.8459459489128154,-6.1296548061228044,0.35718316861530297,AN91
17043,17,043,DuPage,2021,2,28,31.847033125970064,-8.417564371595798,-13.534576299932525,-3.367443873739101,AN91
17043,17,043,DuPage,2021,3,31,33.30036091956786,5.5354184575141065,-0.3668005914340391,11.371039078323049,AN91
17043,17,043,DuPage,2021,4,30,29.959749114392995,10.349703142141873,4.499842576826181,16.112389352264213,AN91
17043,17,043,DuPage,2021,5,31,74.4356319734644,14.916636323158965,9.161036459031108,20.53704163086962,AN91
17043,17,043,DuPage,2021,6,30,179.17033931081244,22.930994074143463,17.247030589983904,28.571566038222745,AN91
17043,17,043,DuPage,2021,7,31,59.11815728457223,23.01021142649815,18.156450214824883,27.864113967929185,AN91
17043,17,043,DuPage,2021,8,31,91.32398661426396,24.081090998324537,18.390911091718657,29.771411096236957,AN91
17043,17,043,DuPage,2021,9,30,28.179155966417042,20.26255532402772,13.841879853650111,26.683375016568046,AN91
17043,17,043,DuPage,2021,10,31,162.0675541306847,14.340129984898853,9.733112238045509,18.947286821652256,AN91
17043,17,043,DuPage,2021,11,30,20.412943414452776,3.5265441084539773,-1.6206918024741346,8.673851856938203,AN91
17043,17,043,DuPage,2021,12,31,58.69023839780053,1.9288112934994348,-2.4705102364731704,6.3281822145232205,AN91
17045,17,045,Edgar,2020,1,31,138.84546093270876,0.8375868425128749,-2.855481712360729,4.5308207105825575,AN81
17045,17,045,Edgar,2020,2,29,69.4099978243204,0.33966307601345785,-3.9880045701936857,4.667335216499687,AN81
17045,17,045,Edgar,2020,3,31,115.97865588980775,7.214285199541911,2.454910814823762,11.973758730601194,AN81
17045,17,045,Edgar,2020,4,30,97.75926063183256,9.886582826236607,3.6056714737529765,16.167594467927113,AN81
17045,17,045,Edgar,2020,5,31,124.21481226545033,16.218494556679605,11.05651876587164,21.380568777086214,AN81
17045,17,045,Edgar,2020,6,30,147.04329392003007,23.36512156367011,17.489193057251857,29.241145902266496,AN81
17045,17,045,Edgar,2020,7,31,249.36969124629786,24.79242234874208,19.31806705833624,30.266876108440783,AN81
17045,17,045,Edgar,2020,8,31,33.9920437059867,22.40866209023009,16.6168850652309,28.20054274505836,AN81
17045,17,045,Edgar,2020,9,30,18.0231699627777,18.620049537117783,11.944272008167685,25.29592868040417,AN81
17045,17,045,Edgar,2020,10,31,117.97094556222645,11.68677248046748,5.0508270828507875,18.322815744737923,AN81
17045,17,045,Edgar,2020,11,30,85.83583616131048,7.860532456796976,1.9019654437166182,13.819195308024861,AN81
17045,17,045,Edgar,2020,12,31,57.04169565000257,0.720143608339666,-3.89404078421249,5.337417690768152,"AN81,AN91"
17045,17,045,Edgar,2021,1,31,58.91407967964331,-1.3247442048722182,-4.740354348916006,2.1882790560693888,AN91
17045,17,045,Edgar,2021,2,28,59.24248668329776,-5.501811442089847,-10.212458874073581,-0.631190248532391,AN91
17045,17,045,Edgar,2021,3,31,116.83749132535395,7.4816111919647055,1.3646962289310196,13.680817623207487,AN91
17045,17,045,Edgar,2021,4,30,46.577505623477144,11.562504807821282,5.4364744909250655,17.71443882748156,AN91
17045,17,045,Edgar,2021,5,31,105.98213468402766,15.995597514869836,10.253816917725759,21.659728086477205,AN91
17045,17,045,Edgar,2021,6,30,249.53103406791007,23.389716154815616,17.973032907980226,28.75211060867195,AN91
17045,17,045,Edgar,2021,7,31,119.82210418170443,23.188756139760105,18.12533513684251,28.252320815358807,AN91
17045,17,045,Edgar,2021,8,31,103.58544215885118,24.424012839384122,18.758273291907877,30.089894684527632,AN91
17045,17,045,Edgar,2021,9,30,90.29741646893235,20.64385774930574,13.882115371183215,27.405745465953714,AN91
17045,17,045,Edgar,2021,10,31,146.4086352367958,15.62052249695309,10.535405312509498,20.705779692520988,AN91
17045,17,045,Edgar,2021,11,30,37.37375093103065,4.339537210187376,-1.3582950394178077,10.037464690317698,AN91
17045,17,045,Edgar,2021,12,31,89.18697592733136,4.842888033200693,-0.05914610151624264,9.745010024878182,AN91
17047,17,047,Edwards,2020,1,31,160.02114950962311,2.2262619981858447,-1.8049286695901374,6.257917193600121,AN81
17047,17,047,Edwards,2020,2,29,78.25073661432135,2.2255016548457864,-2.4311245138719126,6.882174613389325,AN81
17047,17,047,Edwards,2020,3,31,152.47164951290105,8.742234744509746,3.661607615220846,13.822957518530838,AN81
17047,17,047,Edwards,2020,4,30,103.08578837722564,11.122391917007771,5.048022455794802,17.196866278766706,AN81
17047,17,047,Edwards,2020,5,31,124.82606551045359,17.284716980955942,12.104307794979677,22.465225263514625,AN81
17047,17,047,Edwards,2020,6,30,83.65879577180928,23.93436724482213,18.121480344838513,29.74735569528066,AN81
17047,17,047,Edwards,2020,7,31,181.99557424210457,25.80209115807115,20.28610469908073,31.318176955557234,AN81
17047,17,047,Edwards,2020,8,31,73.56201761846621,23.314474682866162,17.849325220226053,28.779722659945822,AN81
17047,17,047,Edwards,2020,9,30,17.957049031714895,19.80850483141109,13.158566881944514,26.4585408665605,AN81
17047,17,047,Edwards,2020,10,31,142.9421312481799,12.670648264481315,6.029429620749387,19.311969250698603,AN81
17047,17,047,Edwards,2020,11,30,111.01995779216794,8.852331387289961,2.6453260155525027,15.059429091358481,AN81
17047,17,047,Edwards,2020,12,31,73.6739973799959,2.1961814193355513,-2.645234134105539,7.036560987704764,"AN81,AN91"
17047,17,047,Edwards,2021,1,31,66.34790534955133,0.6737509264692284,-3.2153219861629942,4.49331719618159,AN91
17047,17,047,Edwards,2021,2,28,98.18710463767565,-3.085959346584604,-7.787910550928695,1.531459219658123,AN91
17047,17,047,Edwards,2021,3,31,118.23358705179452,9.443460036943042,3.226333778383341,15.489584504229066,AN91
17047,17,047,Edwards,2021,4,30,82.52319758541726,12.842845285621324,6.540748326936309,18.999553966177075,AN91
17047,17,047,Edwards,2021,5,31,98.93481140842248,17.367084827083218,11.51577761895297,23.178319263874606,AN91
17047,17,047,Edwards,2021,6,30,155.12452121260296,23.887593192534112,18.635365224268067,29.271576817443258,AN91
17047,17,047,Edwards,2021,7,31,250.71982975302353,24.50011071303339,19.050702648816994,29.94966053016893,AN91
17047,17,047,Edwards,2021,8,31,162.58354832907625,25.215907622906297,19.77160729239544,30.66035046318874,AN91
17047,17,047,Edwards,2021,9,30,64.55407877941724,21.333463534752962,14.601016918246577,28.06605340498773,AN91
17047,17,047,Edwards,2021,10,31,154.2247102454341,16.89037588309758,11.209612152015653,22.571283728743158,AN91
17047,17,047,Edwards,2021,11,30,42.5341979843846,5.501523016949694,-0.888573747888429,11.891728516104719,AN91
17047,17,047,Edwards,2021,12,31,137.54743586630747,7.371754212683599,1.774050765288601,12.969578216893488,AN91
17049,17,049,Effingham,2020,1,31,182.90434805300455,1.26319882438576,-2.6936807967816017,5.220373530881158,AN81
17049,17,049,Effingham,2020,2,29,68.2945646393578,1.1930271276670836,-3.2173656255274863,5.603452564415029,AN81
17049,17,049,Effingham,2020,3,31,110.27818507941258,7.922008013472455,2.94482152770497,12.899293411682631,AN81
17049,17,049,Effingham,2020,4,30,115.19034857450957,10.587078663901487,4.490449626673697,16.683809967200357,AN81
17049,17,049,Effingham,2020,5,31,105.9695294340697,16.658157058812918,11.514568483201721,21.80184191790949,AN81
17049,17,049,Effingham,2020,6,30,79.3778208354249,23.67707485968994,17.93162686431199,29.42262178319493,AN81
17049,17,049,Effingham,2020,7,31,239.2486086775096,25.425239142662484,20.040395062835568,30.81018123354162,AN81
17049,17,049,Effingham,2020,8,31,35.65436867642263,22.896153830058463,17.19533252678125,28.597074257548805,AN81
17049,17,049,Effingham,2020,9,30,16.686677342394937,19.1538733693593,12.3552477961234,25.95259926351302,AN81
17049,17,049,Effingham,2020,10,31,114.99129280806798,11.905705316949005,5.176818410238008,18.63469282240513,AN81
17049,17,049,Effingham,2020,11,30,125.83778184992303,8.49726893598286,2.3580866767141067,14.636545570027014,AN81
17049,17,049,Effingham,2020,12,31,48.395671546963854,1.4903865558061677,-3.200531226705279,6.180908647701441,"AN81,AN91"
17049,17,049,Effingham,2021,1,31,67.88982944493318,-0.292312113962746,-3.8907831436968157,3.299622012525157,AN91
17049,17,049,Effingham,2021,2,28,70.17701139342871,-4.159690790204434,-8.84671492745109,0.4038021983858949,AN91
17049,17,049,Effingham,2021,3,31,136.78927558258897,8.735946212164917,2.814307089080341,14.612865056464052,AN91
17049,17,049,Effingham,2021,4,30,72.43200869750582,12.33034074878894,6.471908070430349,18.182095976167275,AN91
17049,17,049,Effingham,2021,5,31,112.08240120466482,16.86586913425293,11.267894705173186,22.374215269298062,AN91
17049,17,049,Effingham,2021,6,30,119.47599280768478,23.89791628892892,18.487871659927894,29.294397289699663,AN91
17049,17,049,Effingham,2021,7,31,173.6132947192499,23.920385576915194,18.81994938217356,29.02096201477799,AN91
17049,17,049,Effingham,2021,8,31,108.57750882419516,24.730014897085994,19.226117549536728,30.234052459681077,AN91
17049,17,049,Effingham,2021,9,30,77.4281352197424,20.97277072644246,14.138376676055547,27.807308069625982,AN91
17049,17,049,Effingham,2021,10,31,140.55626205434643,15.978704677593692,10.879955472706568,21.077594877553953,AN91
17049,17,049,Effingham,2021,11,30,41.09482721491284,5.156217737370103,-0.746813772667961,11.059356716045384,AN91
17049,17,049,Effingham,2021,12,31,86.01510317250946,6.1114099421126395,1.0337533579434666,11.189172561741188,AN91
17051,17,051,Fayette,2020,1,31,186.09084190457062,1.0787833685202033,-2.8394512667186698,4.997302698367442,AN81
17051,17,051,Fayette,2020,2,29,69.36233822656857,1.213021008817607,-3.1447304292805827,5.570799927633052,AN81
17051,17,051,Fayette,2020,3,31,109.44153748284035,7.873565186097096,3.1273435021383746,12.61988846270321,AN81
17051,17,051,Fayette,2020,4,30,128.6058543869657,10.490963001952384,4.542251957402897,16.439772355600926,AN81
17051,17,051,Fayette,2020,5,31,102.39162055354628,16.649750764312476,11.727982147182441,21.57162027742652,AN81
17051,17,051,Fayette,2020,6,30,107.32894235273656,23.78971994377105,17.92312598115955,29.65641354907536,AN81
17051,17,051,Fayette,2020,7,31,213.19607845274012,25.484642967061532,20.175301921343152,30.794082768367954,AN81
17051,17,051,Fayette,2020,8,31,51.28200091868313,22.797484488724077,17.058837155616036,28.536232029065776,AN81
17051,17,051,Fayette,2020,9,30,19.316138125191262,19.058940203393927,12.217127633490026,25.90085498005602,AN81
17051,17,051,Fayette,2020,10,31,130.54267149094014,11.659109888453031,5.041457469556827,18.27685910346783,AN81
17051,17,051,Fayette,2020,11,30,121.23290972683195,8.427820128315737,2.4043948031630236,14.451339207190317,AN81
17051,17,051,Fayette,2020,12,31,45.36038325847318,1.4464423398747692,-3.3013117126395226,6.197028599146929,"AN81,AN91"
17051,17,051,Fayette,2021,1,31,70.44765096135305,-0.3804147157434224,-3.8605279620769664,3.1684629468645307,AN91
17051,17,051,Fayette,2021,2,28,62.43159537906652,-4.334392386462519,-8.899076896589074,0.22184495148094743,AN91
17051,17,051,Fayette,2021,3,31,145.4201872793208,8.801571273280752,3.101002616982147,14.538286017336615,AN91
17051,17,051,Fayette,2021,4,30,66.78516642140431,12.2121759956258,6.519741825090634,17.878898532529536,AN91
17051,17,051,Fayette,2021,5,31,125.8792169977235,16.810841907641183,11.40778136519537,22.17204600098868,AN91
17051,17,051,Fayette,2021,6,30,125.72361558309835,23.8974675262897,18.500877107050034,29.41748036858229,AN91
17051,17,051,Fayette,2021,7,31,216.76431441936103,23.852993265142015,18.610093869193857,29.096036095098853,AN91
17051,17,051,Fayette,2021,8,31,119.40101638258434,24.643382194849618,19.035461411621664,30.251445107954403,AN91
17051,17,051,Fayette,2021,9,30,55.598361931698655,20.80725962324938,13.885875357875191,27.728786986721676,AN91
17051,17,051,Fayette,2021,10,31,149.4817469688381,15.592084237273278,10.443656114318564,20.74065305575617,AN91
17051,17,051,Fayette,2021,11,30,32.41022501646716,5.2691639977974285,-0.6969503929256765,11.235380654821784,AN91
17051,17,051,Fayette,2021,12,31,84.46741938898785,6.025875124751719,0.9482286705608532,11.103628004132291,AN91
17053,17,053,Ford,2020,1,31,98.98224338252923,-0.9004298894136264,-4.4913452645595875,2.690221594554151,AN81
17053,17,053,Ford,2020,2,29,47.49429415330385,-1.8809658749077247,-6.209734018964912,2.447767337137515,AN81
17053,17,053,Ford,2020,3,31,71.38624864278532,5.165253132857624,0.4588241703885399,9.871760823542028,AN81
17053,17,053,Ford,2020,4,30,99.54899096208997,8.456372826373645,2.055254939043629,14.857590543234071,AN81
17053,17,053,Ford,2020,5,31,141.71700913129558,15.36093209186049,10.186467315664583,20.53549882408875,AN81
17053,17,053,Ford,2020,6,30,111.04638840845956,23.088461559191078,17.049366394493166,29.12765472266689,AN81
17053,17,053,Ford,2020,7,31,150.63485798971953,24.186252081842188,18.463096271229563,29.909507907220423,AN81
17053,17,053,Ford,2020,8,31,28.136171495530007,21.78107422278421,15.433873305993007,28.1283754850338,AN81
17053,17,053,Ford,2020,9,30,97.16267310710187,17.685667626339374,10.953201231761335,24.41823731123561,AN81
17053,17,053,Ford,2020,10,31,36.33730092046491,10.29877701265488,3.827052307297393,16.770598370591085,AN81
17053,17,053,Ford,2020,11,30,50.37724132361128,7.126268326597309,1.3138343783455673,12.93879249587876,AN81
17053,17,053,Ford,2020,12,31,39.24270070254696,-0.2318893899079465,-5.181185635345245,4.720514814072358,"AN81,AN91"
17053,17,053,Ford,2021,1,31,54.822347318936295,-2.336495255469987,-5.575752707600882,0.9278381696650924,AN91
17053,17,053,Ford,2021,2,28,30.539994158696288,-7.724828600263872,-12.450286167613271,-3.0971549499451223,AN91
17053,17,053,Ford,2021,3,31,80.81837740071902,6.498947005343961,0.5481661350139099,12.372532090169617,AN91
17053,17,053,Ford,2021,4,30,64.86143343552122,11.044215934844678,4.567022711346275,17.252168120436554,AN91
17053,17,053,Ford,2021,5,31,116.57873080726866,15.97244909777005,10.375375241506493,21.359840670639162,AN91
17053,17,053,Ford,2021,6,30,208.5045523097615,23.436520335525937,17.80382325632202,28.970895398222503,AN91
17053,17,053,Ford,2021,7,31,100.24177369407188,22.883051168939332,17.838213721914705,27.928032421897,AN91
17053,17,053,Ford,2021,8,31,147.707440108989,23.79088624967553,17.96927820247791,29.612637082727918,AN91
17053,17,053,Ford,2021,9,30,71.27866321971285,20.519978796599215,13.329639530400694,27.710462121369144,AN91
17053,17,053,Ford,2021,10,31,222.2359805087717,14.79374869243881,9.824637436725876,19.763001396003748,AN91
17053,17,053,Ford,2021,11,30,24.18074208386058,3.861197046912073,-1.681591545756697,9.404066127612264,AN91
17053,17,053,Ford,2021,12,31,50.86874021909383,3.327080805744701,-1.5712800586691476,8.225506470320324,AN91
17055,17,055,Franklin,2020,1,31,153.21269734655246,2.328170433962621,-1.7987741740610321,6.455532800652151,AN81
17055,17,055,Franklin,2020,2,29,91.15681729845814,2.3602634007152075,-2.401708038275765,7.1222836953879005,AN81
17055,17,055,Franklin,2020,3,31,153.3109581644219,9.377770211846697,4.310907660549267,14.444730681364263,AN81
17055,17,055,Franklin,2020,4,30,84.52762832195808,11.548991727014775,5.470089182095126,17.62799529980349,AN81
17055,17,055,Franklin,2020,5,31,123.71361427745134,17.640716699919384,12.880944392271994,22.400589102173498,AN81
17055,17,055,Franklin,2020,6,30,129.0479956771739,24.14820501625655,18.52247771854167,29.77403241345074,AN81
17055,17,055,Franklin,2020,7,31,106.96585566773912,26.660694588799664,21.627908023733657,31.693585628823357,AN81
17055,17,055,Franklin,2020,8,31,86.92544594218732,23.638793265252716,18.54052963600137,28.73715393445663,AN81
17055,17,055,Franklin,2020,9,30,35.43205354099516,20.219845700105417,14.28982500716381,26.149969836740073,AN81
17055,17,055,Franklin,2020,10,31,124.59477605101974,12.875599973286594,6.466761939548825,19.284538173625034,AN81
17055,17,055,Franklin,2020,11,30,112.74678799142825,9.438401088140038,3.2482586195833085,15.628639920754454,AN81
17055,17,055,Franklin,2020,12,31,67.91406524384256,2.5010392026915715,-2.6364137090484587,7.639845847567411,"AN81,AN91"
17055,17,055,Franklin,2021,1,31,64.83812898616456,1.0292192828211673,-2.848525024774874,4.9802903712268325,AN91
17055,17,055,Franklin,2021,2,28,88.67758953518042,-2.8177607658855863,-7.597581536282085,2.141342618972677,AN91
17055,17,055,Franklin,2021,3,31,148.67245509731234,10.033726536580527,4.07991874407139,15.935472813627344,AN91
17055,17,055,Franklin,2021,4,30,87.8017186204176,13.104112451694489,7.091190191790752,18.99543685780623,AN91
17055,17,055,Franklin,2021,5,31,106.94579440852158,17.54176550146258,11.462694734639118,23.271558438272915,AN91
17055,17,055,Franklin,2021,6,30,134.48970070923613,24.501582461670168,19.093245463483356,29.846987853605313,AN91
17055,17,055,Franklin,2021,7,31,188.16030550456577,24.550325863324783,19.387676094602572,29.71311796704434,AN91
17055,17,055,Franklin,2021,8,31,81.65542793864414,25.37996153315488,19.77993057941398,30.980134821850733,AN91
17055,17,055,Franklin,2021,9,30,80.4927077691005,21.55447098495047,15.24339047149822,27.865694823781304,AN91
17055,17,055,Franklin,2021,10,31,159.17482500622776,16.826234979433092,11.368526158509514,22.28407991098553,AN91
17055,17,055,Franklin,2021,11,30,46.238466220374825,6.260843962115584,-0.42257479936079917,12.944375540286313,AN91
17055,17,055,Franklin,2021,12,31,148.23192642178066,7.959178372242292,2.277144076400448,13.641335049089063,AN91
17057,17,057,Fulton,2020,1,31,75.98124212703433,-1.5392129003298023,-5.487511734486268,2.408845460487001,AN81
17057,17,057,Fulton,2020,2,29,41.85736910793033,-1.599254083262458,-6.359462206468919,3.160919646955792,AN81
17057,17,057,Fulton,2020,3,31,69.76213851951105,6.071759429536332,1.1818466353060584,10.96175956463781,AN81
17057,17,057,Fulton,2020,4,30,156.06168287628077,9.723059057329772,3.3267380743109594,16.11947914864657,AN81
17057,17,057,Fulton,2020,5,31,130.50373410047084,15.75776143037307,10.72317997559798,20.79244583507333,AN81
17057,17,057,Fulton,2020,6,30,90.94522631908042,23.136035871305936,17.326215393457613,28.945959209796413,AN81
17057,17,057,Fulton,2020,7,31,130.10497397698944,24.80948630275769,19.530275346028592,30.088797415661894,AN81
17057,17,057,Fulton,2020,8,31,16.996122037601683,22.429097125366315,16.17211686480438,28.68617724140385,AN81
17057,17,057,Fulton,2020,9,30,123.38232873498073,17.842195900052925,11.625055817036959,24.05943882825175,AN81
17057,17,057,Fulton,2020,10,31,39.43683063212368,10.09728787180103,3.9933428828896225,16.201335077858634,AN81
17057,17,057,Fulton,2020,11,30,59.834789169172716,7.4503631490553595,1.4978779782485736,13.402941095492174,AN81
17057,17,057,Fulton,2020,12,31,38.81906486364925,-0.33213711789176353,-5.362237774598156,4.700341643842589,"AN81,AN91"
17057,17,057,Fulton,2021,1,31,53.07791513031113,-2.4049140893406986,-5.787327994938062,1.0201743872671531,AN91
17057,17,057,Fulton,2021,2,28,29.73921402971012,-7.57779012551332,-11.848923312191536,-3.0056376623813454,AN91
17057,17,057,Fulton,2021,3,31,110.32390859854407,7.053038152100503,1.2185614675011531,13.030790275823005,AN91
17057,17,057,Fulton,2021,4,30,121.92360842576038,11.194674308049363,5.247772659375844,17.201065728998874,AN91
17057,17,057,Fulton,2021,5,31,170.66568076550584,15.884513285820306,10.661255989782731,20.86470611132976,AN91
17057,17,057,Fulton,2021,6,30,150.87554465179718,23.27479501575465,17.852845161343794,28.60516598922145,AN91
17057,17,057,Fulton,2021,7,31,73.00106206906997,23.153694765170968,18.190489999188223,28.117042032102457,AN91
17057,17,057,Fulton,2021,8,31,113.73254055388313,23.813331588054083,18.072578489643607,29.554227805205816,AN91
17057,17,057,Fulton,2021,9,30,23.801356596346672,20.617406880678057,13.404001539114299,27.830956699160474,AN91
17057,17,057,Fulton,2021,10,31,216.97404946608634,14.49655294143887,9.465550773456627,19.527694869951226,AN91
17057,17,057,Fulton,2021,11,30,16.39076478039153,4.527430424431201,-1.3353243204270686,10.390270450934445,AN91
17057,17,057,Fulton,2021,12,31,28.86151762744663,3.2646710074501604,-2.273003090342194,8.802399747733391,AN91
17059,17,059,Gallatin,2020,1,31,132.08000319312555,3.005471926764969,-1.107801887120929,7.119278798333626,AN81
17059,17,059,Gallatin,2020,2,29,98.3035614200535,2.9826722487526887,-1.9279109309125217,7.893314395956641,AN81
17059,17,059,Gallatin,2020,3,31,147.10005900370254,9.766538344892178,4.399686166456382,15.133489794034684,AN81
17059,17,059,Gallatin,2020,4,30,58.763235308035384,11.519413841375062,5.069629510741517,17.96929722953628,AN81
17059,17,059,Gallatin,2020,5,31,125.79273610031645,17.512053596973512,12.346101713291768,22.67810567268895,AN81
17059,17,059,Gallatin,2020,6,30,198.80556899674636,23.630870041061062,18.046296260163828,29.215549135776552,AN81
17059,17,059,Gallatin,2020,7,31,144.17889856369987,26.177095750735692,20.86313682917811,31.491157759979068,AN81
17059,17,059,Gallatin,2020,8,31,101.76111163579144,23.47814568416788,18.283654502995468,28.672740358450053,AN81
17059,17,059,Gallatin,2020,9,30,67.59570780773069,20.120798209435055,13.92457821529891,26.317120165291325,AN81
17059,17,059,Gallatin,2020,10,31,180.94086210399763,13.034386900487775,6.7490958786936535,19.31977920463218,AN81
17059,17,059,Gallatin,2020,11,30,70.37589933209375,9.447305271044776,3.0368054277886944,15.857901486846943,AN81
17059,17,059,Gallatin,2020,12,31,66.2246506870616,2.788481869750269,-2.3896372031494466,7.9611807698056625,"AN81,AN91"
17059,17,059,Gallatin,2021,1,31,64.02433571734515,1.6359052211513678,-2.5194242194123087,5.668328435018361,AN91
17059,17,059,Gallatin,2021,2,28,120.61320372804073,-2.1340324448163317,-7.0395865139800256,2.60672031256403,AN91
17059,17,059,Gallatin,2021,3,31,128.5179116679198,9.942006293705733,3.5222439134306347,16.161711009317234,AN91
17059,17,059,Gallatin,2021,4,30,65.4392410660504,13.08331825110326,6.639495481757887,19.3755425039375,AN91
17059,17,059,Gallatin,2021,5,31,95.60122602678902,17.357183538285724,11.321286071078356,23.20614976759595,AN91
17059,17,059,Gallatin,2021,6,30,106.4248895169381,24.080626139273146,18.735541804215543,29.392139629562,AN91
17059,17,059,Gallatin,2021,7,31,170.49491474454265,24.61717781132199,19.41577713874224,29.81872037027501,AN91
17059,17,059,Gallatin,2021,8,31,86.40709939834497,25.176599966942103,19.74804135070927,30.60529944940663,AN91
17059,17,059,Gallatin,2021,9,30,57.55545536929101,21.206667651226653,14.674722034114344,27.738757512220193,AN91
17059,17,059,Gallatin,2021,10,31,119.39381239558517,17.004649661511476,11.280172827436862,22.729265626195886,AN91
17059,17,059,Gallatin,2021,11,30,44.59415601377967,5.904128711242154,-0.8715071582772362,12.679877551050016,AN91
17059,17,059,Gallatin,2021,12,31,133.24008677169053,8.379712389740753,2.5657118073147807,14.193834991468716,AN91
17061,17,061,Greene,2020,1,31,134.52389306067386,-0.051690571732443964,-3.95331645941985,3.849931113669273,AN81
17061,17,061,Greene,2020,2,29,76.38522062666426,-0.19839858822406006,-4.990121173493373,4.593322100456676,AN81
17061,17,061,Greene,2020,3,31,95.36734675218887,7.451665736381021,2.5898352155642184,12.313590919785641,AN81
17061,17,061,Greene,2020,4,30,113.68347296959143,10.579679855153335,4.346973051072017,16.812486560590276,AN81
17061,17,061,Greene,2020,5,31,141.96407544313152,16.43723038861686,11.5332181886332,21.34134422926034,AN81
17061,17,061,Greene,2020,6,30,109.12748070584367,23.693868151058364,17.8091788999585,29.578660637490607,AN81
17061,17,061,Greene,2020,7,31,129.59047583708795,25.52299899601349,20.447119145986807,30.598977666860403,AN81
17061,17,061,Greene,2020,8,31,57.96042724522484,22.774802958255112,16.857977021387942,28.69172784845421,AN81
17061,17,061,Greene,2020,9,30,75.209153693285,18.94835605136599,12.522528588174843,25.374284972596552,AN81
17061,17,061,Greene,2020,10,31,48.043866456183544,11.27167054571631,5.154904182541495,17.388536694688167,AN81
17061,17,061,Greene,2020,11,30,68.98907865172505,8.26083181787623,2.115697549841045,14.406058887712838,AN81
17061,17,061,Greene,2020,12,31,36.61756547101234,0.9829489415859547,-4.331465420874091,6.2999375376059,"AN81,AN91"
17061,17,061,Greene,2021,1,31,62.01312222030111,-0.7709007483595461,-4.048847449442278,2.594529937040815,AN91
17061,17,061,Greene,2021,2,28,41.38197566900846,-5.864400526605875,-10.514115116887032,-1.0202273521750471,AN91
17061,17,061,Greene,2021,3,31,112.02945580892751,8.495632241164694,2.8375015475885843,14.393634690013084,AN91
17061,17,061,Greene,2021,4,30,126.03030303222471,12.04547947704173,6.143412516850462,18.091577265596253,AN91
17061,17,061,Greene,2021,5,31,139.96666018646823,16.68006097613794,11.567847083690364,21.920042388221297,AN91
17061,17,061,Greene,2021,6,30,205.03437753346017,23.960167795531966,18.528714449661475,29.52153255757725,AN91
17061,17,061,Greene,2021,7,31,177.69110360836666,23.90479575719683,18.944296794077,28.86543825612295,AN91
17061,17,061,Greene,2021,8,31,113.84552550581066,24.68072830015246,19.00905646565572,30.352543205644785,AN91
17061,17,061,Greene,2021,9,30,73.65988168076538,21.121669649641863,14.147446327019024,28.096036529021077,AN91
17061,17,061,Greene,2021,10,31,119.23940528264373,15.338651546811173,10.292144972246389,20.3852986789063,AN91
17061,17,061,Greene,2021,11,30,13.96230778576809,5.499622284051864,-0.8311604679789222,11.830507208712124,AN91
17061,17,061,Greene,2021,12,31,61.747520769057665,5.264509430399885,-0.43010055181054196,10.959206651506952,AN91
17063,17,063,Grundy,2020,1,31,87.0903069468466,-1.5158477380179276,-5.052346798719077,2.0202866691189905,AN81
17063,17,063,Grundy,2020,2,29,27.853757230515452,-2.2595279446048497,-6.616870399119514,2.0977781446717056,AN81
17063,17,063,Grundy,2020,3,31,67.04328180049248,4.74193256802345,0.02416467541943142,9.459784360059315,AN81
17063,17,063,Grundy,2020,4,30,127.81866287949127,8.416278618447878,2.3018794726922005,14.530771515083105,AN81
17063,17,063,Grundy,2020,5,31,162.11997880728765,15.307200121452874,10.095641567691226,20.51885773975204,AN81
17063,17,063,Grundy,2020,6,30,106.63684295389764,23.122639754381947,16.931453824158552,29.3139301479004,AN81
17063,17,063,Grundy,2020,7,31,134.76603294024474,24.464977684221264,18.964697944616105,29.965359107733168,AN81
17063,17,063,Grundy,2020,8,31,31.482681231934222,22.373259832169396,16.139224757503726,28.607397901433462,AN81
17063,17,063,Grundy,2020,9,30,108.20262875559578,17.489873741927926,11.283872268827736,23.695977746656183,AN81
17063,17,063,Grundy,2020,10,31,50.232622413664636,9.804467944982564,3.5238740011172496,16.08516283042663,AN81
17063,17,063,Grundy,2020,11,30,50.41056738827349,6.987463492239152,1.3582212829072717,12.616785028472803,AN81
17063,17,063,Grundy,2020,12,31,46.793630847997015,-0.6539743619746229,-5.334772069387053,4.024227940785235,"AN81,AN91"
17063,17,063,Grundy,2021,1,31,48.09936097071514,-2.7317742385578883,-5.975439531503039,0.40358349577693636,AN91
17063,17,063,Grundy,2021,2,28,26.08828961142858,-8.690092681106558,-13.691737567264383,-3.734399120089401,AN91
17063,17,063,Grundy,2021,3,31,40.974594453070566,6.017059890237807,0.052062109506190286,11.965902489766503,AN91
17063,17,063,Grundy,2021,4,30,52.5137791697917,10.677418957455563,4.193614768839172,16.951540953753998,AN91
17063,17,063,Grundy,2021,5,31,100.03800372692997,15.322538548168941,9.687893218795578,20.878779648393536,AN91
17063,17,063,Grundy,2021,6,30,201.7547404189273,23.10797903635175,17.424699513015298,28.76441510225799,AN91
17063,17,063,Grundy,2021,7,31,86.59523474580766,22.752948003337547,18.027999545865963,27.478038298629333,AN91
17063,17,063,Grundy,2021,8,31,78.90522465148425,23.79536019949684,18.146657377253025,29.444205418823312,AN91
17063,17,063,Grundy,2021,9,30,49.040959366464485,20.273458150936012,13.17355613650176,27.373505734371086,AN91
17063,17,063,Grundy,2021,10,31,225.3184296143846,14.530452213065903,9.662299201213555,19.398747972453844,AN91
17063,17,063,Grundy,2021,11,30,20.04912106844315,3.409007843022842,-2.036119929412252,8.854205528949931,AN91
17063,17,063,Grundy,2021,12,31,49.69102295663674,2.2090546443997963,-2.3552925599172783,6.77345494985712,AN91
17065,17,065,Hamilton,2020,1,31,149.85523001727012,2.3996175619688116,-1.6963957610165337,6.496095636786043,AN81
17065,17,065,Hamilton,2020,2,29,70.98247826838448,2.414905870340749,-2.295560763190712,7.125423065828354,AN81
17065,17,065,Hamilton,2020,3,31,139.4395952144557,9.096600878975726,3.9584092102933393,14.234893610289813,AN81
17065,17,065,Hamilton,2020,4,30,84.9390180949478,11.314489059039714,5.0688461628200105,17.56023301262877,AN81
17065,17,065,Hamilton,2020,5,31,142.72962041459863,17.340925062355627,12.442989902268764,22.238962157496175,AN81
17065,17,065,Hamilton,2020,6,30,150.11977061981224,23.852454493275282,18.11692841688026,29.58807975951954,AN81
17065,17,065,Hamilton,2020,7,31,108.51447224598004,26.169228734228888,20.93173349281423,31.406823902030265,AN81
17065,17,065,Hamilton,2020,8,31,86.62610961345636,23.331192719986937,18.05657114607739,28.605910910104626,AN81
17065,17,065,Hamilton,2020,9,30,29.853935032977123,19.922061072656003,13.53541892301407,26.308807959145433,AN81
17065,17,065,Hamilton,2020,10,31,133.4759852071793,12.661659527193903,6.061948522692043,19.261470523735653,AN81
17065,17,065,Hamilton,2020,11,30,97.09190538099423,9.172184077465115,2.829598106477599,15.514857912974232,AN81
17065,17,065,Hamilton,2020,12,31,66.22723563709751,2.2950718704644193,-2.8577487916439708,7.449481750074341,"AN81,AN91"
17065,17,065,Hamilton,2021,1,31,63.216842559881215,0.9499105674508732,-2.9798838962926477,4.9453214387183975,AN91
17065,17,065,Hamilton,2021,2,28,77.49569191522238,-2.9900655966518905,-7.723407723343462,1.9038258531246819,AN91
17065,17,065,Hamilton,2021,3,31,122.50025655923157,9.623292722221498,3.4546522827187602,15.696585125371243,AN91
17065,17,065,Hamilton,2021,4,30,79.64358446650691,12.821120953470677,6.650601978677077,19.03152001571883,AN91
17065,17,065,Hamilton,2021,5,31,101.67880061364043,17.345651210185267,11.412915757279,23.136962023623365,AN91
17065,17,065,Hamilton,2021,6,30,123.85583070135002,24.142787615207858,18.754768592013907,29.53479959371577,AN91
17065,17,065,Hamilton,2021,7,31,206.2919131259718,24.330583389956743,19.145044058728875,29.516264419393252,AN91
17065,17,065,Hamilton,2021,8,31,107.50338622610941,25.195088309942772,19.66911740204139,30.7212006084828,AN91
17065,17,065,Hamilton,2021,9,30,66.83366259633472,21.233827357578534,14.54608510901562,27.921713180510604,AN91
17065,17,065,Hamilton,2021,10,31,143.64148692328015,16.68334080183861,11.104810073870345,22.262013149918396,AN91
17065,17,065,Hamilton,2021,11,30,43.529605563287525,5.7318704067476896,-1.0347578402094209,12.498609389046754,AN91
17065,17,065,Hamilton,2021,12,31,141.5682667877056,7.603615815273787,1.6963318978503656,13.511017420158963,AN91
17067,17,067,Hancock,2020,1,31,63.94467935827969,-1.6843706506566127,-5.614351628190329,2.2454069760179975,AN81
17067,17,067,Hancock,2020,2,29,25.501411452960234,-1.2743452772813166,-6.02427142986808,3.4755508948096714,AN81
17067,17,067,Hancock,2020,3,31,86.52849574153385,6.518297780430571,1.701821815814398,11.334870516088419,AN81
17067,17,067,Hancock,2020,4,30,82.01999907163054,10.066558632519794,3.8318464950558653,16.301369813748853,AN81
17067,17,067,Hancock,2020,5,31,108.72010873174358,15.892007081449144,11.095317883398135,20.688801021768604,AN81
17067,17,067,Hancock,2020,6,30,135.2871208469358,23.486173763393175,17.997793963222968,28.97465269645975,AN81
17067,17,067,Hancock,2020,7,31,145.62597271617167,25.231004712514842,20.249210444183507,30.212898965651743,AN81
17067,17,067,Hancock,2020,8,31,23.08817342553165,22.983787982365026,17.148236471965408,28.81943980938925,AN81
17067,17,067,Hancock,2020,9,30,124.18680199676844,18.15003382642266,12.273897933167653,24.026270019536476,AN81
17067,17,067,Hancock,2020,10,31,38.82096632623606,10.261081603414084,4.638580820841703,15.883681438902308,AN81
17067,17,067,Hancock,2020,11,30,62.673399654240896,7.787216806796059,2.018118705205645,13.556406790055133,AN81
17067,17,067,Hancock,2020,12,31,51.127359376997624,-0.09939032244448409,-5.017793114198133,4.820944372128215,"AN81,AN91"
17067,17,067,Hancock,2021,1,31,48.35489120022958,-2.1938657114680966,-5.577440020222726,1.229343100029568,AN91
17067,17,067,Hancock,2021,2,28,29.809215755012918,-7.549056155009684,-11.871093250404757,-3.2379296465219167,AN91
17067,17,067,Hancock,2021,3,31,107.72399410279017,7.5430608287182705,2.0925324037644755,12.965275868693709,AN91
17067,17,067,Hancock,2021,4,30,136.04778956954877,11.571250376284885,5.8556505351348935,17.22557969643877,AN91
17067,17,067,Hancock,2021,5,31,167.28641330358568,15.963979163580483,11.211869029646838,20.767560545254547,AN91
17067,17,067,Hancock,2021,6,30,150.80994102595218,23.71131349154674,18.367813724782703,29.04036489004924,AN91
17067,17,067,Hancock,2021,7,31,168.40095672159254,23.847672438382325,19.095950162819157,28.599537262292962,AN91
17067,17,067,Hancock,2021,8,31,80.6943815329141,24.215721236673403,18.950705340389202,29.480879197734726,AN91
17067,17,067,Hancock,2021,9,30,39.5067683450322,21.112594596803206,14.343039545204125,27.882294311945234,AN91
17067,17,067,Hancock,2021,10,31,149.24236760030664,14.653936348637275,9.928663619621629,19.379349871856515,AN91
17067,17,067,Hancock,2021,11,30,12.217909599292417,5.24305678472802,-0.445782028334158,10.931992081842388,AN91
17067,17,067,Hancock,2021,12,31,25.752454143571125,3.43312355077416,-2.2690083414952795,9.13530710595746,AN91
17069,17,069,Hardin,2020,1,31,133.61131798485653,3.0619983164502673,-1.1980998143954966,7.322690015075961,AN81
17069,17,069,Hardin,2020,2,29,136.53219635590287,3.099331358370125,-1.889498642874141,8.088217336576028,AN81
17069,17,069,Hardin,2020,3,31,209.68428956717972,10.045501861266823,4.525878133793401,15.565230189227274,AN81
17069,17,069,Hardin,2020,4,30,53.304147145171896,11.446030379460643,4.699752362880662,18.192409262328393,AN81
17069,17,069,Hardin,2020,5,31,118.39611426072534,17.060608566587955,11.539179564493717,22.582135767201848,AN81
17069,17,069,Hardin,2020,6,30,222.5669723105559,22.952681542404257,17.21310166655072,28.692359941167826,AN81
17069,17,069,Hardin,2020,7,31,163.31435917098923,25.88752454429691,20.470102311506004,31.305045115861603,AN81
17069,17,069,Hardin,2020,8,31,95.97809405601814,23.2771891002928,18.16864670111479,28.385827289348004,AN81
17069,17,069,Hardin,2020,9,30,72.45251837687806,19.864958761358515,13.920420202091089,25.809599096531308,AN81
17069,17,069,Hardin,2020,10,31,177.65653796463522,12.837240989689537,6.559315915653413,19.115266833060257,AN81
17069,17,069,Hardin,2020,11,30,61.706203133898164,9.363800141833478,2.845479290104036,15.882215017827422,AN81
17069,17,069,Hardin,2020,12,31,73.19698268229358,2.729453258488381,-2.6395988292175137,8.092222837691729,"AN81,AN91"
17069,17,069,Hardin,2021,1,31,69.45194476434936,1.7502840898165433,-2.575309857147464,5.933292445981508,AN91
17069,17,069,Hardin,2021,2,28,107.31331628762453,-2.0066168002855327,-6.961683612666676,2.9321657184442342,AN91
17069,17,069,Hardin,2021,3,31,124.18372294632056,10.126536508157487,3.5623404655669884,16.54675717858284,AN91
17069,17,069,Hardin,2021,4,30,86.3039626640973,13.044362370955394,6.359346029190558,19.479038827402277,AN91
17069,17,069,Hardin,2021,5,31,84.81623314336447,16.990493906017697,10.712257020091458,23.033281319728687,AN91
17069,17,069,Hardin,2021,6,30,88.75852090584792,23.679738585770956,18.22223617191832,28.973704249943886,AN91
17069,17,069,Hardin,2021,7,31,201.84482857513615,24.335349034646473,19.29622541185101,29.374614469975747,AN91
17069,17,069,Hardin,2021,8,31,99.09289729844285,24.975098656776403,19.650868248387656,30.299472801868884,AN91
17069,17,069,Hardin,2021,9,30,78.80363146902336,20.85475821484626,14.528220601197487,27.181439299154896,AN91
17069,17,069,Hardin,2021,10,31,94.66439206448214,16.764475734524268,11.108720865675762,22.42037066706336,AN91
17069,17,069,Hardin,2021,11,30,46.73430671835373,5.8978256355334455,-0.9190565730715231,12.714819010967195,AN91
17069,17,069,Hardin,2021,12,31,152.62691836187787,8.52316421921732,2.728363991897653,14.318084196023817,AN91
17071,17,071,Henderson,2020,1,31,62.06285665204685,-2.3564420410547284,-6.314770942439001,1.6015544460978064,AN81
17071,17,071,Henderson,2020,2,29,17.174724181285995,-1.8165997836857497,-6.516636776577931,2.883394959779777,AN81
17071,17,071,Henderson,2020,3,31,66.57936332256689,5.8903846339653025,1.148839185344905,10.632028219123363,AN81
17071,17,071,Henderson,2020,4,30,66.12604727105389,9.640522168581434,3.463920835194169,15.817226344867619,AN81
17071,17,071,Henderson,2020,5,31,120.56777824380725,15.582312937944307,10.76252444855484,20.40219933230098,AN81
17071,17,071,Henderson,2020,6,30,114.41708321086115,23.14115962529942,17.632932697047845,28.64948449546175,AN81
17071,17,071,Henderson,2020,7,31,98.61259089278518,24.82347285213906,19.598194619701292,30.048850719208822,AN81
17071,17,071,Henderson,2020,8,31,8.704431683467048,22.715149319805548,16.603630372152228,28.82676546999669,AN81
17071,17,071,Henderson,2020,9,30,130.92158415651474,17.6211553157924,11.693689267870718,23.548724081658577,AN81
17071,17,071,Henderson,2020,10,31,42.052539243303904,9.746258188916347,4.120598461031899,15.372019885259043,AN81
17071,17,071,Henderson,2020,11,30,62.969050696147434,7.2500898740593005,1.4788898701117361,13.021381291242678,AN81
17071,17,071,Henderson,2020,12,31,63.89824670306721,-0.6934958217746162,-5.4374420447742935,4.054565091852169,"AN81,AN91"
17071,17,071,Henderson,2021,1,31,47.12170518294867,-3.1056677045140337,-6.525205542789098,0.32841971081196963,AN91
17071,17,071,Henderson,2021,2,28,32.71490850504726,-8.445840398450436,-12.68728344365766,-4.268578264661773,AN91
17071,17,071,Henderson,2021,3,31,87.49493903566231,6.883316712795861,1.4674111184663747,12.25340480073123,AN91
17071,17,071,Henderson,2021,4,30,129.19382560420428,11.144974379875658,5.470088839670609,16.693211652591792,AN91
17071,17,071,Henderson,2021,5,31,167.95739714121086,15.76576270911406,10.868125379316675,20.61824836722717,AN91
17071,17,071,Henderson,2021,6,30,170.21109139352833,23.427216010211005,18.018787910869705,28.7818521819129,AN91
17071,17,071,Henderson,2021,7,31,139.74741984872298,23.368638148317235,18.48357930556244,28.2538398590189,AN91
17071,17,071,Henderson,2021,8,31,86.77779976069688,23.85717262857242,18.386141424983567,29.328347178429357,AN91
17071,17,071,Henderson,2021,9,30,51.11808995871995,20.79693914448894,14.039445061364377,27.554576771293704,AN91
17071,17,071,Henderson,2021,10,31,146.82715276375944,14.406179203945301,9.62626291252453,19.186236330304574,AN91
17071,17,071,Henderson,2021,11,30,8.89017990313669,4.699948316935808,-0.9147964693982384,10.314780791627665,AN91
17071,17,071,Henderson,2021,12,31,21.796041981167164,2.5756275839885077,-2.9519834041431627,8.103278641682412,AN91
17073,17,073,Henry,2020,1,31,68.7951849031661,-2.6743850194337258,-6.3667504562065655,1.0175933382299638,AN81
17073,17,073,Henry,2020,2,29,15.497655534430278,-2.6356387285304486,-7.392615942634091,2.1212892108058607,AN81
17073,17,073,Henry,2020,3,31,73.38389679131312,4.958677796533795,0.2524354289877776,9.665006890331723,AN81
17073,17,073,Henry,2020,4,30,72.25409095096839,8.891277407261459,2.3911168879589715,15.391533808853662,AN81
17073,17,073,Henry,2020,5,31,130.19491208760002,15.054765829551553,10.031190155457617,20.078441218951063,AN81
17073,17,073,Henry,2020,6,30,106.78131439219008,22.800898806823515,16.971019105594284,28.630877944881345,AN81
17073,17,073,Henry,2020,7,31,109.53953923367284,24.361378530963677,18.926090265324493,29.796765712953146,AN81
17073,17,073,Henry,2020,8,31,23.02783381327299,22.36312627099495,16.161719728991812,28.564631653549526,AN81
17073,17,073,Henry,2020,9,30,205.96968171270103,17.070729335523417,11.174910767934644,22.966648015315617,AN81
17073,17,073,Henry,2020,10,31,51.90433344598672,9.063377136727052,3.430451950050244,14.696399463458723,AN81
17073,17,073,Henry,2020,11,30,71.83094343943961,6.5248147329129305,0.7820055091461582,12.267705935745036,AN81
17073,17,073,Henry,2020,12,31,67.77838167064604,-1.5132531632748052,-6.33556995882366,3.3082910864222526,"AN81,AN91"
17073,17,073,Henry,2021,1,31,50.484520984731915,-3.91698120612218,-7.446455622054429,-0.4987005398575496,AN91
17073,17,073,Henry,2021,2,28,28.95402533066734,-9.7553585090966,-14.347319815650478,-5.124583754251411,AN91
17073,17,073,Henry,2021,3,31,67.02110714122527,5.81292030476851,0.09306268352985252,11.432419838095463,AN91
17073,17,073,Henry,2021,4,30,121.87614614540185,10.613911543359187,4.756365237760975,16.351642057745615,AN91
17073,17,073,Henry,2021,5,31,143.53590075628802,15.317675144395132,10.063705226749043,20.408191560138054,AN91
17073,17,073,Henry,2021,6,30,153.6220403951822,23.411906164177115,17.67756182687818,28.98049904073423,AN91
17073,17,073,Henry,2021,7,31,134.06859718147265,22.992942163836847,18.124913595434354,27.8611119086321,AN91
17073,17,073,Henry,2021,8,31,98.79610046827958,23.49985283116424,17.739185899427707,29.260664225766476,AN91
17073,17,073,Henry,2021,9,30,22.863959585854683,20.190412106845745,13.237271240881961,27.143696298640158,AN91
17073,17,073,Henry,2021,10,31,179.53913249899006,14.094172887873341,9.073663897269046,19.114822871558722,AN91
17073,17,073,Henry,2021,11,30,8.92868250520622,3.9350435944356636,-1.5826833092829367,9.452852163252688,AN91
17073,17,073,Henry,2021,12,31,36.52415355990826,1.548120050033404,-3.6704016826954993,6.766653081359289,AN91
17075,17,075,Iroquois,2020,1,31,94.48999619135658,-0.7151258359601934,-4.157953346387804,2.7275146941387276,AN81
17075,17,075,Iroquois,2020,2,29,50.642273502407434,-1.7479283653401934,-6.046997567794117,2.55110384808595,AN81
17075,17,075,Iroquois,2020,3,31,73.34614951803701,5.223444689185789,0.4983776464083902,9.948592669846088,AN81
17075,17,075,Iroquois,2020,4,30,100.97567352945521,8.414356867550264,2.0127130652577865,14.81609758544971,AN81
17075,17,075,Iroquois,2020,5,31,135.8650210520494,15.325162958624764,10.024366885101983,20.626060596396417,AN81
17075,17,075,Iroquois,2020,6,30,125.37875849446614,22.89041765302637,16.73617037916313,29.044765035516658,AN81
17075,17,075,Iroquois,2020,7,31,123.43620650929087,24.220251997741435,18.55325376065095,29.887351351138523,AN81
17075,17,075,Iroquois,2020,8,31,41.29927419219531,21.773893322275157,15.399429803689472,28.14845591171717,AN81
17075,17,075,Iroquois,2020,9,30,73.87283144526128,17.620501309643586,10.887800802086332,24.35329848140212,AN81
17075,17,075,Iroquois,2020,10,31,36.090784325170276,10.313593338958064,3.7456079765668115,16.88167997683364,AN81
17075,17,075,Iroquois,2020,11,30,52.01680442861632,7.073965389438675,1.2028423832634398,12.945178249359971,AN81
17075,17,075,Iroquois,2020,12,31,42.46542014236803,-0.31276005284773484,-5.073969280604825,4.456640523089013,"AN81,AN91"
17075,17,075,Iroquois,2021,1,31,62.975338116218296,-2.2473186895075514,-5.385726617022625,0.9658628644043047,AN91
17075,17,075,Iroquois,2021,2,28,29.133137740170543,-7.76880032614375,-12.682163947302739,-2.758682719129505,AN91
17075,17,075,Iroquois,2021,3,31,78.63603443203499,6.4359580741502285,0.15529075452742333,12.481099591319456,AN91
17075,17,075,Iroquois,2021,4,30,64.8367582066783,10.814092094714965,4.133448396139835,17.218374206379494,AN91
17075,17,075,Iroquois,2021,5,31,123.47506469260524,15.655322568529611,9.84924617231827,21.28098887502593,AN91
17075,17,075,Iroquois,2021,6,30,192.85048968249652,23.219014404671228,17.571524992836615,28.81490520104389,AN91
17075,17,075,Iroquois,2021,7,31,112.36505812406554,22.806225278029675,17.791666989298225,27.82092510522297,AN91
17075,17,075,Iroquois,2021,8,31,76.91814855021933,23.732974821692245,17.86461118189915,29.601480982776216,AN91
17075,17,075,Iroquois,2021,9,30,79.51974024158612,20.275072157133884,13.135458624328612,27.414827734839214,AN91
17075,17,075,Iroquois,2021,10,31,206.4770005583884,14.714993693421398,9.702629361756255,19.727498187978462,AN91
17075,17,075,Iroquois,2021,11,30,25.68747759316226,3.582580996810477,-1.8940223902103894,9.059249606248862,AN91
17075,17,075,Iroquois,2021,12,31,57.81420533980353,3.0229345772909224,-1.8316303341723243,7.877564613021212,AN91
17077,17,077,Jackson,2020,1,31,157.9228159007334,2.680919519416573,-1.3917575967186004,6.754101461205412,AN81
17077,17,077,Jackson,2020,2,29,91.85935412660208,2.938288711303612,-1.6359315206967664,7.512566531423912,AN81
17077,17,077,Jackson,2020,3,31,136.3204349882029,9.663689185599027,4.5617812764642895,14.76569998266235,AN81
17077,17,077,Jackson,2020,4,30,68.87481742796446,11.676111679473546,5.580301937889905,17.772021413731782,AN81
17077,17,077,Jackson,2020,5,31,126.46285986937099,17.634095242968176,12.553072173745472,22.71522022941986,AN81
17077,17,077,Jackson,2020,6,30,107.44368769855924,24.22077949371071,18.487040616442492,29.954622471008847,AN81
17077,17,077,Jackson,2020,7,31,151.46158673154864,26.760977971562006,21.62601487200807,31.896040570840597,AN81
17077,17,077,Jackson,2020,8,31,70.02424169924285,23.763828105955717,18.489781935607915,29.037976653929164,AN81
17077,17,077,Jackson,2020,9,30,46.569972683524796,20.031712468223454,13.851935492053551,26.21158934944146,AN81
17077,17,077,Jackson,2020,10,31,137.1419353650138,12.906312562485489,6.439461553544085,19.373264348088416,AN81
17077,17,077,Jackson,2020,11,30,106.96102384795132,9.578929441439275,3.3463051115156963,15.81164668560918,AN81
17077,17,077,Jackson,2020,12,31,70.26292344623184,2.7217238934868986,-2.738529676689167,8.184398335271712,"AN81,AN91"
17077,17,077,Jackson,2021,1,31,64.65343202049877,1.5075637340389934,-2.4593221044019287,5.579601452312088,AN91
17077,17,077,Jackson,2021,2,28,83.2786466931736,-2.705229369491149,-7.668215729208364,2.2311605704239548,AN91
17077,17,077,Jackson,2021,3,31,174.84072870960784,10.24676929761806,4.217805324962312,16.305656842745872,AN91
17077,17,077,Jackson,2021,4,30,96.46710439037888,13.29445972903053,7.357704885371276,19.146942439838334,AN91
17077,17,077,Jackson,2021,5,31,88.86263941494327,17.782610339303382,12.02445140212233,23.450632914166956,AN91
17077,17,077,Jackson,2021,6,30,93.71672228694155,24.730141337823284,19.53879977381788,29.850677866117344,AN91
17077,17,077,Jackson,2021,7,31,141.88577682997692,24.881506405407197,19.69842503501847,30.064729343013692,AN91
17077,17,077,Jackson,2021,8,31,56.8355208193842,25.33690346723051,19.856914883029177,30.81703506795981,AN91
17077,17,077,Jackson,2021,9,30,122.80865049723305,21.436486957589487,15.040796622140606,27.832319979358253,AN91
17077,17,077,Jackson,2021,10,31,135.7141462438781,16.80415433913859,11.333160598557617,22.275288733456133,AN91
17077,17,077,Jackson,2021,11,30,43.36816305820162,6.732424466781696,0.19050439473949718,13.274467832991528,AN91
17077,17,077,Jackson,2021,12,31,145.1023677756751,8.406145798726543,2.875532475014041,13.936881706430848,AN91
17079,17,079,Jasper,2020,1,31,161.85466296815486,1.5893694467359785,-2.3459021525567616,5.524938797702984,AN81
17079,17,079,Jasper,2020,2,29,71.43336834861498,1.4920433532182735,-3.0024192574189277,5.98653876031645,AN81
17079,17,079,Jasper,2020,3,31,116.40481203374107,8.0754360863911,3.14578597921803,13.00518665432141,AN81
17079,17,079,Jasper,2020,4,30,103.7309457583453,10.74845742932372,4.928359124305286,16.56865814175476,AN81
17079,17,079,Jasper,2020,5,31,129.2264641140203,16.691082900263837,11.556942591904917,21.82532338195517,AN81
17079,17,079,Jasper,2020,6,30,70.74431058323482,23.62401164051251,17.93130302286377,29.31681711805733,AN81
17079,17,079,Jasper,2020,7,31,271.9379123517858,25.37051701330732,19.990251259143996,30.750883706158266,AN81
17079,17,079,Jasper,2020,8,31,56.786566523422685,22.93619354981572,17.422935187704436,28.449555190765633,AN81
17079,17,079,Jasper,2020,9,30,29.72431150612356,19.332573783521266,12.784096644700536,25.881153721524065,AN81
17079,17,079,Jasper,2020,10,31,106.6641379743776,12.300608812283972,5.585488574157269,19.015833116115385,AN81
17079,17,079,Jasper,2020,11,30,127.2423592881342,8.677286296249337,2.5806007251142775,14.774064445517414,AN81
17079,17,079,Jasper,2020,12,31,53.02989411077977,1.6602287147363834,-2.907386342293929,6.227596533813203,"AN81,AN91"
17079,17,079,Jasper,2021,1,31,70.23130029721689,-0.14843730491124124,-3.741592479207132,3.4321278625201472,AN91
17079,17,079,Jasper,2021,2,28,79.44022076610572,-3.7762452077809696,-8.314631137059203,0.7660523701691889,AN91
17079,17,079,Jasper,2021,3,31,117.93532713597246,8.97849025023085,3.06365442770899,14.906785270135039,AN91
17079,17,079,Jasper,2021,4,30,82.17159611153136,12.470828299475809,6.6712435676772515,18.23386802619701,AN91
17079,17,079,Jasper,2021,5,31,92.25994457967752,16.890766855672688,11.285807471714081,22.448202139550027,AN91
17079,17,079,Jasper,2021,6,30,132.00810419086855,23.763237877542217,18.584224729803896,29.071552692128844,AN91
17079,17,079,Jasper,2021,7,31,207.64913988667732,23.826803295617133,18.86857475759378,28.785177717969415,AN91
17079,17,079,Jasper,2021,8,31,128.30557805692328,24.781772071739887,19.528225815602852,30.03545721127487,AN91
17079,17,079,Jasper,2021,9,30,71.40129004151026,21.064593621637062,14.469511683194659,27.65981919333614,AN91
17079,17,079,Jasper,2021,10,31,130.86687003520836,16.41244388118529,11.179096567048866,21.645930712533364,AN91
17079,17,079,Jasper,2021,11,30,44.931288968094805,5.206667833954794,-0.7007089135794711,11.114154340090803,AN91
17079,17,079,Jasper,2021,12,31,102.36342894773804,6.32909992948451,1.1064742965440186,11.551832920632657,AN91
17081,17,081,Jefferson,2020,1,31,147.83971391171121,2.0597924784364308,-2.030828066468354,6.150876978308041,AN81
17081,17,081,Jefferson,2020,2,29,75.42467399179655,2.1202852193897455,-2.4003642877293854,6.640984539420647,AN81
17081,17,081,Jefferson,2020,3,31,156.98912984180183,8.831847225501777,3.92516177126517,13.738633606749815,AN81
17081,17,081,Jefferson,2020,4,30,115.45372537761463,11.16650233573029,5.256482348043219,17.076622145393532,AN81
17081,17,081,Jefferson,2020,5,31,116.89748472857133,17.23046172924812,12.42900036035924,22.03202840698317,AN81
17081,17,081,Jefferson,2020,6,30,105.92818102454905,24.009764031862346,18.16645100122332,29.853178082566743,AN81
17081,17,081,Jefferson,2020,7,31,91.65803884518665,26.216883040827703,21.069385175370044,31.36448232252723,AN81
17081,17,081,Jefferson,2020,8,31,74.81235871118513,23.337389463556935,18.007249423721145,28.66762822215479,AN81
17081,17,081,Jefferson,2020,9,30,22.722776905970147,19.89539127676834,13.473559651210069,26.31732408609835,AN81
17081,17,081,Jefferson,2020,10,31,114.95443696780659,12.584122658600297,6.053711869567492,19.114635291778068,AN81
17081,17,081,Jefferson,2020,11,30,134.7941069700588,9.116332030937185,2.8797664402312013,15.352987269549354,AN81
17081,17,081,Jefferson,2020,12,31,66.26900243683465,1.972073115226392,-3.2211931159469485,7.166657029889167,"AN81,AN91"
17081,17,081,Jefferson,2021,1,31,70.70888800192175,0.556898813041635,-3.3027982806437284,4.467709494199114,AN91
17081,17,081,Jefferson,2021,2,28,82.60313533918796,-3.4062103348244994,-8.191671465395322,1.4762688017649297,AN91
17081,17,081,Jefferson,2021,3,31,166.4784782094391,9.522224044860655,3.5849826849721516,15.510968827972887,AN91
17081,17,081,Jefferson,2021,4,30,78.17552103485441,12.77113897242374,6.752319526358686,18.729192768933565,AN91
17081,17,081,Jefferson,2021,5,31,104.3501403574369,17.334072067110473,11.51311683997975,23.05891963366442,AN91
17081,17,081,Jefferson,2021,6,30,84.9153496431718,24.239475806192925,18.75115690216011,29.731001578657814,AN91
17081,17,081,Jefferson,2021,7,31,237.93477774181818,24.294540881645162,19.142782273365878,29.4464425664499,AN91
17081,17,081,Jefferson,2021,8,31,122.61022247091185,25.190628305381424,19.694992737770566,30.68640626088907,AN91
17081,17,081,Jefferson,2021,9,30,63.75692024103808,21.276412946375284,14.644813792516322,27.908158231022707,AN91
17081,17,081,Jefferson,2021,10,31,105.89820732749388,16.4381177535796,11.10667432059863,21.769702723782707,AN91
17081,17,081,Jefferson,2021,11,30,43.68026488471474,5.7603985778285365,-0.7926497999249632,12.31355518494198,AN91
17081,17,081,Jefferson,2021,12,31,117.73581600527238,7.137821864229905,1.4315212490102824,12.844235607052694,AN91
17083,17,083,Jersey,2020,1,31,167.26897828772854,0.5916609476165919,-3.3139041018465645,4.497335929564099,AN81
17083,17,083,Jersey,2020,2,29,67.20713705635482,0.6440096742635406,-4.056887562092938,5.344927658048647,AN81
17083,17,083,Jersey,2020,3,31,82.22551406302986,8.062532861178823,3.2294961358468175,12.895672001253297,AN81
17083,17,083,Jersey,2020,4,30,113.28827437136196,11.017501949444254,4.938418695581189,17.096688371926916,AN81
17083,17,083,Jersey,2020,5,31,132.9118189365726,16.842521318903202,12.039402985004752,21.645741971660293,AN81
17083,17,083,Jersey,2020,6,30,91.1239875226277,24.21247113193282,18.532392402101742,29.892649205517166,AN81
17083,17,083,Jersey,2020,7,31,135.5023464158624,26.055038552303028,21.012226545896123,31.0979509196243,AN81
17083,17,083,Jersey,2020,8,31,61.45533165842077,23.222686592000606,17.504290218863776,28.941180453140532,AN81
17083,17,083,Jersey,2020,9,30,61.33510933245677,19.320278424703584,12.973773040362635,25.66688408639083,AN81
17083,17,083,Jersey,2020,10,31,57.88695609834386,11.646827462826264,5.5755930083431835,17.71816035836255,AN81
17083,17,083,Jersey,2020,11,30,93.18259096519517,8.717955693018475,2.6984594785408094,14.737537989346764,AN81
17083,17,083,Jersey,2020,12,31,43.57994431260295,1.549226555319953,-3.7777854394101933,6.87594923309706,"AN81,AN91"
17083,17,083,Jersey,2021,1,31,71.331990493043,0.008717777788481387,-3.269169796026257,3.255626301318289,AN91
17083,17,083,Jersey,2021,2,28,45.393088037399444,-4.928269178960416,-9.669062976621506,-0.108924293836043,AN91
17083,17,083,Jersey,2021,3,31,110.59137217653176,9.183616928124422,3.531819387508065,14.950711851134546,AN91
17083,17,083,Jersey,2021,4,30,113.09408159626575,12.440940666717529,6.5287832058369615,18.463776807153177,AN91
17083,17,083,Jersey,2021,5,31,122.23485151115354,17.187405750420755,12.140491427133428,22.326406411225285,AN91
17083,17,083,Jersey,2021,6,30,175.5958688928268,24.39993076360776,19.090165472274148,29.72081189475349,AN91
17083,17,083,Jersey,2021,7,31,152.61290084316317,24.344488410594643,19.315472115181283,29.37364860250985,AN91
17083,17,083,Jersey,2021,8,31,95.74752413275093,25.26625356454205,19.744044814353785,30.788602241604316,AN91
17083,17,083,Jersey,2021,9,30,59.55854864446651,21.411966703429695,14.567135021647355,28.256940254752617,AN91
17083,17,083,Jersey,2021,10,31,95.83559850479816,15.876473820577303,10.823161312828782,20.929927167113085,AN91
17083,17,083,Jersey,2021,11,30,11.550939682253258,6.129465880346222,-0.2243403581398549,12.48337722568055,AN91
17083,17,083,Jersey,2021,12,31,79.25349740669894,6.1061976196847105,0.4507382161942002,11.761754742252768,AN91
17085,17,085,Jo Daviess,2020,1,31,48.43937171611892,-3.7097705629641258,-7.5173953670525595,0.0971692860863634,AN81
17085,17,085,Jo Daviess,2020,2,29,24.79537452074224,-4.669252694021056,-9.792887703735625,0.4543232675439991,AN81
17085,17,085,Jo Daviess,2020,3,31,96.46511681374702,3.6881287140457886,-0.70996473521426,8.08629260126453,AN81
17085,17,085,Jo Daviess,2020,4,30,56.469131626873455,7.413608010846376,1.1903031865315445,13.636996743039653,AN81
17085,17,085,Jo Daviess,2020,5,31,146.17302927735952,13.89415107982612,8.508485421258017,19.279916776429637,AN81
17085,17,085,Jo Daviess,2020,6,30,132.37111080874573,21.765978572677117,15.644409633635034,27.887649537795347,AN81
17085,17,085,Jo Daviess,2020,7,31,124.41153752104593,23.764267704104018,18.058555340804787,29.47007910145294,AN81
17085,17,085,Jo Daviess,2020,8,31,59.91560826774839,21.619569069823374,15.646318872315918,27.59292129981109,AN81
17085,17,085,Jo Daviess,2020,9,30,173.62771920078094,15.737518320393045,10.101329745717925,21.37380547552779,AN81
17085,17,085,Jo Daviess,2020,10,31,72.93238527590194,7.956014495214144,2.3702933438559044,13.541832063737875,AN81
17085,17,085,Jo Daviess,2020,11,30,54.34640940948398,5.485749978916222,-0.1265741682097758,11.098153565137828,AN81
17085,17,085,Jo Daviess,2020,12,31,52.712899591664865,-2.9077168436874627,-7.4014839306706905,1.5846354113272691,"AN81,AN91"
17085,17,085,Jo Daviess,2021,1,31,38.25602405819572,-5.455147013279722,-9.369688955466577,-1.488634967950866,AN91
17085,17,085,Jo Daviess,2021,2,28,21.618922258519397,-11.310109256741915,-16.54775544418869,-5.972293274537985,AN91
17085,17,085,Jo Daviess,2021,3,31,55.40511627202073,4.129368944617701,-1.4762768245573747,9.740407019802186,AN91
17085,17,085,Jo Daviess,2021,4,30,58.98587288530301,9.678903963569919,3.9831265834572904,15.378447139514703,AN91
17085,17,085,Jo Daviess,2021,5,31,90.603402121078,14.643113268182619,9.440348453007429,19.846122472707258,AN91
17085,17,085,Jo Daviess,2021,6,30,53.90230077476868,22.725550538170417,17.085187235981024,28.42848055994154,AN91
17085,17,085,Jo Daviess,2021,7,31,97.94509993537174,22.08143484296081,16.808879877270154,27.35413414435398,AN91
17085,17,085,Jo Daviess,2021,8,31,89.29723232664614,22.419360809040697,16.138519656202785,28.700345145821895,AN91
17085,17,085,Jo Daviess,2021,9,30,13.951781007737369,18.759438181852747,11.37051583831683,26.14850378570495,AN91
17085,17,085,Jo Daviess,2021,10,31,135.90043292483594,13.127203630138732,7.887596193437429,18.366948896428145,AN91
17085,17,085,Jo Daviess,2021,11,30,12.685567377168093,2.788509777796596,-2.7078771490712863,8.284961784580359,AN91
17085,17,085,Jo Daviess,2021,12,31,46.543137508674775,-0.3499524827985323,-4.934143880565169,4.23422698081966,AN91
17087,17,087,Johnson,2020,1,31,158.88196756511002,3.2109450878261505,-0.9588284813401594,7.381329938494291,AN81
17087,17,087,Johnson,2020,2,29,120.71768870101941,3.4123402563995304,-1.3464417251819905,8.171180097890396,AN81
17087,17,087,Johnson,2020,3,31,156.92298055595748,10.35595099102523,5.0407142319867395,15.671289103761799,AN81
17087,17,087,Johnson,2020,4,30,56.55670398907189,11.981177716635619,5.630705514787943,18.331747861224617,AN81
17087,17,087,Johnson,2020,5,31,110.4684326183297,17.742701132053632,12.457293877249855,23.028210377156068,AN81
17087,17,087,Johnson,2020,6,30,232.64910273015823,23.815890386749103,18.00196835224596,29.629911253337358,AN81
17087,17,087,Johnson,2020,7,31,110.93547050680586,26.647492614991148,21.212212430709855,32.082872523385134,AN81
17087,17,087,Johnson,2020,8,31,103.34737031342551,23.693528509840505,18.53753084713554,28.849625077184367,AN81
17087,17,087,Johnson,2020,9,30,50.33751326782398,20.356557290656795,14.332290542428572,26.380927353269886,AN81
17087,17,087,Johnson,2020,10,31,184.7537877876897,13.334115489960249,7.094360036381428,19.57396788473358,AN81
17087,17,087,Johnson,2020,11,30,67.31865094297305,9.826375218881564,3.568216806590064,16.084626647479244,AN81
17087,17,087,Johnson,2020,12,31,82.48723685111958,3.1808309885482524,-2.182517035461381,8.545191014725996,"AN81,AN91"
17087,17,087,Johnson,2021,1,31,74.31077922149987,2.0709452115002085,-2.0207481488810273,6.238188209377545,AN91
17087,17,087,Johnson,2021,2,28,117.5731996873477,-1.908837686284674,-6.7917988054118,3.0864653792232053,AN91
17087,17,087,Johnson,2021,3,31,148.660195444406,10.574917790588962,4.390431767351483,16.753982785129352,AN91
17087,17,087,Johnson,2021,4,30,109.35152411128846,13.484741313212965,7.38189854039841,19.596254297130915,AN91
17087,17,087,Johnson,2021,5,31,132.36773772245544,17.65902033131917,11.799308833892786,23.641036633139034,AN91
17087,17,087,Johnson,2021,6,30,106.64202788362276,24.282806990950267,19.032420535633335,29.7555409597972,AN91
17087,17,087,Johnson,2021,7,31,129.35877689896395,24.888870977472926,19.646353216949944,30.131529252465747,AN91
17087,17,087,Johnson,2021,8,31,76.71161838015388,25.401451980246232,19.908958023052854,30.89408793624037,AN91
17087,17,087,Johnson,2021,9,30,66.51818370034616,21.340210011280853,14.903304703231289,27.777260732179748,AN91
17087,17,087,Johnson,2021,10,31,104.66666404103812,17.216723377983218,11.624947806484554,22.80864170180845,AN91
17087,17,087,Johnson,2021,11,30,60.49511555233254,6.581096116320103,-0.2969087035307433,13.459219223246524,AN91
17087,17,087,Johnson,2021,12,31,192.44673965696526,8.873650767334507,3.1653792056364702,14.582049243862816,AN91
17089,17,089,Kane,2020,1,31,78.66884706464957,-2.3168776486364915,-5.785878039810308,1.1515803319440592,AN81
17089,17,089,Kane,2020,2,29,19.017790545259228,-3.3034193002178576,-7.744517013086384,1.1376306781618928,AN81
17089,17,089,Kane,2020,3,31,103.05466429949563,4.069698043466633,-0.5986693514672765,8.738139959527247,AN81
17089,17,089,Kane,2020,4,30,115.26604445621871,7.729434321077134,1.8571640498323456,13.60179638528938,AN81
17089,17,089,Kane,2020,5,31,194.75194842240438,14.578193440975863,9.245772774457004,19.91071502754725,AN81
17089,17,089,Kane,2020,6,30,101.22245493358287,22.271688992658895,16.140227806375094,28.403249751042914,AN81
17089,17,089,Kane,2020,7,31,86.29236099602267,24.035705623328127,18.506330265047392,29.56518089308315,AN81
17089,17,089,Kane,2020,8,31,25.994849887239628,22.092454217380602,15.699521368923362,28.485490120235536,AN81
17089,17,089,Kane,2020,9,30,132.5820480876478,16.59143346895573,10.69520275652328,22.48776008301228,AN81
17089,17,089,Kane,2020,10,31,79.13150264242577,8.6514266646898,2.681949352020489,14.621004655615595,AN81
17089,17,089,Kane,2020,11,30,53.43359834236779,6.227905008836348,0.7343472156184134,11.721544701275977,AN81
17089,17,089,Kane,2020,12,31,56.94991854133967,-1.2791129260918854,-5.6547422342798335,3.099597583544226,"AN81,AN91"
17089,17,089,Kane,2021,1,31,56.06382199043814,-3.8411807052221443,-7.306522972484261,-0.3260874576907951,AN91
17089,17,089,Kane,2021,2,28,26.38654910650519,-9.795628062675164,-14.942206597543754,-4.756608650088247,AN91
17089,17,089,Kane,2021,3,31,31.66645969641656,4.927881438091974,-0.7998087999876454,10.701247710809836,AN91
17089,17,089,Kane,2021,4,30,34.06789777428905,10.034622511513163,3.960663568560231,16.050114106113316,AN91
17089,17,089,Kane,2021,5,31,62.659301154418316,14.749568892392583,8.93315650375161,20.563351126228774,AN91
17089,17,089,Kane,2021,6,30,161.73243989973045,22.752403695561988,16.987858653509488,28.6151078114172,AN91
17089,17,089,Kane,2021,7,31,63.619671467176715,22.264795127277246,17.147386646438328,27.382344464899525,AN91
17089,17,089,Kane,2021,8,31,109.61876256424682,23.385534751659677,17.32846215048336,29.44274976910592,AN91
17089,17,089,Kane,2021,9,30,24.39742192399371,19.36373051575774,12.3587424885589,26.368860821073994,AN91
17089,17,089,Kane,2021,10,31,153.15260186779346,13.879736712047073,9.044841360223298,18.714771495821104,AN91
17089,17,089,Kane,2021,11,30,16.810753137056103,3.044476864401808,-2.370122348802164,8.459133348014438,AN91
17089,17,089,Kane,2021,12,31,55.711936938823165,1.2135886301938401,-3.1837164182111324,5.610918643646386,AN91
17091,17,091,Kankakee,2020,1,31,103.75596353209774,-1.0317589449044184,-4.4772717373427335,2.4134281924856906,AN81
17091,17,091,Kankakee,2020,2,29,42.89035772595151,-2.0139167424072806,-6.230775409766075,2.2029053998211396,AN81
17091,17,091,Kankakee,2020,3,31,66.75526435300442,4.920880937918056,0.30360016310726573,9.53824046848789,AN81
17091,17,091,Kankakee,2020,4,30,111.03939004975834,8.191642105682629,2.0954596252210345,14.287919286859928,AN81
17091,17,091,Kankakee,2020,5,31,192.05841711203968,15.169172342908357,9.911442192759505,20.427003329648134,AN81
17091,17,091,Kankakee,2020,6,30,97.62954871651824,22.986213795890503,16.77589110864944,29.196635625107035,AN81
17091,17,091,Kankakee,2020,7,31,118.35827566911153,24.511822650924696,18.979293207866437,30.04445411780385,AN81
17091,17,091,Kankakee,2020,8,31,47.20135179826554,22.306148466304702,16.003236543130708,28.60916039450631,AN81
17091,17,091,Kankakee,2020,9,30,85.02636546541969,17.546665522053335,11.239957894105112,23.853473883506673,AN81
17091,17,091,Kankakee,2020,10,31,49.037623363325146,9.983405103907709,3.6755130221424097,16.291399017636923,AN81
17091,17,091,Kankakee,2020,11,30,51.39994689983275,7.058907704387347,1.2142903518567916,12.903608158763934,AN81
17091,17,091,Kankakee,2020,12,31,51.79903890863373,-0.4554079194530266,-5.0632577443795865,4.151088201607969,"AN81,AN91"
17091,17,091,Kankakee,2021,1,31,67.11618858575102,-2.3405101668380808,-5.452683719567249,0.7501166613336229,AN91
17091,17,091,Kankakee,2021,2,28,31.98368921715825,-8.098049440499741,-13.3492479656485,-2.995915367857631,AN91
17091,17,091,Kankakee,2021,3,31,50.41734208435866,6.140735838122326,-0.1376665258875026,12.165741150780592,AN91
17091,17,091,Kankakee,2021,4,30,68.53266957158746,10.445215568157256,3.808278768849363,16.632011940967207,AN91
17091,17,091,Kankakee,2021,5,31,107.48693258432542,15.233243807762184,9.396237902674851,20.729199794976665,AN91
17091,17,091,Kankakee,2021,6,30,189.88987231941232,23.10334140802013,17.457485649801225,28.635893748530705,AN91
17091,17,091,Kankakee,2021,7,31,66.87729410700989,22.827638099639117,18.06253013551104,27.592887622647417,AN91
17091,17,091,Kankakee,2021,8,31,105.58928194134049,23.871738025339848,18.215948856856944,29.527668485790176,AN91
17091,17,091,Kankakee,2021,9,30,64.65002519536262,20.268569134330082,13.426018934125347,27.111261832060496,AN91
17091,17,091,Kankakee,2021,10,31,236.48126432687368,14.546033483075714,9.76955215286045,19.322654881469575,AN91
17091,17,091,Kankakee,2021,11,30,24.02330963711241,3.502715652708132,-1.8709090383723668,8.876403103542858,AN91
17091,17,091,Kankakee,2021,12,31,61.39230955125439,2.558071917286257,-2.1242108565648885,7.240420514082243,AN91
17093,17,093,Kendall,2020,1,31,88.76421673634738,-1.82251921039547,-5.3334061207596495,1.6879420250010426,AN81
17093,17,093,Kendall,2020,2,29,22.60219790402394,-2.7729385394382318,-7.233848920679606,1.6879274445924721,AN81
17093,17,093,Kendall,2020,3,31,77.50237931517124,4.527715015490869,-0.12082510236387145,9.176330104182599,AN81
17093,17,093,Kendall,2020,4,30,139.25897050250373,8.18666010514125,2.284637282276099,14.088774621958885,AN81
17093,17,093,Kendall,2020,5,31,168.2958705923702,14.880710502480488,9.66618783369349,20.09533401830365,AN81
17093,17,093,Kendall,2020,6,30,80.50882213224482,22.696338626692192,16.563022816612552,28.829757966832783,AN81
17093,17,093,Kendall,2020,7,31,93.66726272060427,24.100384828911007,18.686105509929096,29.514764045893866,AN81
17093,17,093,Kendall,2020,8,31,26.334908502582007,22.173327727517673,15.900408892051185,28.446346802522967,AN81
17093,17,093,Kendall,2020,9,30,95.03821065863148,17.140475464588135,11.01003907027714,23.271011617041655,AN81
17093,17,093,Kendall,2020,10,31,78.20690595437716,9.320001767309837,3.0968213569022365,15.54328152291728,AN81
17093,17,093,Kendall,2020,11,30,48.99463452200439,6.614326961970475,0.9518719399740354,12.27686598194888,AN81
17093,17,093,Kendall,2020,12,31,58.066697008530724,-0.8997048082729581,-5.419597325706922,3.6107337765770517,"AN81,AN91"
17093,17,093,Kendall,2021,1,31,52.28150991165258,-3.122607964574105,-6.613432878595505,0.02604773177156065,AN91
17093,17,093,Kendall,2021,2,28,28.750544788231625,-9.193565059427698,-14.61857753765311,-4.196096445538144,AN91
17093,17,093,Kendall,2021,3,31,34.400749557693096,5.610798264330033,-0.4004077899164797,11.43626831802843,AN91
17093,17,093,Kendall,2021,4,30,36.59350908738164,10.477120420957839,4.181150940503678,16.517706177659047,AN91
17093,17,093,Kendall,2021,5,31,101.82601360548767,15.042454591449022,9.31247365401272,20.561842051893986,AN91
17093,17,093,Kendall,2021,6,30,166.38617175483648,22.94435814272887,17.12948017072778,28.601553026354487,AN91
17093,17,093,Kendall,2021,7,31,74.1375940644864,22.63449301302397,17.868665836992236,27.40046101348011,AN91
17093,17,093,Kendall,2021,8,31,66.26965756108102,23.726531766169053,18.008853962427068,29.44435295561477,AN91
17093,17,093,Kendall,2021,9,30,39.843818516625156,20.120789540730804,13.198647885707798,27.043075790233203,AN91
17093,17,093,Kendall,2021,10,31,185.08166928834683,14.383154149124877,9.524501287215097,19.24194728234286,AN91
17093,17,093,Kendall,2021,11,30,20.62653257465597,3.3507278146151607,-2.1042359534319957,8.805755219365599,AN91
17093,17,093,Kendall,2021,12,31,54.29284952729421,1.9519660721414362,-2.5121881395461028,6.416170467948553,AN91
17095,17,095,Knox,2020,1,31,68.75458202165422,-2.363058296033972,-6.261734203263898,1.5352774079732743,AN81
17095,17,095,Knox,2020,2,29,24.568277218129477,-2.310009171436724,-7.136604488340062,2.5165430569965586,AN81
17095,17,095,Knox,2020,3,31,64.74164511675464,5.284632478351932,0.44027071700719533,10.12907790614903,AN81
17095,17,095,Knox,2020,4,30,89.26517569662079,9.029782879963216,2.3871308738071026,15.672531922194176,AN81
17095,17,095,Knox,2020,5,31,137.26172315569409,15.100066430551024,10.046019305740977,20.154214674914137,AN81
17095,17,095,Knox,2020,6,30,100.43914914035183,22.70864817055213,16.90484567108238,28.512549418939294,AN81
17095,17,095,Knox,2020,7,31,95.03683258194881,24.312795848004644,18.8617406404059,29.763951496028273,AN81
17095,17,095,Knox,2020,8,31,14.406433431042363,22.190582668790128,15.849923197046872,28.531344862330165,AN81
17095,17,095,Knox,2020,9,30,160.10671932268937,17.142136059851087,11.116050974681064,23.168321149500052,AN81
17095,17,095,Knox,2020,10,31,40.179546405614474,9.185310837503591,3.3444772739981934,15.026244158391435,AN81
17095,17,095,Knox,2020,11,30,62.482574146359106,6.716294413440541,0.8246968073303583,12.607974959628262,AN81
17095,17,095,Knox,2020,12,31,47.98112176709786,-1.267926830605467,-6.231713306431304,3.6991070710794713,"AN81,AN91"
17095,17,095,Knox,2021,1,31,43.61130553540804,-3.55948314787518,-6.965545391935973,-0.054956468415077744,AN91
17095,17,095,Knox,2021,2,28,29.15396992247993,-9.036634214298102,-13.429235266809181,-4.403280539909447,AN91
17095,17,095,Knox,2021,3,31,85.79994886605948,6.171970440690323,0.28629100906284094,12.06387811032781,AN91
17095,17,095,Knox,2021,4,30,125.64675381896085,10.460601714476109,4.4041184814728815,16.506223104329738,AN91
17095,17,095,Knox,2021,5,31,173.8594095321978,15.20294803983052,9.953632953307148,20.373812949090294,AN91
17095,17,095,Knox,2021,6,30,152.14228260434095,22.96219334105684,17.367292698863267,28.57848757763007,AN91
17095,17,095,Knox,2021,7,31,129.6758754177502,22.648604602381663,17.63465542100938,27.66269695167777,AN91
17095,17,095,Knox,2021,8,31,125.58466070459778,23.256149680895117,17.49806534491101,29.01437658241071,AN91
17095,17,095,Knox,2021,9,30,34.79348836526248,20.01920985005346,13.030161807389051,27.008400725538877,AN91
17095,17,095,Knox,2021,10,31,203.26431647020198,13.962463003346992,9.005347601832328,18.919717291337744,AN91
17095,17,095,Knox,2021,11,30,10.369873104074726,3.91281756757495,-1.8532704135975768,9.678987084955567,AN91
17095,17,095,Knox,2021,12,31,29.918328406361976,2.049769112913012,-3.48478995681345,7.584355411998959,AN91
17097,17,097,Lake,2020,1,31,79.05920270267511,-1.795792821111901,-5.187447167223269,1.5954903173329227,AN81
17097,17,097,Lake,2020,2,29,16.59942764913815,-2.8701585344330276,-7.022912464844137,1.28254600373581,AN81
17097,17,097,Lake,2020,3,31,104.13161024382333,4.0515421493017,-0.013645445018295397,8.116806077013957,AN81
17097,17,097,Lake,2020,4,30,136.28079552733877,6.8648711417418555,1.875460293940619,11.854369736041864,AN81
17097,17,097,Lake,2020,5,31,187.6590636546497,13.760815485703825,9.100406450096859,18.42132311543842,AN81
17097,17,097,Lake,2020,6,30,88.07357892757607,21.239627764054035,15.875649493177233,26.60370869262945,AN81
17097,17,097,Lake,2020,7,31,92.1963958813581,24.311660428841556,19.59237637335864,29.03104660742052,AN81
17097,17,097,Lake,2020,8,31,67.21339744874356,22.495451153224327,17.229799643020712,27.761202388417896,AN81
17097,17,097,Lake,2020,9,30,117.772472174772,16.9819028931256,12.282234313296224,21.68167237821995,AN81
17097,17,097,Lake,2020,10,31,72.65153224288898,8.793048836294075,3.628646717251326,13.95755266363825,AN81
17097,17,097,Lake,2020,11,30,45.244211585322496,6.963471140870193,1.95139163472832,11.975636408468477,AN81
17097,17,097,Lake,2020,12,31,59.05639610372262,-0.7598342370997581,-4.746427398394719,3.2205680305708873,"AN81,AN91"
17097,17,097,Lake,2021,1,31,63.4049385808635,-3.060210879360466,-6.4463339897367895,0.1933088473146666,AN91
17097,17,097,Lake,2021,2,28,24.983346205783004,-8.377367687339445,-13.336985478697526,-3.67584677470524,AN91
17097,17,097,Lake,2021,3,31,24.079077369043787,4.589751054373074,-0.569316394786218,9.81300999005023,AN91
17097,17,097,Lake,2021,4,30,29.38430434443821,9.591435248754,4.235262522095647,14.52804127746658,AN91
17097,17,097,Lake,2021,5,31,33.94166591800027,14.530232096665378,9.075208539685939,19.769898687900383,AN91
17097,17,097,Lake,2021,6,30,126.55496099333998,22.346068170159242,17.014657442520015,27.64953161885523,AN91
17097,17,097,Lake,2021,7,31,29.970060128981736,22.362981868797636,17.763662666835003,26.962440569777332,AN91
17097,17,097,Lake,2021,8,31,97.88809140998882,23.49206666913292,18.232576479726152,28.75169916371248,AN91
17097,17,097,Lake,2021,9,30,42.14535160462958,19.49955456204838,13.778684607047545,25.220565283880195,AN91
17097,17,097,Lake,2021,10,31,156.88578420826917,14.260251222452519,10.1645577571566,18.35608517420059,AN91
17097,17,097,Lake,2021,11,30,16.02704359303209,3.4853359275550417,-1.395053845726397,8.365793373270664,AN91
17097,17,097,Lake,2021,12,31,71.45544545570284,1.4055327966572133,-2.6629600718397146,5.4740605484610185,AN91
17099,17,099,LaSalle,2020,1,31,89.4557675686902,-1.9230223311355414,-5.502960689000447,1.6564914962932515,AN81
17099,17,099,LaSalle,2020,2,29,20.733753421336726,-2.4503728881435496,-6.881105074419753,1.9803108019105842,AN81
17099,17,099,LaSalle,2020,3,31,70.62901101523182,4.77763145413393,0.08287006493731637,9.472479443436168,AN81
17099,17,099,LaSalle,2020,4,30,124.75318683689068,8.558998651802884,2.307093964156207,14.81099730565678,AN81
17099,17,099,LaSalle,2020,5,31,131.44044444396744,15.314751024400808,10.118621998130203,20.510979715540863,AN81
17099,17,099,LaSalle,2020,6,30,82.05228760380396,23.008246109758925,16.914879847878844,29.101711978906,AN81
17099,17,099,LaSalle,2020,7,31,135.5548464557852,24.272834804015265,18.937747621305665,29.608023902789096,AN81
17099,17,099,LaSalle,2020,8,31,20.49961049585224,22.31678966496667,16.252521241973014,28.381159862546443,AN81
17099,17,099,LaSalle,2020,9,30,131.66451025269149,17.386436599316248,11.42033450394951,23.35263806470995,AN81
17099,17,099,LaSalle,2020,10,31,58.230617941977606,9.718141346832866,3.7189085367122434,15.717473332952297,AN81
17099,17,099,LaSalle,2020,11,30,48.93591161040709,6.916030469823543,1.382822955362388,12.4493232828261,AN81
17099,17,099,LaSalle,2020,12,31,45.624492660385386,-0.8452994121210962,-5.4856924966413425,3.796274213425902,"AN81,AN91"
17099,17,099,LaSalle,2021,1,31,51.86199181294966,-3.2696600750242917,-6.530735217154589,-0.11028379556483264,AN91
17099,17,099,LaSalle,2021,2,28,27.457042820525086,-8.976081584198747,-13.78398315996303,-4.293877625863705,AN91
17099,17,099,LaSalle,2021,3,31,51.41976653510359,5.927284623555642,0.1481597231065266,11.662812174014277,AN91
17099,17,099,LaSalle,2021,4,30,51.26137575545104,10.795818750937945,4.610446156817032,16.885083564271596,AN91
17099,17,099,LaSalle,2021,5,31,114.48765424581417,15.395966508053474,9.942772294545943,20.801882254582978,AN91
17099,17,099,LaSalle,2021,6,30,157.29845438084084,23.21229449224094,17.699087829292242,28.797281052771652,AN91
17099,17,099,LaSalle,2021,7,31,67.95483612372965,22.643433590420972,17.90499447904596,27.382014018506034,AN91
17099,17,099,LaSalle,2021,8,31,77.6876043704266,23.61445751059067,17.800449211847756,29.42860844349608,AN91
17099,17,099,LaSalle,2021,9,30,35.76716242595778,20.33528449642531,13.051788598558216,27.618925432048496,AN91
17099,17,099,LaSalle,2021,10,31,214.30703120264246,14.43927515838365,9.595367348501199,19.28332298065319,AN91
17099,17,099,LaSalle,2021,11,30,15.20252043908026,3.4764701874760626,-1.9904766220978973,8.94349456209808,AN91
17099,17,099,LaSalle,2021,12,31,45.006403731048806,2.018905438898108,-2.5845614937856562,6.622410380891919,AN91
17101,17,101,Lawrence,2020,1,31,156.68712510921785,2.0045363115823394,-1.985479704307573,5.9949979424815085,AN81
17101,17,101,Lawrence,2020,2,29,86.81588571858633,1.980096999216216,-2.5755051051541384,6.535739409751373,AN81
17101,17,101,Lawrence,2020,3,31,180.3971588104268,8.414551595321766,3.3287113135120427,13.500495479018372,AN81
17101,17,101,Lawrence,2020,4,30,99.82473800071142,10.941157098262895,5.062083577866885,16.82033139491328,AN81
17101,17,101,Lawrence,2020,5,31,106.76161474986102,17.04515801163886,11.757396429702853,22.33302006028352,AN81
17101,17,101,Lawrence,2020,6,30,86.20405099208773,23.903107844689995,17.959552634988263,29.846764483366663,AN81
17101,17,101,Lawrence,2020,7,31,197.87233382675024,25.675929339053187,20.099633248024936,31.252324747568913,AN81
17101,17,101,Lawrence,2020,8,31,68.23576374967037,23.171825034274292,17.73316943100429,28.61058074796441,AN81
17101,17,101,Lawrence,2020,9,30,10.556427119102372,19.467495761059777,12.770233978330051,26.164859718316222,AN81
17101,17,101,Lawrence,2020,10,31,140.55616789102558,12.423575619111482,5.698416565677065,19.148837382225008,AN81
17101,17,101,Lawrence,2020,11,30,124.29077928396805,8.565847096295531,2.451093724934968,14.680692971579296,AN81
17101,17,101,Lawrence,2020,12,31,85.36043138250223,1.8933210944224728,-2.7523323357996667,6.539819411943931,"AN81,AN91"
17101,17,101,Lawrence,2021,1,31,71.46146684864357,0.07656774225098116,-3.6616084858498312,3.827012146645908,AN91
17101,17,101,Lawrence,2021,2,28,99.1378458461318,-3.4960099846717605,-8.138815716128086,1.154044059416286,AN91
17101,17,101,Lawrence,2021,3,31,115.03880735868296,9.091824534821102,2.9362254292415253,15.175260846849827,AN91
17101,17,101,Lawrence,2021,4,30,73.43858841408264,12.545682246607795,6.588270203967549,18.51694625445253,AN91
17101,17,101,Lawrence,2021,5,31,84.20593088693239,17.18623377773815,11.493067168131635,22.886706215126846,AN91
17101,17,101,Lawrence,2021,6,30,156.05178549590934,23.860267099889782,18.7121581523917,29.034731603208535,AN91
17101,17,101,Lawrence,2021,7,31,188.4236228265672,24.074881626909352,18.968103938116474,29.181801427337856,AN91
17101,17,101,Lawrence,2021,8,31,125.63840066059795,25.015741945901706,19.790504387490028,30.241122105434062,AN91
17101,17,101,Lawrence,2021,9,30,69.5401294330533,21.2968721455553,14.520591734571243,28.073293581183144,AN91
17101,17,101,Lawrence,2021,10,31,162.24582731797062,16.555126244436252,10.971419707959027,22.138974848213902,AN91
17101,17,101,Lawrence,2021,11,30,41.318115104802736,5.295726549690922,-0.8281632829053595,11.419723379190087,AN91
17101,17,101,Lawrence,2021,12,31,140.3834215299794,6.9359651147932455,1.5750999714181153,12.296933037381645,AN91
17103,17,103,Lee,2020,1,31,68.96895327080475,-2.8297955378623043,-6.3264788612420935,0.6663072642486662,AN81
17103,17,103,Lee,2020,2,29,13.186613389139193,-3.5887670697257064,-8.16134728669638,0.9837620991378657,AN81
17103,17,103,Lee,2020,3,31,119.93878666177372,4.074902064178116,-0.581259213951888,8.731140442776061,AN81
17103,17,103,Lee,2020,4,30,88.98035012111727,7.997886728382155,1.8523012674593533,14.143563347374572,AN81
17103,17,103,Lee,2020,5,31,154.52629402180048,14.729244137717066,9.461936387137227,19.996653119382685,AN81
17103,17,103,Lee,2020,6,30,95.34483779606153,22.57430984051536,16.43609690370795,28.71262337152841,AN81
17103,17,103,Lee,2020,7,31,102.82979009756187,23.761428145394945,18.23909400632774,29.283865459317198,AN81
17103,17,103,Lee,2020,8,31,18.570175932582977,21.768118827011772,15.398428190158187,28.137908566018886,AN81
17103,17,103,Lee,2020,9,30,148.76767633676513,16.41106909203843,10.173789340349625,22.64844865320898,AN81
17103,17,103,Lee,2020,10,31,70.90798698841294,8.576931435648463,2.640234691426976,14.513721513021093,AN81
17103,17,103,Lee,2020,11,30,61.94415607299101,6.145686696490331,0.4348094124231078,11.856646076926411,AN81
17103,17,103,Lee,2020,12,31,48.2878744479348,-1.682962908257003,-6.302845436219985,2.9423566630608637,"AN81,AN91"
17103,17,103,Lee,2021,1,31,47.959340050510306,-4.558279083619536,-8.03382943512871,-1.0850265025614618,AN91
17103,17,103,Lee,2021,2,28,23.734268064335595,-10.69188273696103,-15.795307841245732,-5.830672990610606,AN91
17103,17,103,Lee,2021,3,31,47.275728464927994,4.793563103691257,-0.897944551300413,10.386000880567023,AN91
17103,17,103,Lee,2021,4,30,54.8815796892427,10.206836228010195,4.0672847300630375,16.270429972545468,AN91
17103,17,103,Lee,2021,5,31,109.51714245948511,14.893500063870194,9.35998868081053,20.38846941015769,AN91
17103,17,103,Lee,2021,6,30,120.72338255092215,22.80363475454958,17.0832941944924,28.71241680195517,AN91
17103,17,103,Lee,2021,7,31,49.245877450503066,22.015777007203795,16.842778126544992,27.188917895732793,AN91
17103,17,103,Lee,2021,8,31,48.61167323895558,23.41413034564205,17.11953498770222,29.708870098704022,AN91
17103,17,103,Lee,2021,9,30,28.644496336249752,19.714459796351445,12.095222139324205,27.3338403794753,AN91
17103,17,103,Lee,2021,10,31,155.65850827883486,13.7103272409375,8.458714028044376,18.962081025309615,AN91
17103,17,103,Lee,2021,11,30,9.65268391998959,3.0537253071788277,-2.601933989502891,8.709446941692327,AN91
17103,17,103,Lee,2021,12,31,49.99098030810684,0.961658345270569,-3.724886018141628,5.648211066427915,AN91
17105,17,105,Livingston,2020,1,31,94.87411112175927,-1.2296900041825598,-4.8449497050690535,2.385236289807666,AN81
17105,17,105,Livingston,2020,2,29,40.886000413226064,-2.00178214189319,-6.356473115470117,2.3528714092209873,AN81
17105,17,105,Livingston,2020,3,31,67.28842775238591,5.054574650087765,0.2514461554598424,9.857786612077986,AN81
17105,17,105,Livingston,2020,4,30,135.06980445141073,8.735562459124596,2.30247071324767,15.168753709192153,AN81
17105,17,105,Livingston,2020,5,31,173.862046526311,15.572220717543734,10.429809304045369,20.714732334096414,AN81
17105,17,105,Livingston,2020,6,30,83.3363781927841,23.4518594800935,17.37129715295232,29.532523698539396,AN81
17105,17,105,Livingston,2020,7,31,162.11617657113823,24.51623125529648,19.02184897176115,30.010714019803117,AN81
17105,17,105,Livingston,2020,8,31,22.329842735242288,22.19965240304833,16.077897156276716,28.32150733829581,AN81
17105,17,105,Livingston,2020,9,30,124.51380976079137,17.8278542527488,11.603339484166186,24.052468799022755,AN81
17105,17,105,Livingston,2020,10,31,47.49479312341729,10.337794099068045,4.05806276561239,16.61762620062785,AN81
17105,17,105,Livingston,2020,11,30,52.17033427400529,7.398511912092684,1.7679934609614432,13.029119858914497,AN81
17105,17,105,Livingston,2020,12,31,38.17417121896367,-0.1947357399725797,-5.113957258036555,4.721547961361496,"AN81,AN91"
17105,17,105,Livingston,2021,1,31,49.847913478451986,-2.442383228327843,-5.733116263308754,0.7201797055404505,AN91
17105,17,105,Livingston,2021,2,28,26.45428251148916,-7.928126526638167,-12.639476910640127,-3.2994999429057152,AN91
17105,17,105,Livingston,2021,3,31,64.08699717272681,6.61360425949734,0.5623304031012488,12.428478702122485,AN91
17105,17,105,Livingston,2021,4,30,65.9620244776341,11.130044469569562,4.6184786879432975,17.387051188822333,AN91
17105,17,105,Livingston,2021,5,31,113.08762045894,15.985943365912433,10.360027359077314,21.391567772786622,AN91
17105,17,105,Livingston,2021,6,30,210.1424477863686,23.54533715124075,17.89919067195327,29.13273181465534,AN91
17105,17,105,Livingston,2021,7,31,74.116874628545,23.007296827060514,18.18536015327475,27.829376334411634,AN91
17105,17,105,Livingston,2021,8,31,113.83796209781711,23.93664654727098,18.22971110289586,29.64372481197252,AN91
17105,17,105,Livingston,2021,9,30,45.40304553990645,20.639579275785827,13.35803920116343,27.92126181420798,AN91
17105,17,105,Livingston,2021,10,31,235.27897782288068,14.869949428354275,10.057230666839532,19.68281051576662,AN91
17105,17,105,Livingston,2021,11,30,21.80049584338311,3.8780947532148358,-1.675974168457839,9.432246705150687,AN91
17105,17,105,Livingston,2021,12,31,53.051970046421154,2.957386260411647,-1.8306349125993189,7.7454673893022346,AN91
17107,17,107,Logan,2020,1,31,113.35399874400952,-0.3470623377133838,-4.0426931681604215,3.3485004773888902,AN81
17107,17,107,Logan,2020,2,29,66.7872766060475,-0.6893756321149694,-5.066902300941953,3.6881281028813957,AN81
17107,17,107,Logan,2020,3,31,74.27765496700208,6.585242813603748,1.8661362043616712,11.304441449098613,AN81
17107,17,107,Logan,2020,4,30,163.2437008544198,9.984543891681259,3.8936720416045345,16.07551674412427,AN81
17107,17,107,Logan,2020,5,31,118.780969723931,16.329553861759663,11.493343442871145,21.165862981780442,AN81
17107,17,107,Logan,2020,6,30,72.30733013792836,23.90657221444837,18.042591702252484,29.770653000500822,AN81
17107,17,107,Logan,2020,7,31,115.8954808600169,25.24952988141377,19.932855225943435,30.566304789399116,AN81
17107,17,107,Logan,2020,8,31,23.024962219471767,22.679670086791788,16.618576595706045,28.74086238773061,AN81
17107,17,107,Logan,2020,9,30,65.17899594027762,18.63374836222918,12.171082162092482,25.096514808362738,AN81
17107,17,107,Logan,2020,10,31,31.987403295047937,11.06722457986859,4.7344221007100025,17.400127108656598,AN81
17107,17,107,Logan,2020,11,30,55.55052917181975,7.90547676109465,1.8876312482933548,13.923417708541082,AN81
17107,17,107,Logan,2020,12,31,34.76270177861486,0.514522919581398,-4.57298922660499,5.601031270546429,"AN81,AN91"
17107,17,107,Logan,2021,1,31,69.62234074089355,-1.627303688801703,-4.913954502248673,1.619844170950944,AN91
17107,17,107,Logan,2021,2,28,45.06097831383435,-6.352844980619719,-10.869256205518365,-1.793203039619332,AN91
17107,17,107,Logan,2021,3,31,110.8271831391004,7.57865706882389,1.5458939324727794,13.61525569452179,AN91
17107,17,107,Logan,2021,4,30,61.641294717384035,11.850267645777217,5.914596886273601,17.767865199931677,AN91
17107,17,107,Logan,2021,5,31,126.96402287848373,16.664123564635904,11.362599005555776,21.848712930324126,AN91
17107,17,107,Logan,2021,6,30,168.33660443491968,24.0235128699732,18.485715338719668,29.43786823613763,AN91
17107,17,107,Logan,2021,7,31,142.57204296104587,23.705041862556126,18.8296867184084,28.58054111045241,AN91
17107,17,107,Logan,2021,8,31,119.1797522276912,24.452728156555043,18.930017279255672,29.975581164124456,AN91
17107,17,107,Logan,2021,9,30,53.41732030067517,21.107838428857008,14.058725510672344,28.157095669047752,AN91
17107,17,107,Logan,2021,10,31,160.405993112303,15.346735822417706,10.523757028810468,20.16985421432004,AN91
17107,17,107,Logan,2021,11,30,20.708165084405266,4.689603568355051,-0.932882640074395,10.312177480936834,AN91
17107,17,107,Logan,2021,12,31,43.837430855169124,4.415989299619329,-0.6369647971689334,9.46902090294089,AN91
17109,17,109,McDonough,2020,1,31,69.06775410874918,-1.8581577468612844,-5.81132271812695,2.0947468087386283,AN81
17109,17,109,McDonough,2020,2,29,29.137815407390967,-1.683402203092222,-6.460243500362414,3.093399081543643,AN81
17109,17,109,McDonough,2020,3,31,77.05571882605065,6.044601059701884,1.1318270887353392,10.957465140293117,AN81
17109,17,109,McDonough,2020,4,30,106.15081970880472,9.6688259693768,3.1876075830049304,16.150145376808855,AN81
17109,17,109,McDonough,2020,5,31,115.99421604567004,15.689227757936626,10.652553548716954,20.726003781522856,AN81
17109,17,109,McDonough,2020,6,30,130.4910985102329,23.000136454383775,17.32345974609426,28.67691196175553,AN81
17109,17,109,McDonough,2020,7,31,129.99731217636779,24.507454506160922,19.260160335962215,29.754848780149967,AN81
17109,17,109,McDonough,2020,8,31,19.44175978897018,22.137927125270043,15.839858158900984,28.436095624477648,AN81
17109,17,109,McDonough,2020,9,30,116.2170230038321,17.526445277637077,11.183143627151539,23.86984937441725,AN81
17109,17,109,McDonough,2020,10,31,34.261551335772026,9.882129987001768,3.8463558203969597,15.918004671530614,AN81
17109,17,109,McDonough,2020,11,30,60.98012520684437,7.351433814803539,1.3585432555528711,13.344415624504478,AN81
17109,17,109,McDonough,2020,12,31,46.45256937956545,-0.42426321663379923,-5.428339640562973,4.580270210987925,"AN81,AN91"
17109,17,109,McDonough,2021,1,31,49.360884966419114,-2.4687390865349186,-5.866466727718345,0.9603890684666827,AN91
17109,17,109,McDonough,2021,2,28,28.17720084947259,-7.80523524502092,-12.110161283241725,-3.400139054651962,AN91
17109,17,109,McDonough,2021,3,31,112.30829485232083,6.972856397597904,1.29873804081579,12.731592347145623,AN91
17109,17,109,McDonough,2021,4,30,124.14583469256458,11.098948493873364,5.1517305965058915,17.018230425618835,AN91
17109,17,109,McDonough,2021,5,31,177.0253996960758,15.64479559476507,10.656643951253011,20.654077891057316,AN91
17109,17,109,McDonough,2021,6,30,153.5245673636055,23.195574342311566,17.824522765099566,28.524281863195878,AN91
17109,17,109,McDonough,2021,7,31,92.12368547452272,23.01671362173315,18.085240792304006,27.948328479818944,AN91
17109,17,109,McDonough,2021,8,31,74.0516719438895,23.612966060398897,18.040206954177766,29.18586637163586,AN91
17109,17,109,McDonough,2021,9,30,29.866666669184188,20.42677642544963,13.129175643517415,27.724521945283527,AN91
17109,17,109,McDonough,2021,10,31,195.989180906196,14.339562441872546,9.42619430699379,19.253071425394218,AN91
17109,17,109,McDonough,2021,11,30,12.698400434877435,4.606084582762793,-1.355831489060502,10.56808772225389,AN91
17109,17,109,McDonough,2021,12,31,24.095940478149426,3.019077253775948,-2.765718998896788,8.803917743237822,AN91
17111,17,111,McHenry,2020,1,31,65.41472097303426,-2.6645976336196453,-6.346835091533432,1.0171051091908632,AN81
17111,17,111,McHenry,2020,2,29,14.571626348391133,-3.674909976697393,-8.309513505689491,0.9596419860336523,AN81
17111,17,111,McHenry,2020,3,31,107.22781072324703,3.774080880876638,-0.761856076677641,8.310092454509995,AN81
17111,17,111,McHenry,2020,4,30,117.0658974807776,7.297246805974438,1.2707667680646808,13.323814236741692,AN81
17111,17,111,McHenry,2020,5,31,166.1643817272858,14.22360448116972,8.551774410464262,19.895536949233197,AN81
17111,17,111,McHenry,2020,6,30,126.81013206880382,21.617202901031547,15.07269819503324,28.16181239628734,AN81
17111,17,111,McHenry,2020,7,31,70.6240022867404,23.85133040199041,17.94530530430955,29.757456275400756,AN81
17111,17,111,McHenry,2020,8,31,62.42622753914561,21.796055171561893,15.22924671089236,28.362965687896672,AN81
17111,17,111,McHenry,2020,9,30,129.4550125206458,16.161109883394605,10.431902814006873,21.890415804832042,AN81
17111,17,111,McHenry,2020,10,31,72.07605047254273,8.146202273890456,2.254636274321373,14.037868322775038,AN81
17111,17,111,McHenry,2020,11,30,51.2976922907795,6.225246669451142,0.85403926822457,11.596535988795258,AN81
17111,17,111,McHenry,2020,12,31,53.53336084413864,-1.7560804860615633,-6.217037094996533,2.697513290718062,"AN81,AN91"
17111,17,111,McHenry,2021,1,31,55.6558579178481,-3.9919241971115182,-7.894021066038954,-0.2857139861899168,AN91
17111,17,111,McHenry,2021,2,28,20.944684448647454,-9.561926284121284,-14.963401625616399,-4.298501468592458,AN91
17111,17,111,McHenry,2021,3,31,28.74133656570845,4.397929719277757,-1.3673021325788308,10.204906080718292,AN91
17111,17,111,McHenry,2021,4,30,30.393673299968743,9.85147554118995,3.5832668102309073,15.954123908798989,AN91
17111,17,111,McHenry,2021,5,31,45.78224211592204,14.781416125743256,8.440881965906522,20.8506407384319,AN91
17111,17,111,McHenry,2021,6,30,91.62268511284402,22.585918943460207,16.413274494228055,28.846915090585735,AN91
17111,17,111,McHenry,2021,7,31,57.15492873085457,21.895569805769654,16.199747319549576,27.591533778278222,AN91
17111,17,111,McHenry,2021,8,31,152.39822107061002,22.92942950027054,16.505057190452995,29.353945244928582,AN91
17111,17,111,McHenry,2021,9,30,26.656168624771865,18.79783257670003,11.571389274855342,26.024418109869796,AN91
17111,17,111,McHenry,2021,10,31,113.19221998678888,13.456531315411421,8.429152176361248,18.484050600711452,AN91
17111,17,111,McHenry,2021,11,30,13.146490601119707,2.717216634943591,-2.675738017857052,8.110225021789368,AN91
17111,17,111,McHenry,2021,12,31,68.05402719927591,0.41834883724795024,-3.8990049599767103,4.73570658365514,AN91
17113,17,113,McLean,2020,1,31,106.17940885312338,-0.9524443362462446,-4.739575439183529,2.834434209902391,AN81
17113,17,113,McLean,2020,2,29,56.48782524925375,-1.5463916184586433,-6.029216750247142,2.9363984505155685,AN81
17113,17,113,McLean,2020,3,31,71.82567879106651,5.625386704128373,0.8328559960839998,10.418002222573634,AN81
17113,17,113,McLean,2020,4,30,137.95429832398014,9.324882054208794,3.0877025213549016,15.56216182484965,AN81
17113,17,113,McLean,2020,5,31,146.48883353838664,15.797504051206465,10.766661422692595,20.828448064728352,AN81
17113,17,113,McLean,2020,6,30,51.828073322553465,23.54206222226852,17.48971314921263,29.594513165823688,AN81
17113,17,113,McLean,2020,7,31,154.49650610983034,24.7575889900596,19.249118243538913,30.26615948371664,AN81
17113,17,113,McLean,2020,8,31,33.0737183187213,22.38657141536403,16.314863083157736,28.458378175806736,AN81
17113,17,113,McLean,2020,9,30,125.4478890413746,18.09344212581643,11.836703040510054,24.350281975233493,AN81
17113,17,113,McLean,2020,10,31,32.672734793221885,10.709807576558202,4.5118482123178625,16.90786632222554,AN81
17113,17,113,McLean,2020,11,30,48.488403198162146,7.4956116930566425,1.7093659912093728,13.281952757750112,AN81
17113,17,113,McLean,2020,12,31,37.46762070808144,0.02646719385801573,-5.012259091297848,5.075195828350318,"AN81,AN91"
17113,17,113,McLean,2021,1,31,60.2717826181918,-2.38113241860821,-5.6490983468417015,1.0192347792337162,AN91
17113,17,113,McLean,2021,2,28,31.34659697813644,-7.298980296940806,-11.77670571250973,-2.4492555716159528,AN91
17113,17,113,McLean,2021,3,31,91.88809612534257,6.734014605271244,0.8851057411107325,12.83409640258569,AN91
17113,17,113,McLean,2021,4,30,62.65966744056764,11.30437071193865,5.204044180835838,17.555878827751272,AN91
17113,17,113,McLean,2021,5,31,130.86426008907654,16.118461440432984,10.78024749489835,21.625128079623614,AN91
17113,17,113,McLean,2021,6,30,228.63403015505145,23.6591796593069,18.126724670229198,29.338093262071062,AN91
17113,17,113,McLean,2021,7,31,125.05933715180592,23.26207883297075,18.261839370161162,28.26246135862308,AN91
17113,17,113,McLean,2021,8,31,130.96007107480168,24.00467445077743,18.354672640046118,29.654819200436016,AN91
17113,17,113,McLean,2021,9,30,42.59580273082676,20.938442626616663,13.888888294964323,27.988138687331446,AN91
17113,17,113,McLean,2021,10,31,214.69059531557244,14.977493592401977,10.267086670083089,19.688042322805284,AN91
17113,17,113,McLean,2021,11,30,21.482740759526305,4.134905181512264,-1.4349667550203664,9.704865771760094,AN91
17113,17,113,McLean,2021,12,31,49.813159186206406,3.4738901048587136,-1.580666093500808,8.528511478161333,AN91
17115,17,115,Macon,2020,1,31,130.48048444210033,0.03953031054184198,-3.535462245460983,3.614635589369833,AN81
17115,17,115,Macon,2020,2,29,69.79568548911105,-0.31473509993404564,-4.456744779611366,3.8272528604267233,AN81
17115,17,115,Macon,2020,3,31,98.04051469672581,6.690290202348105,2.11366919537762,11.267004864453694,AN81
17115,17,115,Macon,2020,4,30,159.61972612970075,9.936248428913563,3.9773109662848087,15.895286641413525,AN81
17115,17,115,Macon,2020,5,31,140.203694576958,16.306110862965433,11.521591800283375,21.09073003994654,AN81
17115,17,115,Macon,2020,6,30,95.05026439148715,23.71430417158047,18.049520036885813,29.37918857643508,AN81
17115,17,115,Macon,2020,7,31,120.61991036784696,25.092996847470044,19.906840813722162,30.27925405118311,AN81
17115,17,115,Macon,2020,8,31,22.602807472360688,22.672101879842113,16.95193555555041,28.39236905761645,AN81
17115,17,115,Macon,2020,9,30,40.71963187695544,18.874367762841793,12.369407212676593,25.379434331504918,AN81
17115,17,115,Macon,2020,10,31,49.05171396693195,11.350074014466612,5.066969469241888,17.633276761452418,AN81
17115,17,115,Macon,2020,11,30,52.960599050315224,7.919339037339037,2.059815057718411,13.778955595022152,AN81
17115,17,115,Macon,2020,12,31,41.816307372613146,0.741954523963427,-4.045296705170783,5.531976744631471,"AN81,AN91"
17115,17,115,Macon,2021,1,31,73.50647684440034,-1.5208920321479662,-4.825990767883431,1.8742455853881301,AN91
17115,17,115,Macon,2021,2,28,48.6177562134088,-5.84723367587174,-10.16365855843328,-1.3365476719145273,AN91
17115,17,115,Macon,2021,3,31,110.71797270832887,7.539694240286648,1.6964607045464082,13.579877336501532,AN91
17115,17,115,Macon,2021,4,30,73.49452804963526,11.917423926749642,6.218861115168081,17.641257588197796,AN91
17115,17,115,Macon,2021,5,31,140.67594628346913,16.46990800823342,11.246016199356111,21.730414286948438,AN91
17115,17,115,Macon,2021,6,30,195.07579993275132,23.885190606861666,18.527522069556458,29.209861837317224,AN91
17115,17,115,Macon,2021,7,31,117.41157437240273,23.699322227001616,18.87112888134131,28.52765845446213,AN91
17115,17,115,Macon,2021,8,31,87.74178904672132,24.537886852843858,19.10798124734372,29.967934107456465,AN91
17115,17,115,Macon,2021,9,30,70.38091250248642,21.08370318977267,14.37182581847976,27.79572259450822,AN91
17115,17,115,Macon,2021,10,31,179.30891068645926,15.469259084201717,10.802674375984825,20.13598401297642,AN91
17115,17,115,Macon,2021,11,30,25.99215184724786,4.677526530557128,-0.7868461642214829,10.141991490738633,AN91
17115,17,115,Macon,2021,12,31,60.566754499683015,4.767372460018536,-0.002853696239585721,9.537686977690429,AN91
17117,17,117,Macoupin,2020,1,31,153.05171453944033,0.18483902818936188,-3.446791505184458,3.816477861019561,AN81
17117,17,117,Macoupin,2020,2,29,71.78315750398936,0.18195711086184216,-4.08351189628729,4.4474231077363635,AN81
17117,17,117,Macoupin,2020,3,31,96.23930557954915,7.359927425974423,2.7264650619557615,11.993490809304145,AN81
17117,17,117,Macoupin,2020,4,30,137.8730543429552,10.41153976647167,4.405596076767446,16.41758299144592,AN81
17117,17,117,Macoupin,2020,5,31,141.89232028412127,16.46390151367812,11.745013157879576,21.18289130103398,AN81
17117,17,117,Macoupin,2020,6,30,100.5878184373771,23.72067449439889,18.0308226789095,29.410628246026075,AN81
17117,17,117,Macoupin,2020,7,31,165.0751783087317,25.42549111289584,20.39132037198316,30.45976188405623,AN81
17117,17,117,Macoupin,2020,8,31,63.62722760221656,22.613572249043905,16.86285061661636,28.364395520791785,AN81
17117,17,117,Macoupin,2020,9,30,46.65724654142668,19.02867765624471,12.542424266067655,25.5150310250239,AN81
17117,17,117,Macoupin,2020,10,31,59.134794560764036,11.38826898537915,5.260132576601597,17.516508314862044,AN81
17117,17,117,Macoupin,2020,11,30,84.32426891547689,8.203567804764397,2.4262008856299593,13.981027282370894,AN81
17117,17,117,Macoupin,2020,12,31,48.410523254374475,1.102376823675156,-3.7429031358747142,5.94925779811187,"AN81,AN91"
17117,17,117,Macoupin,2021,1,31,63.527996524157004,-0.706852096738544,-3.7525963788764,2.4318278566645244,AN91
17117,17,117,Macoupin,2021,2,28,46.49257950843333,-5.367590065784282,-9.704408180134434,-1.0040894523036432,AN91
17117,17,117,Macoupin,2021,3,31,114.27384289409443,8.496035111857877,2.9641149051407862,14.181690050505653,AN91
17117,17,117,Macoupin,2021,4,30,109.65795275105367,11.9765293592748,6.20570369292241,17.82812041288886,AN91
17117,17,117,Macoupin,2021,5,31,126.89613136717628,16.74547026917661,11.724048563219563,21.861423200929675,AN91
17117,17,117,Macoupin,2021,6,30,161.36508558226862,23.911471825984744,18.656022699029815,29.26960138690364,AN91
17117,17,117,Macoupin,2021,7,31,160.47492475489523,23.687440666229875,18.823692849573757,28.55132998407012,AN91
17117,17,117,Macoupin,2021,8,31,126.30268986926767,24.787553856156677,19.40197063825143,30.173280170234737,AN91
17117,17,117,Macoupin,2021,9,30,73.99675957422507,21.144573692864473,14.370880903653434,27.91840834957914,AN91
17117,17,117,Macoupin,2021,10,31,97.9017081554086,15.55543153012312,10.612804837639343,20.498198102377888,AN91
17117,17,117,Macoupin,2021,11,30,18.69379835000003,5.4730003660843884,-0.4111678918081401,11.357270281016332,AN91
17117,17,117,Macoupin,2021,12,31,74.3184283875567,5.476321403690926,0.3214066367875946,10.63132885882612,AN91
17119,17,119,Madison,2020,1,31,174.57655161713203,1.303413536212608,-2.465669902099209,5.072772452997006,AN81
17119,17,119,Madison,2020,2,29,64.1208032693968,1.4723435431814642,-2.9100702956848434,5.854792463784228,AN81
17119,17,119,Madison,2020,3,31,97.48711461367911,8.442827367894745,3.5841269447063726,13.301627580666583,AN81
17119,17,119,Madison,2020,4,30,129.17545320803322,11.137546338518199,5.240519170327033,17.034675391005745,AN81
17119,17,119,Madison,2020,5,31,129.76742044632138,17.164761681021798,12.403520395911539,21.926100900975033,AN81
17119,17,119,Madison,2020,6,30,122.378598211964,24.24601516270804,18.68475185010283,29.80738041547965,AN81
17119,17,119,Madison,2020,7,31,168.6334582175193,26.12833808938729,21.122405068265074,31.134372399454417,AN81
17119,17,119,Madison,2020,8,31,95.14259210932754,23.543121817452228,18.153557455533587,28.93278457582153,AN81
17119,17,119,Madison,2020,9,30,30.007490798596287,19.755723932109277,13.571538670796995,25.940007193775855,AN81
17119,17,119,Madison,2020,10,31,94.3814154933763,12.094885918208725,6.141745585536846,18.048126221081084,AN81
17119,17,119,Madison,2020,11,30,107.98888753479346,9.084401969027606,3.322806808330363,14.84609198324767,AN81
17119,17,119,Madison,2020,12,31,49.5678361825995,2.0789197943097952,-2.833050490613307,6.991693232607554,"AN81,AN91"
17119,17,119,Madison,2021,1,31,81.29827693308111,0.5029335519707645,-2.66400242606833,3.6569518566550663,AN91
17119,17,119,Madison,2021,2,28,50.82150966266818,-3.9950303482395086,-8.4024218431063,0.3991959935849326,AN91
17119,17,119,Madison,2021,3,31,130.75558095256198,9.716059781646646,4.078435002168596,15.491200802647104,AN91
17119,17,119,Madison,2021,4,30,109.62124183722509,12.95143684306652,7.2771841966659405,18.527434715885537,AN91
17119,17,119,Madison,2021,5,31,88.64033303896693,17.492061885305326,12.48847507935789,22.46768369644677,AN91
17119,17,119,Madison,2021,6,30,140.5404771008587,24.638437396358842,19.4676578566968,29.759158052469584,AN91
17119,17,119,Madison,2021,7,31,168.61404547677276,24.60194211053819,19.680417488686945,29.523609862581576,AN91
17119,17,119,Madison,2021,8,31,113.43810564186849,25.879838842356662,20.60894123607592,31.150876826266916,AN91
17119,17,119,Madison,2021,9,30,65.01447887711517,22.12798657317055,15.772519983157817,28.48359493306778,AN91
17119,17,119,Madison,2021,10,31,98.67278148112432,16.389500519677213,11.392847088238184,21.38629606188642,AN91
17119,17,119,Madison,2021,11,30,17.689825769199153,6.616845564854373,0.7293585326325623,12.504441839356884,AN91
17119,17,119,Madison,2021,12,31,75.62460961935732,6.755146685526955,1.558486134200651,11.951910717993272,AN91
17121,17,121,Marion,2020,1,31,158.92240779750117,1.844601782667389,-2.1252833590906497,5.814908526491671,AN81
17121,17,121,Marion,2020,2,29,75.94272170379324,1.939563560176383,-2.388631514091075,6.267808226013856,AN81
17121,17,121,Marion,2020,3,31,117.08962190262021,8.53434199379672,3.69079734877206,13.377986764989899,AN81
17121,17,121,Marion,2020,4,30,122.13477629964676,10.992385001240022,4.970339198855687,17.014531378913528,AN81
17121,17,121,Marion,2020,5,31,108.72517193664216,17.146027026223518,12.134004726801646,22.158146109028653,AN81
17121,17,121,Marion,2020,6,30,115.46471959034108,24.130995030439575,18.315132209158588,29.946955970532045,AN81
17121,17,121,Marion,2020,7,31,191.251749367584,25.97951161638559,20.69936894824387,31.259754202695074,AN81
17121,17,121,Marion,2020,8,31,71.57774818430325,23.218560028531925,17.660244910485194,28.7769763003873,AN81
17121,17,121,Marion,2020,9,30,15.964581743776916,19.634638537453732,12.886519695147564,26.382855106510178,AN81
17121,17,121,Marion,2020,10,31,123.91041315125618,12.416980167732863,5.8841017508430085,18.949958673385233,AN81
17121,17,121,Marion,2020,11,30,145.41763590506494,8.993830530588097,2.9001032468644046,15.087651707490425,AN81
17121,17,121,Marion,2020,12,31,55.1223110744043,1.8649478516052749,-3.0823245768554837,6.812821285590708,"AN81,AN91"
17121,17,121,Marion,2021,1,31,72.16285086979457,0.2794916358375975,-3.3823504811642353,3.957780957510908,AN91
17121,17,121,Marion,2021,2,28,72.79912739970153,-3.7350023790753624,-8.366334038251708,0.8936793297255148,AN91
17121,17,121,Marion,2021,3,31,151.54220496838823,9.376408557792622,3.5225908295227257,15.191441740848344,AN91
17121,17,121,Marion,2021,4,30,71.30063170115612,12.706635520873279,6.736666403420921,18.62074084232303,AN91
17121,17,121,Marion,2021,5,31,96.29168326193337,17.401693478921654,11.797726055036165,22.929083838067836,AN91
17121,17,121,Marion,2021,6,30,96.16251908314996,24.256614389702683,18.807284855487975,29.68265511118335,AN91
17121,17,121,Marion,2021,7,31,238.67561276661291,24.2387331365542,19.108783974526528,29.368824261887088,AN91
17121,17,121,Marion,2021,8,31,141.1712877299639,25.095353552410334,19.736394872501005,30.454453226127885,AN91
17121,17,121,Marion,2021,9,30,80.4267715672473,21.296256327659922,14.587248087265712,28.00540745250762,AN91
17121,17,121,Marion,2021,10,31,107.26353919583359,16.30358925112524,11.083994458062781,21.5233251525781,AN91
17121,17,121,Marion,2021,11,30,40.300465223348475,5.745623333826655,-0.36879818543054366,11.860155771747886,AN91
17121,17,121,Marion,2021,12,31,98.43367368162404,6.821472027048297,1.5126327576832204,12.130424238481218,AN91
17123,17,123,Marshall,2020,1,31,80.30647484196605,-1.6822715374045933,-5.436748825098884,2.0718789467981966,AN81
17123,17,123,Marshall,2020,2,29,26.69274327219526,-2.1804902318101393,-6.793843243424328,2.4328123810127,AN81
17123,17,123,Marshall,2020,3,31,67.224162628464,5.092354539454119,0.2955038342875227,9.88929545558723,AN81
17123,17,123,Marshall,2020,4,30,114.72828675237768,8.923007560633108,2.4605569405806866,15.385559981171687,AN81
17123,17,123,Marshall,2020,5,31,131.365587527617,15.32902413014467,10.10766901388808,20.550473343111992,AN81
17123,17,123,Marshall,2020,6,30,63.02303755903813,23.11385930551245,16.940006158867053,29.28781363552953,AN81
17123,17,123,Marshall,2020,7,31,165.041749769296,24.46880128289663,18.845820916338745,30.091886843474608,AN81
17123,17,123,Marshall,2020,8,31,22.28585904623555,22.265851277251624,16.08195309879895,28.44985091276676,AN81
17123,17,123,Marshall,2020,9,30,152.9638094040607,17.461062718048996,11.43554007078658,23.486687561975778,AN81
17123,17,123,Marshall,2020,10,31,45.24771745113323,9.797142914369404,3.766181952718921,15.828199463237857,AN81
17123,17,123,Marshall,2020,11,30,49.33999915977783,7.059615170250457,1.407447320436281,12.71187201573941,AN81
17123,17,123,Marshall,2020,12,31,36.54602595290612,-0.7019292621102508,-5.635476734312034,4.235794646502606,"AN81,AN91"
17123,17,123,Marshall,2021,1,31,50.792030272251495,-3.2113773644965393,-6.471511330949527,0.2111251784409708,AN91
17123,17,123,Marshall,2021,2,28,30.74748465063108,-8.72260782197571,-13.326867970626642,-3.856912380358575,AN91
17123,17,123,Marshall,2021,3,31,57.91013831746459,6.117848113669832,0.21314727951415893,12.125152267606575,AN91
17123,17,123,Marshall,2021,4,30,83.4896937641609,10.766403228457945,4.6910509984594615,16.916298342883973,AN91
17123,17,123,Marshall,2021,5,31,120.63594255522973,15.392936576716828,9.995998174717739,20.83695186341435,AN91
17123,17,123,Marshall,2021,6,30,136.68772400442006,23.324525196463426,17.64594406669007,29.034984158033545,AN91
17123,17,123,Marshall,2021,7,31,116.45072632920221,22.915025678726032,18.010954406929454,27.81923863765147,AN91
17123,17,123,Marshall,2021,8,31,88.57588047916761,23.61245075565402,17.801776744167356,29.423268066833938,AN91
17123,17,123,Marshall,2021,9,30,24.819364285231334,20.356265224121923,13.094525368354025,27.618147860431858,AN91
17123,17,123,Marshall,2021,10,31,225.64909136197232,14.414704701210571,9.46731883124187,19.36223146857353,AN91
17123,17,123,Marshall,2021,11,30,16.179613914097377,3.840949862611585,-1.7430454795041221,9.425028843924013,AN91
17123,17,123,Marshall,2021,12,31,38.296049773482366,2.386252538441526,-2.6419221443209007,7.414469477600692,AN91
17125,17,125,Mason,2020,1,31,95.04307598105767,-0.883494891967171,-4.807335495022421,3.040182529319351,AN81
17125,17,125,Mason,2020,2,29,55.80287775585374,-1.111309984847441,-5.813023548328531,3.5903768178648607,AN81
17125,17,125,Mason,2020,3,31,64.12345239166112,6.551662762451125,1.6629478439046466,11.440466257836293,AN81
17125,17,125,Mason,2020,4,30,174.83975681064567,10.126410352221598,3.9274456255645025,16.325476795610257,AN81
17125,17,125,Mason,2020,5,31,116.58220500601426,16.21363237307401,11.260099621675442,21.16726579886595,AN81
17125,17,125,Mason,2020,6,30,59.7042357626798,23.64758546094529,17.593162330889715,29.702110653907102,AN81
17125,17,125,Mason,2020,7,31,142.44773315305028,25.064151487753282,19.66337571807171,30.465027851903105,AN81
17125,17,125,Mason,2020,8,31,16.21389854616763,22.717176390723964,16.446150761862473,28.988304005163528,AN81
17125,17,125,Mason,2020,9,30,90.1303573116301,18.45872526312288,12.02601639916793,24.89153612981096,AN81
17125,17,125,Mason,2020,10,31,29.171938986168456,10.761380777839447,4.3866122520063,17.136250872718367,AN81
17125,17,125,Mason,2020,11,30,55.04505626113002,7.74441037670993,1.7456706248561202,13.743239440780801,AN81
17125,17,125,Mason,2020,12,31,35.463536900282655,0.13797059385025323,-5.061911064240548,5.3350382964085385,"AN81,AN91"
17125,17,125,Mason,2021,1,31,59.25812715461523,-1.81007903982385,-5.298330756923543,1.4886922909507496,AN91
17125,17,125,Mason,2021,2,28,37.36383778970059,-6.842515919147808,-11.278970361389195,-2.1577159580515266,AN91
17125,17,125,Mason,2021,3,31,118.00119035602306,7.6915986725463785,1.723913251036129,13.842006756850285,AN91
17125,17,125,Mason,2021,4,30,83.61107194380516,11.797235014572077,5.876718415107972,17.773399804122864,AN91
17125,17,125,Mason,2021,5,31,158.67784344725868,16.744391689557602,11.231453502143875,21.67359588234847,AN91
17125,17,125,Mason,2021,6,30,144.9740465506455,23.961938996779445,18.263661650056196,29.328546975221126,AN91
17125,17,125,Mason,2021,7,31,163.64166326761247,23.749740308663085,18.792357516922948,28.70726497409732,AN91
17125,17,125,Mason,2021,8,31,162.5335051091567,24.539206812537294,18.827510093219367,30.25104580011768,AN91
17125,17,125,Mason,2021,9,30,29.942602939087774,21.14109850400973,13.926566483396188,28.35577126657244,AN91
17125,17,125,Mason,2021,10,31,189.99937480478962,15.145982616887549,10.027786666791338,20.26431986726031,AN91
17125,17,125,Mason,2021,11,30,19.370896645269966,4.844601008862207,-1.020580324687821,10.709870316220293,AN91
17125,17,125,Mason,2021,12,31,38.48246458739838,4.1356775639299315,-1.268466495227158,9.539891120244825,AN91
17127,17,127,Massac,2020,1,31,154.6238185765536,3.8557590534166972,-0.26603771991328207,7.978207738169816,AN81
17127,17,127,Massac,2020,2,29,170.01522060307437,3.929418269001753,-0.7243480763224236,8.583251887265083,AN81
17127,17,127,Massac,2020,3,31,186.34523192068167,10.972857326427688,5.8805160474161395,16.065298614083904,AN81
17127,17,127,Massac,2020,4,30,74.54469789031057,12.421362396833363,6.2047802790169895,18.63804979758453,AN81
17127,17,127,Massac,2020,5,31,106.6459931887957,18.07925479632694,12.925670646432154,23.232940236117024,AN81
17127,17,127,Massac,2020,6,30,137.28559958505218,24.021623041609754,18.466536790005325,29.576805057986135,AN81
17127,17,127,Massac,2020,7,31,133.78673494512384,26.8422441036706,21.63998128600411,32.044610256119505,AN81
17127,17,127,Massac,2020,8,31,127.80831684065316,23.61522628913044,18.644032371415612,28.586517261395606,AN81
17127,17,127,Massac,2020,9,30,81.87276301087621,20.60902936999771,14.863863786573837,26.35429600012357,AN81
17127,17,127,Massac,2020,10,31,173.81415230518536,13.56421671326576,7.53254666972597,19.59598602761278,AN81
17127,17,127,Massac,2020,11,30,64.11482962901519,10.096692808254728,3.8706207311473206,16.322860742601215,AN81
17127,17,127,Massac,2020,12,31,86.20808416604493,3.4802554813064677,-1.8069372341555447,8.763194733465253,"AN81,AN91"
17127,17,127,Massac,2021,1,31,90.94717181174266,2.50325163751936,-1.5237583680513869,6.593152437769718,AN91
17127,17,127,Massac,2021,2,28,104.15591003626122,-1.3804480239299377,-6.1224319054089715,3.399440907555298,AN91
17127,17,127,Massac,2021,3,31,128.22939237485662,10.915262226555777,4.949338724936962,16.902030335324877,AN91
17127,17,127,Massac,2021,4,30,120.80161717914399,13.72461215641047,7.660074872180436,19.765510356591562,AN91
17127,17,127,Massac,2021,5,31,115.59931942500883,17.996856639431467,12.325048221479044,23.652970194635056,AN91
17127,17,127,Massac,2021,6,30,119.45231664041529,24.517637528014305,19.385826886812918,29.66758671555873,AN91
17127,17,127,Massac,2021,7,31,149.87116492852468,25.261738205708077,20.328352257063617,30.195265485604946,AN91
17127,17,127,Massac,2021,8,31,105.56242581073931,25.404580561400458,20.30678408675549,30.502519567748116,AN91
17127,17,127,Massac,2021,9,30,55.12206628300108,21.405052387648436,15.119507529772058,27.69074096485075,AN91
17127,17,127,Massac,2021,10,31,85.64479044875432,17.404171638043664,11.852117056106675,22.956366030445682,AN91
17127,17,127,Massac,2021,11,30,48.030594642769366,6.55788997101732,-0.2544134431355599,13.37031016550916,AN91
17127,17,127,Massac,2021,12,31,173.3773415825917,9.176107668901695,3.4686609802714834,14.88368807594885,AN91
17129,17,129,Menard,2020,1,31,113.00559788288021,-0.47327185621333356,-4.340554647781095,3.3939958824329173,AN81
17129,17,129,Menard,2020,2,29,61.264677206370166,-0.7890103746785309,-5.368247953645039,3.7902009289847447,AN81
17129,17,129,Menard,2020,3,31,69.639663786259,6.709308386281748,1.9103976586598053,11.508310165059848,AN81
17129,17,129,Menard,2020,4,30,154.86998607553954,10.129261537949118,3.889525017846208,16.36909852483971,AN81
17129,17,129,Menard,2020,5,31,110.83153958879848,16.271143381813634,11.363208033593258,21.179174767468524,AN81
17129,17,129,Menard,2020,6,30,63.92943780463095,23.653107951509647,17.810462996540124,29.495853960896113,AN81
17129,17,129,Menard,2020,7,31,104.60528650599974,25.145455568434183,19.844276612775737,30.446739475964463,AN81
17129,17,129,Menard,2020,8,31,31.490964130396527,22.728228895154892,16.668818780116712,28.787742343798122,AN81
17129,17,129,Menard,2020,9,30,66.86417939107402,18.645205274619926,12.273381141503277,25.017130071063256,AN81
17129,17,129,Menard,2020,10,31,33.51896589038174,10.994045881261583,4.788169393127327,17.200018783304394,AN81
17129,17,129,Menard,2020,11,30,50.49149891757361,8.048594887301173,2.10071412181225,13.996569476276674,AN81
17129,17,129,Menard,2020,12,31,33.12471521378143,0.44317983218104806,-4.6915092133451886,5.57667968196169,"AN81,AN91"
17129,17,129,Menard,2021,1,31,57.793875759300036,-1.5983825337358197,-4.9416612413330805,1.6750401258817245,AN91
17129,17,129,Menard,2021,2,28,41.35567594138658,-6.482426434214516,-10.949536097217512,-1.9104147680910617,AN91
17129,17,129,Menard,2021,3,31,123.33792740466126,7.896235755857824,1.999608096194771,13.827358461672247,AN91
17129,17,129,Menard,2021,4,30,71.22220078559191,11.964855277361501,6.11908609589316,17.828592919921924,AN91
17129,17,129,Menard,2021,5,31,157.5131134243123,16.680037502970073,11.535681096375198,21.706906695307936,AN91
17129,17,129,Menard,2021,6,30,141.96646855344525,23.780118679901513,18.453667398873446,29.08392072445009,AN91
17129,17,129,Menard,2021,7,31,150.00260715771222,23.659245893419772,18.90307391600356,28.4155589297067,AN91
17129,17,129,Menard,2021,8,31,180.10890143074624,24.560563021177433,19.114981485053956,30.00628542857123,AN91
17129,17,129,Menard,2021,9,30,43.64922719228125,21.085221963360212,14.289935618403575,27.880649847410307,AN91
17129,17,129,Menard,2021,10,31,161.88304266579507,15.260807231389848,10.450428325093787,20.071326290916385,AN91
17129,17,129,Menard,2021,11,30,20.522736337403515,4.960824476955737,-0.7875821945844294,10.70931899488832,AN91
17129,17,129,Menard,2021,12,31,40.79023962907177,4.3864184258133445,-0.8602029304821888,9.63311543708156,AN91
17131,17,131,Mercer,2020,1,31,60.36930813554915,-2.676979001790709,-6.5048381968614954,1.1505296055351875,AN81
17131,17,131,Mercer,2020,2,29,10.367997200386759,-2.1557746808435216,-6.934471438537099,2.62287420086992,AN81
17131,17,131,Mercer,2020,3,31,68.59676413201133,5.443601465170411,0.6837646071733828,10.203527611931971,AN81
17131,17,131,Mercer,2020,4,30,63.614737117723564,9.230553344568367,2.6979539976792664,15.763251423635612,AN81
17131,17,131,Mercer,2020,5,31,110.85296630715702,15.264288210856659,10.184435733727875,20.344240372879838,AN81
17131,17,131,Mercer,2020,6,30,132.51507874858717,22.992841579939082,17.320071714037294,28.66571063787243,AN81
17131,17,131,Mercer,2020,7,31,105.75006615818941,24.62919786665392,19.29028869855382,29.968205630298105,AN81
17131,17,131,Mercer,2020,8,31,22.694813522542052,22.64432072382661,16.427086581045543,28.86165926931682,AN81
17131,17,131,Mercer,2020,9,30,173.5907994453592,17.258134047651314,11.327553478549431,23.188817970116528,AN81
17131,17,131,Mercer,2020,10,31,43.289914005854286,9.320192120719259,3.717530445677642,14.92294661586105,AN81
17131,17,131,Mercer,2020,11,30,69.0661123571868,6.776461457039724,0.9096510839531644,12.64335727226927,AN81
17131,17,131,Mercer,2020,12,31,64.46405805639367,-1.2358286745959266,-5.912876669637294,3.4438199604826036,"AN81,AN91"
17131,17,131,Mercer,2021,1,31,50.74582147634813,-3.6479722736602835,-7.0798520832992065,-0.15297679211917942,AN91
17131,17,131,Mercer,2021,2,28,30.030753579064466,-9.27428077952556,-13.615700155904594,-4.835727525552805,AN91
17131,17,131,Mercer,2021,3,31,73.73695834641414,6.212483084674173,0.7085933984327571,11.75148266204075,AN91
17131,17,131,Mercer,2021,4,30,102.78978331992607,10.76144168288977,5.01395231476055,16.552693994004308,AN91
17131,17,131,Mercer,2021,5,31,150.91309469734776,15.539030037864212,10.536485147304553,20.613112204187164,AN91
17131,17,131,Mercer,2021,6,30,153.67810315747494,23.376457157567607,17.76147346053342,29.01772272920991,AN91
17131,17,131,Mercer,2021,7,31,117.55316737922693,23.131170335138492,18.0936848715958,28.168799369745397,AN91
17131,17,131,Mercer,2021,8,31,109.70741385407203,23.69106168534813,17.86719659553917,29.51507086840154,AN91
17131,17,131,Mercer,2021,9,30,30.101323554152938,20.52485507923655,13.62780510039533,27.422049093207587,AN91
17131,17,131,Mercer,2021,10,31,128.37001935885442,14.206194801761908,9.092348405572121,19.320182434504815,AN91
17131,17,131,Mercer,2021,11,30,9.59627018371425,4.221095073165195,-1.3968996026485887,9.8391734569435,AN91
17131,17,131,Mercer,2021,12,31,29.512027580797763,1.7565517780752433,-3.5856133057034403,7.098736134730864,AN91
17133,17,133,Monroe,2020,1,31,160.78759992021526,1.8721513903705689,-2.0838670124205856,5.828543829973368,AN81
17133,17,133,Monroe,2020,2,29,70.88091084667288,2.2092403238968403,-2.5040801661834,6.9226147686484385,AN81
17133,17,133,Monroe,2020,3,31,112.28474990270782,9.122216710868775,4.079797540594148,14.164737097856493,AN81
17133,17,133,Monroe,2020,4,30,123.65535316898273,11.598906373369157,5.474139812053055,17.72376827736777,AN81
17133,17,133,Monroe,2020,5,31,176.59767119487384,17.31816298429361,12.199489177812715,22.436935281224343,AN81
17133,17,133,Monroe,2020,6,30,82.87027214466805,24.334714689504697,18.599197827667027,30.070335242416647,AN81
17133,17,133,Monroe,2020,7,31,175.96375817931016,26.589621367977163,21.415379383834086,31.763966948249443,AN81
17133,17,133,Monroe,2020,8,31,90.83639805275793,23.99495001924578,18.675155360243885,29.314842088609105,AN81
17133,17,133,Monroe,2020,9,30,29.295751291811218,20.35591643151252,14.171196124398696,26.54073888941471,AN81
17133,17,133,Monroe,2020,10,31,116.5514810471229,12.524610472549787,6.363032443267657,18.686287158969318,AN81
17133,17,133,Monroe,2020,11,30,132.52711736597962,9.62500702206118,3.567812526511437,15.682295924462133,AN81
17133,17,133,Monroe,2020,12,31,48.98858321286643,2.5944576393256944,-2.8947391772491042,8.081791130662046,"AN81,AN91"
17133,17,133,Monroe,2021,1,31,87.07787875505713,1.195875629325211,-2.282699314174268,4.707426420347789,AN91
17133,17,133,Monroe,2021,2,28,50.20743630193191,-3.1940102730348134,-8.009897712402552,1.5745417787350244,AN91
17133,17,133,Monroe,2021,3,31,119.79165346566029,10.307421361881728,4.536633035533301,16.018765986752207,AN91
17133,17,133,Monroe,2021,4,30,118.87681174302662,13.377309027285344,7.367816293835626,19.050358250082745,AN91
17133,17,133,Monroe,2021,5,31,74.04379555394014,17.54601964299975,11.971842986937425,22.877337570297215,AN91
17133,17,133,Monroe,2021,6,30,109.32111604577844,24.674004818769138,19.315704452922056,29.974637038379385,AN91
17133,17,133,Monroe,2021,7,31,140.46371767843775,25.114962623281627,20.029468642702167,30.200596335115005,AN91
17133,17,133,Monroe,2021,8,31,69.1314970588402,25.921201738150703,20.41411423825642,31.42842903574475,AN91
17133,17,133,Monroe,2021,9,30,61.5761751039102,21.99466646875613,15.730089427122884,28.25938426020947,AN91
17133,17,133,Monroe,2021,10,31,112.13301082598693,16.517481067286706,11.261165724903057,21.77394016126231,AN91
17133,17,133,Monroe,2021,11,30,22.515489011078007,7.238794266668082,0.965109655807769,13.512601810071965,AN91
17133,17,133,Monroe,2021,12,31,78.5722300299879,7.522221584836634,1.9166759696895195,13.127874313629732,AN91
17135,17,135,Montgomery,2020,1,31,153.25054954409552,0.2862632458288363,-3.3591435039672577,3.931769783092053,AN81
17135,17,135,Montgomery,2020,2,29,72.87971718482572,0.39730216762333004,-3.740113875643013,4.534715495126649,AN81
17135,17,135,Montgomery,2020,3,31,93.5401923013166,7.2754030813238,2.6321028670679314,11.918802812694228,AN81
17135,17,135,Montgomery,2020,4,30,132.59198463306095,10.297839853563527,4.163096419821659,16.432682524926328,AN81
17135,17,135,Montgomery,2020,5,31,103.38297910053635,16.522842566921824,11.618027517399561,21.427758228990328,AN81
17135,17,135,Montgomery,2020,6,30,98.97236968732213,23.63965911157359,17.813229251845602,29.46619053974306,AN81
17135,17,135,Montgomery,2020,7,31,149.14972092942233,25.320954961651513,19.997192065535646,30.644819626472096,AN81
17135,17,135,Montgomery,2020,8,31,51.91707366409819,22.471098187596365,16.611906121054034,28.330389220487515,AN81
17135,17,135,Montgomery,2020,9,30,33.05056113388587,19.007976828419423,12.266894775908318,25.749156470389586,AN81
17135,17,135,Montgomery,2020,10,31,75.28393221612804,11.554801658461006,5.219593942518647,17.89010806714762,AN81
17135,17,135,Montgomery,2020,11,30,93.42041169447208,8.189029163210254,2.426506108352941,13.951647076288676,AN81
17135,17,135,Montgomery,2020,12,31,49.679255966382556,1.0775319195925177,-3.5757574952829865,5.733845492775926,"AN81,AN91"
17135,17,135,Montgomery,2021,1,31,63.659887791938424,-0.8570867046179826,-3.9861945710233804,2.3995298384652717,AN91
17135,17,135,Montgomery,2021,2,28,49.38698144330415,-5.11019961355015,-9.472921726837347,-0.723454926563918,AN91
17135,17,135,Montgomery,2021,3,31,124.65670541973374,8.366313613021005,2.7205763043911997,14.109931333597956,AN91
17135,17,135,Montgomery,2021,4,30,75.11735991031986,11.9184515493736,6.117689049231012,17.808271705304207,AN91
17135,17,135,Montgomery,2021,5,31,130.36877862705254,16.68398264196986,11.427056792438782,21.92150126709544,AN91
17135,17,135,Montgomery,2021,6,30,150.58208413710528,23.769702471757782,18.375802201679825,29.25564917097593,AN91
17135,17,135,Montgomery,2021,7,31,173.44135398886021,23.6219778943161,18.533751480100058,28.710347129165818,AN91
17135,17,135,Montgomery,2021,8,31,160.4888520971786,24.64913638256155,19.04637615780515,30.25203627532832,AN91
17135,17,135,Montgomery,2021,9,30,67.90403230239613,21.023345253368166,14.106362888936312,27.9404717853397,AN91
17135,17,135,Montgomery,2021,10,31,104.84029257829347,15.600666811295842,10.495815956489501,20.705659263015352,AN91
17135,17,135,Montgomery,2021,11,30,22.20287097067889,5.198731154533177,-0.507066916111291,10.904631591056328,AN91
17135,17,135,Montgomery,2021,12,31,80.29935740403789,5.420645179430696,0.5884173621981891,10.252965842858565,AN91
17137,17,137,Morgan,2020,1,31,111.04860873861784,-0.3925652124334036,-4.179271473822564,3.3940639170000138,AN81
17137,17,137,Morgan,2020,2,29,62.766364401809135,-0.6333713884398313,-5.257140524060764,3.9903795851572337,AN81
17137,17,137,Morgan,2020,3,31,99.83317298644508,6.9116720098283455,2.119316690630265,11.704117985099836,AN81
17137,17,137,Morgan,2020,4,30,142.04258188033498,10.224269428249105,3.9560583980651476,16.492582937333648,AN81
17137,17,137,Morgan,2020,5,31,145.90851897099677,16.24744397600377,11.368303192754299,21.12668789777295,AN81
17137,17,137,Morgan,2020,6,30,93.13038447479423,23.562050622601735,17.680334220882166,29.443867964964873,AN81
17137,17,137,Morgan,2020,7,31,137.6667034636957,25.142629016979736,19.9886491172825,30.296712951811596,AN81
17137,17,137,Morgan,2020,8,31,27.741593401889116,22.510929702339986,16.38309808452007,28.638862015900205,AN81
17137,17,137,Morgan,2020,9,30,78.47812930560592,18.594745246128632,12.031192553843171,25.158399573811984,AN81
17137,17,137,Morgan,2020,10,31,39.57161200918882,11.014736007817184,4.841033130332943,17.188542674765046,AN81
17137,17,137,Morgan,2020,11,30,52.57834903031433,7.981097304706408,1.8888841424328098,14.073401322779292,AN81
17137,17,137,Morgan,2020,12,31,33.22975006810357,0.6154270836769754,-4.6227032008562805,5.852608060643424,"AN81,AN91"
17137,17,137,Morgan,2021,1,31,58.710220386738975,-1.291185578858449,-4.536965221166922,1.9939564348698893,AN91
17137,17,137,Morgan,2021,2,28,40.690809077198956,-6.4312438676271935,-10.926038911622927,-1.9167893658394888,AN91
17137,17,137,Morgan,2021,3,31,124.55738050092894,7.972102427396217,2.1004118128114686,13.861544030084001,AN91
17137,17,137,Morgan,2021,4,30,88.27825875920713,11.814903029785068,5.787612037241835,17.838843532858082,AN91
17137,17,137,Morgan,2021,5,31,140.91408824441288,16.535267310944096,11.312431911888847,21.70561874753885,AN91
17137,17,137,Morgan,2021,6,30,206.29159044434837,23.702191307088125,18.17863640639899,29.257413177385054,AN91
17137,17,137,Morgan,2021,7,31,118.91346103850667,23.607647969251882,18.68642094527828,28.529019137121377,AN91
17137,17,137,Morgan,2021,8,31,105.6056505575024,24.403247699194495,18.775497919832024,30.03114083506321,AN91
17137,17,137,Morgan,2021,9,30,50.075984721436555,21.077087620213955,13.98410116695743,28.170215449754117,AN91
17137,17,137,Morgan,2021,10,31,221.88835756078805,15.206052803235242,10.214662575102855,20.197583853157276,AN91
17137,17,137,Morgan,2021,11,30,16.513402712168112,5.155634785517508,-0.8682551258520157,11.179618097835412,AN91
17137,17,137,Morgan,2021,12,31,43.36038681627438,4.733419288869995,-0.7589738641425627,10.225893185835844,AN91
17139,17,139,Moultrie,2020,1,31,150.98836664508806,0.255220237309232,-3.4042081888886306,3.914811901721701,AN81
17139,17,139,Moultrie,2020,2,29,69.27031109001818,-0.05762236353976991,-4.216433227445285,4.10117667231383,AN81
17139,17,139,Moultrie,2020,3,31,100.96744419048989,6.874300597144603,2.2164964442698984,11.532200908157586,AN81
17139,17,139,Moultrie,2020,4,30,126.34137890347708,9.853276174317697,3.689899143945588,16.01675876478289,AN81
17139,17,139,Moultrie,2020,5,31,174.9562571116511,16.31761435838661,11.371058423791473,21.264271111590414,AN81
17139,17,139,Moultrie,2020,6,30,92.7544221832683,23.6947050061364,18.056651965719784,29.332858096710954,AN81
17139,17,139,Moultrie,2020,7,31,152.95675221123926,25.241921774000982,19.972232313203595,30.5117107437979,AN81
17139,17,139,Moultrie,2020,8,31,30.199509060588706,22.713767272159043,16.941268358572366,28.48636543864029,AN81
17139,17,139,Moultrie,2020,9,30,39.7847764032833,18.928545171508087,12.311185090728584,25.546009133345247,AN81
17139,17,139,Moultrie,2020,10,31,87.57047203187466,11.462532842178284,5.058355172772484,17.866810519759074,AN81
17139,17,139,Moultrie,2020,11,30,80.6642015153334,8.13405139482977,2.224655962385495,14.043541602992141,AN81
17139,17,139,Moultrie,2020,12,31,41.20401623673196,0.8284881892572007,-3.866629414850439,5.524125323607175,"AN81,AN91"
17139,17,139,Moultrie,2021,1,31,68.52764466398074,-1.4560131952017097,-4.99182666488856,2.0938927482227863,AN91
17139,17,139,Moultrie,2021,2,28,58.19579316714739,-5.739610299498584,-10.561386417014623,-0.8840892492354667,AN91
17139,17,139,Moultrie,2021,3,31,111.2715221558423,7.702189321463222,1.707777228347017,13.772063844508152,AN91
17139,17,139,Moultrie,2021,4,30,57.3851998909708,11.902715504448253,6.06310128584484,17.77787978161816,AN91
17139,17,139,Moultrie,2021,5,31,143.70906184872658,16.48228162641149,11.038639966472866,21.89903542357033,AN91
17139,17,139,Moultrie,2021,6,30,172.69516279280464,23.81989482067005,18.487276724733864,29.172286909777416,AN91
17139,17,139,Moultrie,2021,7,31,125.25714222342309,23.686125998388665,18.822425454975857,28.54996997589445,AN91
17139,17,139,Moultrie,2021,8,31,129.54822724201904,24.548844261368448,19.054640772940107,30.04319035877868,AN91
17139,17,139,Moultrie,2021,9,30,94.7251167135543,21.110082671529977,14.49341007855833,27.726898300409598,AN91
17139,17,139,Moultrie,2021,10,31,171.25659906372195,15.70868902707112,11.088903535075826,20.32861691623294,AN91
17139,17,139,Moultrie,2021,11,30,34.344505091731165,4.803391208387279,-0.6939756831268161,10.300854505238195,AN91
17139,17,139,Moultrie,2021,12,31,79.18676342011842,5.072283104114381,0.3760794252026677,9.768580874398292,AN91
17141,17,141,Ogle,2020,1,31,61.12169195059307,-2.926959850886499,-6.377085502052882,0.5225950308752223,AN81
17141,17,141,Ogle,2020,2,29,13.625945861624565,-3.9592371641934587,-8.636608426542395,0.718082047038506,AN81
17141,17,141,Ogle,2020,3,31,120.28486462984905,3.947214122899763,-0.5910105565376044,8.485512464845693,AN81
17141,17,141,Ogle,2020,4,30,76.8851447248817,7.730787533970717,1.6527158509061735,13.808946645367216,AN81
17141,17,141,Ogle,2020,5,31,151.36057766049376,14.437263081958205,9.109909405676204,19.764717564578596,AN81
17141,17,141,Ogle,2020,6,30,109.47548009356188,22.309605258533153,16.16104823055668,28.45826007579131,AN81
17141,17,141,Ogle,2020,7,31,100.94468731571858,23.691003544937825,18.115060335621138,29.267048653630646,AN81
17141,17,141,Ogle,2020,8,31,29.28239732649659,21.720360260389523,15.365277799820493,28.075542809881455,AN81
17141,17,141,Ogle,2020,9,30,173.5642909028662,16.170962320387297,10.127524386365922,22.21449891909208,AN81
17141,17,141,Ogle,2020,10,31,58.77704174616523,8.38297116992511,2.4823662572954333,14.283668439640902,AN81
17141,17,141,Ogle,2020,11,30,54.91007782524919,6.051576109220306,0.3946630147991273,11.708571674493651,AN81
17141,17,141,Ogle,2020,12,31,50.436972745332355,-1.8844776755387727,-6.400708241057271,2.6310827728351045,"AN81,AN91"
17141,17,141,Ogle,2021,1,31,51.307760993258555,-4.636560790988916,-8.192286474097987,-1.105972473392986,AN91
17141,17,141,Ogle,2021,2,28,22.898819078566735,-10.78347482890572,-15.945886416826813,-5.78231857748099,AN91
17141,17,141,Ogle,2021,3,31,40.86809726388027,4.556086526284741,-1.1699153268200861,10.133503091541261,AN91
17141,17,141,Ogle,2021,4,30,54.629169827913636,10.135967377376344,4.04349361166774,16.063604574622858,AN91
17141,17,141,Ogle,2021,5,31,72.20341009444273,14.883370330443663,9.351245994699726,20.303000907714207,AN91
17141,17,141,Ogle,2021,6,30,76.98034118568243,22.869990400417716,17.069180749194054,28.687042393879995,AN91
17141,17,141,Ogle,2021,7,31,64.32762611408235,21.99387010592307,16.719901946165397,27.267981486326292,AN91
17141,17,141,Ogle,2021,8,31,62.01324944958576,23.27602226770293,16.944381670435018,29.60780468415086,AN91
17141,17,141,Ogle,2021,9,30,21.204220206931268,19.42644023217042,11.701471493961465,27.151552566376267,AN91
17141,17,141,Ogle,2021,10,31,152.52695862537612,13.554930216987911,8.298522873078014,18.811477362739645,AN91
17141,17,141,Ogle,2021,11,30,10.613239766479037,2.9815110790643513,-2.6672171479537647,8.630301193221365,AN91
17141,17,141,Ogle,2021,12,31,56.39335330067612,0.7114582796457248,-3.8239419143596387,5.246865588109506,AN91
17143,17,143,Peoria,2020,1,31,77.18334364345097,-1.7100730371609056,-5.583851986102363,2.163395468430731,AN81
17143,17,143,Peoria,2020,2,29,36.19970891907868,-1.9704540778436024,-6.677223407991644,2.7362652316463945,AN81
17143,17,143,Peoria,2020,3,31,65.34919600604357,5.538201022171241,0.7558829739869737,10.32060737471559,AN81
17143,17,143,Peoria,2020,4,30,124.22119237605673,9.332077518949442,3.0179756372188344,15.64628084829681,AN81
17143,17,143,Peoria,2020,5,31,138.38754988055686,15.374329744666309,10.349832721640961,20.398927641557197,AN81
17143,17,143,Peoria,2020,6,30,62.243348428598615,23.012408471492076,17.07940523035969,28.94551277768294,AN81
17143,17,143,Peoria,2020,7,31,135.7372755092767,24.76444428880307,19.274641181463117,30.254349298114075,AN81
17143,17,143,Peoria,2020,8,31,12.962592917390765,22.503924054425887,16.388051400510317,28.61989616832243,AN81
17143,17,143,Peoria,2020,9,30,143.01090595868035,17.612619930967238,11.672300261863775,23.55303760686926,AN81
17143,17,143,Peoria,2020,10,31,46.89514537908692,9.78747862122744,3.901833718143499,15.673225822029966,AN81
17143,17,143,Peoria,2020,11,30,55.19363626037628,7.146604214140924,1.379748403080543,12.913545534336828,AN81
17143,17,143,Peoria,2020,12,31,36.31507331649714,-0.6160140144359625,-5.5517251637582765,4.32598645896336,"AN81,AN91"
17143,17,143,Peoria,2021,1,31,55.491238315090584,-2.9711928313344598,-6.2803915962635,0.49105983540725406,AN91
17143,17,143,Peoria,2021,2,28,30.799534637063992,-8.136643619563705,-12.663537754502453,-3.5032862966019005,AN91
17143,17,143,Peoria,2021,3,31,83.32153128779397,6.57095732114581,0.6526615609875841,12.447625690495558,AN91
17143,17,143,Peoria,2021,4,30,115.99157636267583,11.037628089790385,5.0346365226152905,16.927703539001072,AN91
17143,17,143,Peoria,2021,5,31,150.09299088811727,15.676579390474393,10.21999962957833,20.777103709263507,AN91
17143,17,143,Peoria,2021,6,30,141.5342756049941,23.39444558822692,17.787855125827424,28.828228604572665,AN91
17143,17,143,Peoria,2021,7,31,120.72327037330597,23.227731943913955,18.445465426746956,28.010142824687755,AN91
17143,17,143,Peoria,2021,8,31,107.795595321874,23.852391334423018,18.286973653498936,29.41794966664793,AN91
17143,17,143,Peoria,2021,9,30,29.05439471327496,20.560533324341225,13.63842410924514,27.48278631247059,AN91
17143,17,143,Peoria,2021,10,31,219.08586223108728,14.509970974451802,9.65136106458893,19.36872250072204,AN91
17143,17,143,Peoria,2021,11,30,18.15942253854795,4.1835846100737415,-1.4356015126153132,9.802853709967,AN91
17143,17,143,Peoria,2021,12,31,36.336978585305,2.7843282825857782,-2.5004088926784416,8.069108615126254,AN91
17145,17,145,Perry,2020,1,31,152.40572424152538,2.2835171004499473,-1.6785640275608704,6.246009200984122,AN81
17145,17,145,Perry,2020,2,29,78.18507466554978,2.4908506201715293,-1.996848662042223,6.978604081930928,AN81
17145,17,145,Perry,2020,3,31,157.8752132474238,9.26504486238539,4.371497229521956,14.158694478135617,AN81
17145,17,145,Perry,2020,4,30,94.11534598884813,11.483799846468306,5.539707574290819,17.427994743821856,AN81
17145,17,145,Perry,2020,5,31,150.02365620602154,17.55026592774866,12.773102734676698,22.327527165437562,AN81
17145,17,145,Perry,2020,6,30,103.35243754966304,24.31019576560961,18.69204187418308,29.92845127932041,AN81
17145,17,145,Perry,2020,7,31,171.79183763510588,26.54403529021248,21.558463842525335,31.529705682709164,AN81
17145,17,145,Perry,2020,8,31,68.97453208957393,23.644322427120656,18.3955325147177,28.89321071491427,AN81
17145,17,145,Perry,2020,9,30,22.29383789130284,20.044191242791545,13.932528696565848,26.155954056460352,AN81
17145,17,145,Perry,2020,10,31,115.36809936694003,12.752012431501765,6.380885174945966,19.123239940376443,AN81
17145,17,145,Perry,2020,11,30,133.84285648570344,9.46976215045903,3.464300116515645,15.475319711409155,AN81
17145,17,145,Perry,2020,12,31,74.0558202574981,2.4272972788230165,-2.79865222813969,7.653431682632546,"AN81,AN91"
17145,17,145,Perry,2021,1,31,74.03852103657833,1.0200536823296082,-2.681616552466041,4.803468972333499,AN91
17145,17,145,Perry,2021,2,28,72.58307625553024,-3.1066518546124224,-7.806479086214397,1.729559007082425,AN91
17145,17,145,Perry,2021,3,31,168.29854270789798,9.96954261339692,4.247536284726712,15.811073803469032,AN91
17145,17,145,Perry,2021,4,30,101.53104871338442,13.100462202108673,7.262995743424621,18.802279644338096,AN91
17145,17,145,Perry,2021,5,31,88.05638229985617,17.66147484620184,11.921728917320916,23.261734116111416,AN91
17145,17,145,Perry,2021,6,30,72.77169963420464,24.629787790686105,19.45771118636203,29.894106719679165,AN91
17145,17,145,Perry,2021,7,31,231.90839434491028,24.558429073199125,19.43425208226839,29.682749201906766,AN91
17145,17,145,Perry,2021,8,31,120.10499349338352,25.18431192244633,19.715368513712328,30.653396645558736,AN91
17145,17,145,Perry,2021,9,30,85.97890315296654,21.475540091718745,15.158094505368888,27.79312820129129,AN91
17145,17,145,Perry,2021,10,31,121.33395148381649,16.609963776159027,11.298572463740165,21.921495565047216,AN91
17145,17,145,Perry,2021,11,30,42.81404086823042,6.566954848121892,0.3084485439008905,12.825578353269021,AN91
17145,17,145,Perry,2021,12,31,123.70291838486462,7.901835187226466,2.566511441786358,13.237278762518127,AN91
17147,17,147,Piatt,2020,1,31,118.87955650580105,-0.18347646131953074,-3.744575880652806,3.3776954440249596,AN81
17147,17,147,Piatt,2020,2,29,65.80510538201094,-0.7535250204260177,-4.945202779667335,3.438129277259905,AN81
17147,17,147,Piatt,2020,3,31,92.0279825856804,6.255589318889672,1.6318095838520448,10.879462069340056,AN81
17147,17,147,Piatt,2020,4,30,137.74734167266286,9.407779965049874,3.1517538590227026,15.663907573171475,AN81
17147,17,147,Piatt,2020,5,31,122.20071054741997,15.916352235424412,10.901018151865049,20.93178700731518,AN81
17147,17,147,Piatt,2020,6,30,103.9411567949412,23.387972701462314,17.581177226804197,29.194869029544012,AN81
17147,17,147,Piatt,2020,7,31,105.164202417991,24.673055148544076,19.33064992960434,30.015558739349366,AN81
17147,17,147,Piatt,2020,8,31,22.465711134613223,22.19694213262239,16.364559081392336,28.029424683195465,AN81
17147,17,147,Piatt,2020,9,30,58.474398260500884,18.322707854134784,11.861673037250748,24.783842092894606,AN81
17147,17,147,Piatt,2020,10,31,47.464297393495755,11.015878997057259,4.656986445900104,17.374871700472433,AN81
17147,17,147,Piatt,2020,11,30,57.397911750631856,7.54481562094107,1.6264046715142892,13.463318934143048,AN81
17147,17,147,Piatt,2020,12,31,37.53887070283824,0.41361157606390553,-4.423070218374328,5.2532112447595125,"AN81,AN91"
17147,17,147,Piatt,2021,1,31,65.53185607352533,-1.8456430014836054,-5.133385593323495,1.529966301006148,AN91
17147,17,147,Piatt,2021,2,28,46.31429303370199,-6.390736747606658,-10.883090857307556,-1.7760409646295083,AN91
17147,17,147,Piatt,2021,3,31,103.47385743213253,7.104535789125435,1.1594980909192245,13.206939967378839,AN91
17147,17,147,Piatt,2021,4,30,61.63243712332871,11.49210926506526,5.427391560080505,17.529362223541874,AN91
17147,17,147,Piatt,2021,5,31,112.44636458985894,16.30843570007053,10.891397631258755,21.699234949973366,AN91
17147,17,147,Piatt,2021,6,30,200.0857478617515,23.62789107466084,18.262364034398217,28.96272394249722,AN91
17147,17,147,Piatt,2021,7,31,93.94867971294346,23.311616400386136,18.5234474684778,28.09992856690081,AN91
17147,17,147,Piatt,2021,8,31,89.87153647686243,24.145858066038187,18.621755219062592,29.67010651295666,AN91
17147,17,147,Piatt,2021,9,30,74.03821549586667,20.973884695223376,14.24590511981216,27.70200672097751,AN91
17147,17,147,Piatt,2021,10,31,179.48295170875926,15.275259769607024,10.523088929674232,20.027570839958393,AN91
17147,17,147,Piatt,2021,11,30,30.795203596856144,4.3791870484600635,-1.0476507222310723,9.806113712545532,AN91
17147,17,147,Piatt,2021,12,31,61.08941551249484,4.393385750661451,-0.34405369459043317,9.13090565621682,AN91
17149,17,149,Pike,2020,1,31,97.85223055345296,-0.4063269532303584,-4.269700642712649,3.456987980805558,AN81
17149,17,149,Pike,2020,2,29,54.50279911069079,-0.5769512160948144,-5.382642544011557,4.228735902511056,AN81
17149,17,149,Pike,2020,3,31,102.94475091909403,7.320756422140103,2.69697712907076,11.944635488736765,AN81
17149,17,149,Pike,2020,4,30,101.7079270486624,10.550802370140136,4.5760320183680285,16.525670538064922,AN81
17149,17,149,Pike,2020,5,31,135.30201780670606,16.230448696006864,11.470487866677427,20.99050759859333,AN81
17149,17,149,Pike,2020,6,30,180.19830617967636,23.581498890905504,18.090627112403475,29.072471407265155,AN81
17149,17,149,Pike,2020,7,31,134.95579187004952,25.34867153192109,20.38964659104493,30.307795562977578,AN81
17149,17,149,Pike,2020,8,31,40.057799992334864,22.969579095535465,17.285460651227673,28.65379629956669,AN81
17149,17,149,Pike,2020,9,30,84.44496591655833,18.618673643867442,12.59503748206357,24.64241129883818,AN81
17149,17,149,Pike,2020,10,31,39.61629074434144,10.970307622882181,5.26234482153136,16.678374382062938,AN81
17149,17,149,Pike,2020,11,30,59.08368375238322,8.326300321288297,2.339460904137544,14.31323320408537,AN81
17149,17,149,Pike,2020,12,31,41.48199637471872,0.795840300006211,-4.377416289464623,5.967867879106023,"AN81,AN91"
17149,17,149,Pike,2021,1,31,54.531895877904894,-1.0322806235585782,-4.374396544498182,2.2246234671239713,AN91
17149,17,149,Pike,2021,2,28,37.56590446355145,-6.457024778272446,-11.163325287490409,-1.9779754379511483,AN91
17149,17,149,Pike,2021,3,31,134.6702639178975,8.403984261020971,2.846217792657366,13.967854781167416,AN91
17149,17,149,Pike,2021,4,30,124.49611450703732,12.054933957030068,6.239615821267624,17.748512781453766,AN91
17149,17,149,Pike,2021,5,31,131.97382058775898,16.42174209723462,11.524612435079924,21.185106090367622,AN91
17149,17,149,Pike,2021,6,30,224.672329545097,23.85713929559244,18.2979065272623,29.236970786506642,AN91
17149,17,149,Pike,2021,7,31,176.23427015971893,24.05808279890868,19.173274516596752,28.943034228851975,AN91
17149,17,149,Pike,2021,8,31,78.81115070853747,24.576624025603493,19.010126986666144,30.143262998439038,AN91
17149,17,149,Pike,2021,9,30,50.17742061864541,21.268183059732017,14.476647144659443,28.05986292015326,AN91
17149,17,149,Pike,2021,10,31,208.30291330926667,15.208893939814915,10.34882722403584,20.069100149779228,AN91
17149,17,149,Pike,2021,11,30,16.95273803432366,5.859290322912771,-0.15300656087011313,11.871690533865745,AN91
17149,17,149,Pike,2021,12,31,50.23908459661553,4.960432537340668,-0.7786595506407417,10.699605797228163,AN91
17151,17,151,Pope,2020,1,31,151.938107885585,3.102563713359058,-1.1551869147169733,7.360880191892176,AN81
17151,17,151,Pope,2020,2,29,141.32751619296764,3.216692588601572,-1.7374825947816113,8.170928024148697,AN81
17151,17,151,Pope,2020,3,31,185.7541832837448,10.318883824985901,4.86792911596089,15.76993748997661,AN81
17151,17,151,Pope,2020,4,30,53.9537935741064,11.733854584394921,5.072682588996852,18.39512036298485,AN81
17151,17,151,Pope,2020,5,31,117.40707118240631,17.34257999854474,11.823937686106294,22.861318353876253,AN81
17151,17,151,Pope,2020,6,30,191.39814092346182,23.258840341695496,17.429057825107403,29.088724866218964,AN81
17151,17,151,Pope,2020,7,31,123.9120471001219,26.183909196563864,20.68852198439121,31.679395988240366,AN81
17151,17,151,Pope,2020,8,31,107.57812743786911,23.41381861167127,18.25438065751193,28.573358583665186,AN81
17151,17,151,Pope,2020,9,30,62.39226991116444,20.069472091988295,14.022833696724136,26.116209372643116,AN81
17151,17,151,Pope,2020,10,31,169.5820687721983,12.999468069007818,6.66390881507707,19.335123711917756,AN81
17151,17,151,Pope,2020,11,30,64.06710330906003,9.480799535706916,3.0134073802529717,15.948288888513845,AN81
17151,17,151,Pope,2020,12,31,80.92939890134924,2.9903373291001545,-2.4518922251870228,8.428709729773416,"AN81,AN91"
17151,17,151,Pope,2021,1,31,77.99020021248148,1.9886047759736643,-2.300830199822781,6.213198239027243,AN91
17151,17,151,Pope,2021,2,28,110.93686266087047,-1.8101578136575263,-6.75399993322469,3.1969351280769116,AN91
17151,17,151,Pope,2021,3,31,136.33016011468231,10.397436344207636,4.044309274330079,16.82714000318294,AN91
17151,17,151,Pope,2021,4,30,111.63787460371401,13.213281538955567,6.747294727190907,19.63282734928179,AN91
17151,17,151,Pope,2021,5,31,119.83113436100807,17.213201029210374,11.095944428892013,23.378406272447016,AN91
17151,17,151,Pope,2021,6,30,100.8805082845466,23.86361622014096,18.41596719313129,29.35178074592706,AN91
17151,17,151,Pope,2021,7,31,163.08190094107005,24.545136703591968,19.376633946241284,29.713782293210514,AN91
17151,17,151,Pope,2021,8,31,96.00485540091059,25.100150460085914,19.619556971563902,30.580885024643667,AN91
17151,17,151,Pope,2021,9,30,68.60463523946609,20.949558560345892,14.518222825459038,27.381036806845227,AN91
17151,17,151,Pope,2021,10,31,92.65280073080787,16.86294645922296,11.209050819298373,22.516982582361877,AN91
17151,17,151,Pope,2021,11,30,52.76895288480838,6.218655162974985,-0.745531961017773,13.182955000759982,AN91
17151,17,151,Pope,2021,12,31,170.75862689499604,8.736107153601044,2.944044600539636,14.528293404202644,AN91
17153,17,153,Pulaski,2020,1,31,157.54902425774995,4.001535027505679,0.15041964835368682,7.853393640442069,AN81
17153,17,153,Pulaski,2020,2,29,148.44660140013673,4.1762235416202,-0.11122065981501025,8.463736883919516,AN81
17153,17,153,Pulaski,2020,3,31,185.51786393631656,11.132038008441361,6.39399328604311,15.870185430838848,AN81
17153,17,153,Pulaski,2020,4,30,84.47139254823348,12.78327281918845,7.076905994276155,18.48974108305948,AN81
17153,17,153,Pulaski,2020,5,31,117.76115566330229,18.456616922625944,13.512677140905272,23.400656495292562,AN81
17153,17,153,Pulaski,2020,6,30,140.35394395909097,24.605264452791932,19.205355309385585,30.00527323528392,AN81
17153,17,153,Pulaski,2020,7,31,102.60034055277814,27.34021624409762,22.294653867679198,32.38588036463603,AN81
17153,17,153,Pulaski,2020,8,31,143.7316364430409,23.93553875522252,19.04924129942922,28.821937216842763,AN81
17153,17,153,Pulaski,2020,9,30,47.28631415292132,20.7000956777015,15.100736617187009,26.29955905461735,AN81
17153,17,153,Pulaski,2020,10,31,171.05940260483376,13.714429052527906,7.735958949282041,19.693002651047134,AN81
17153,17,153,Pulaski,2020,11,30,66.18932850028656,10.503692356735804,4.666272843364857,16.341205743023405,AN81
17153,17,153,Pulaski,2020,12,31,85.05752451626114,3.709966124398881,-1.3120090322564946,8.736079879764,"AN81,AN91"
17153,17,153,Pulaski,2021,1,31,83.23052857671931,2.611931454841252,-1.138364615458763,6.501726890664351,AN91
17153,17,153,Pulaski,2021,2,28,104.2819926602244,-1.655520149379038,-6.196496017724227,3.031131077273444,AN91
17153,17,153,Pulaski,2021,3,31,159.37684407810391,11.142852551365367,5.566063065115167,16.67010802662543,AN91
17153,17,153,Pulaski,2021,4,30,125.10723399585449,14.06434418072344,8.491184473044806,19.75775827927098,AN91
17153,17,153,Pulaski,2021,5,31,101.28689181424127,18.51523070411273,13.111599387144961,23.943262795542896,AN91
17153,17,153,Pulaski,2021,6,30,77.25709670079667,24.864556777053846,19.866427171971303,29.980427119314996,AN91
17153,17,153,Pulaski,2021,7,31,103.94130923761652,25.553760932716095,20.567214178206083,30.540448650552257,AN91
17153,17,153,Pulaski,2021,8,31,81.31026835518574,25.720890529103098,20.775658534190633,30.666264032589453,AN91
17153,17,153,Pulaski,2021,9,30,57.26799712709195,21.79638918441583,15.655346439605774,27.93757627152029,AN91
17153,17,153,Pulaski,2021,10,31,108.47555058206149,17.642349567762732,12.15516143425854,23.129678230600693,AN91
17153,17,153,Pulaski,2021,11,30,53.594290985716285,7.0900289371957115,0.594151164804136,13.586035425692309,AN91
17153,17,153,Pulaski,2021,12,31,181.31050113442546,9.42192184855658,4.05667376722245,14.78730246212899,AN91
17155,17,155,Putnam,2020,1,31,81.22672123782525,-1.8028828356633195,-5.545304603859024,1.939190572835195,AN81
17155,17,155,Putnam,2020,2,29,19.77357925464794,-2.196902583180616,-6.784921444777961,2.3910572823622953,AN81
17155,17,155,Putnam,2020,3,31,73.50725214167305,5.063055561044066,0.2900203465032452,9.836174853308126,AN81
17155,17,155,Putnam,2020,4,30,105.70440533978761,8.92727876935334,2.498389905324297,15.356266368880975,AN81
17155,17,155,Putnam,2020,5,31,143.43313452652384,15.400364646746862,10.130178822487787,20.670649885476145,AN81
17155,17,155,Putnam,2020,6,30,78.8822367741873,23.14691305031532,16.886287902348606,29.407640887998912,AN81
17155,17,155,Putnam,2020,7,31,153.5449597751308,24.526310180259944,18.949683588954674,30.103039220081822,AN81
17155,17,155,Putnam,2020,8,31,14.621615236369875,22.375702258925248,16.213611998935814,28.537892961223925,AN81
17155,17,155,Putnam,2020,9,30,151.00209327655966,17.5707528680393,11.547010477373817,23.5945942028286,AN81
17155,17,155,Putnam,2020,10,31,44.788257907621784,9.917581557731157,3.867390274243286,15.967865925726883,AN81
17155,17,155,Putnam,2020,11,30,47.42376610170563,7.049786026706847,1.4252853205816443,12.67437490070665,AN81
17155,17,155,Putnam,2020,12,31,37.72293556037148,-0.7073716801356573,-5.555090176393597,4.140325932044722,"AN81,AN91"
17155,17,155,Putnam,2021,1,31,51.66940375222225,-3.164060147274717,-6.558225698532913,0.16192361272767244,AN91
17155,17,155,Putnam,2021,2,28,30.903487680431752,-8.698298099487634,-13.469963141459557,-3.9855137220393018,AN91
17155,17,155,Putnam,2021,3,31,56.98600100276444,6.18158769277298,0.20601981667524527,12.06008000045576,AN91
17155,17,155,Putnam,2021,4,30,62.012239522336586,10.969327892494812,4.81408859373587,17.01976184769464,AN91
17155,17,155,Putnam,2021,5,31,125.06237719095249,15.581009198931827,10.120208798152518,21.027828854748105,AN91
17155,17,155,Putnam,2021,6,30,165.9887871042086,23.4541582809395,17.76945725665296,29.179387993823568,AN91
17155,17,155,Putnam,2021,7,31,103.32688174678364,23.045015664849902,18.312524501430847,27.77764486518325,AN91
17155,17,155,Putnam,2021,8,31,81.10902079164097,23.78487122565634,18.10803829233269,29.461846372044217,AN91
17155,17,155,Putnam,2021,9,30,20.649855611433974,20.53887902316052,13.342961898870946,27.73494059731089,AN91
17155,17,155,Putnam,2021,10,31,209.4806223353358,14.63980280832965,9.806226075235463,19.473519885392072,AN91
17155,17,155,Putnam,2021,11,30,12.400944357027678,3.86897743133416,-1.63520985879758,9.373250864635972,AN91
17155,17,155,Putnam,2021,12,31,40.29004110281817,2.3722541951064686,-2.464651727764567,7.2092056765283905,AN91
17157,17,157,Randolph,2020,1,31,145.29631034237812,2.212215383857635,-1.763369869358756,6.188244947328946,AN81
17157,17,157,Randolph,2020,2,29,72.65489410086863,2.4981569748597,-2.046970716823934,7.0433373323496635,AN81
17157,17,157,Randolph,2020,3,31,121.52813951897986,9.213984730973756,4.111947292370891,14.316120953481981,AN81
17157,17,157,Randolph,2020,4,30,91.1989233327684,11.505251107584801,5.367729383010064,17.64287668396545,AN81
17157,17,157,Randolph,2020,5,31,141.4444354895569,17.33773093507383,12.244523551786282,22.431036589948246,AN81
17157,17,157,Randolph,2020,6,30,80.14593393536984,24.274407049654418,18.53239383209897,30.01651811880573,AN81
17157,17,157,Randolph,2020,7,31,150.75416570606887,26.466383714818644,21.361065005418798,31.571803795810453,AN81
17157,17,157,Randolph,2020,8,31,89.0194998797402,23.538981442114945,18.081910949478367,28.99615136838591,AN81
17157,17,157,Randolph,2020,9,30,29.649450454413945,19.66921937918534,13.298084154028304,26.04045977882945,AN81
17157,17,157,Randolph,2020,10,31,107.10824432226218,12.412812758419761,5.908962751027648,18.916760884454323,AN81
17157,17,157,Randolph,2020,11,30,141.76545077372083,9.262794904827638,3.085283513551263,15.440396980429211,AN81
17157,17,157,Randolph,2020,12,31,61.5094618833278,2.3117630931906556,-3.1894036627287257,7.8116543452474865,"AN81,AN91"
17157,17,157,Randolph,2021,1,31,74.60756058718327,1.0678167198340782,-2.6561682291219024,4.812257387171802,AN91
17157,17,157,Randolph,2021,2,28,56.32879126859632,-3.2791142429223528,-8.112285824564259,1.631197850445717,AN91
17157,17,157,Randolph,2021,3,31,144.78808885446594,9.953985592344656,3.9419691052588632,15.957403730257242,AN91
17157,17,157,Randolph,2021,4,30,100.18737307107952,12.898060257211432,6.877661115955148,18.831354747864626,AN91
17157,17,157,Randolph,2021,5,31,71.2225913198106,17.486614873126044,11.756107114679208,23.206934285729165,AN91
17157,17,157,Randolph,2021,6,30,76.88626748503518,24.584822537994917,19.290641423984656,29.9348559175827,AN91
17157,17,157,Randolph,2021,7,31,199.62108929090647,24.754562821613977,19.541669260966504,29.967599931574075,AN91
17157,17,157,Randolph,2021,8,31,108.17548464062702,25.30681619625768,19.63786746456048,30.975904518094246,AN91
17157,17,157,Randolph,2021,9,30,93.24739457082184,21.438253546479267,15.13982180643134,27.736827678291476,AN91
17157,17,157,Randolph,2021,10,31,118.97440679439157,16.470307429828058,11.082285033999236,21.858471378281386,AN91
17157,17,157,Randolph,2021,11,30,29.12791214269278,6.742838528303338,0.40446655640275353,13.081336415400106,AN91
17157,17,157,Randolph,2021,12,31,109.26542092275874,7.810646896358458,2.4699768640714503,13.15143247528784,AN91
17159,17,159,Richland,2020,1,31,157.8362825764474,1.7920577063181617,-2.1987495689784584,5.783333677749968,AN81
17159,17,159,Richland,2020,2,29,80.04718915278106,1.8691534516941095,-2.6705135911265474,6.408862311419788,AN81
17159,17,159,Richland,2020,3,31,161.90907032556137,8.319694965046414,3.370319353463557,13.269174300685178,AN81
17159,17,159,Richland,2020,4,30,108.2562949016078,10.746335237530387,4.7450372399270755,16.747734669289027,AN81
17159,17,159,Richland,2020,5,31,106.03750926614943,16.85424664904551,11.706540823737347,22.002049912492495,AN81
17159,17,159,Richland,2020,6,30,50.56453536599847,23.745785676768843,17.923863527950644,29.56780910737279,AN81
17159,17,159,Richland,2020,7,31,236.99969612591252,25.554555993702134,20.013710596258985,31.095503337995293,AN81
17159,17,159,Richland,2020,8,31,79.49207514433589,23.10272827947154,17.55377277173578,28.651784124496004,AN81
17159,17,159,Richland,2020,9,30,27.168225017595713,19.38153718710807,12.592315035600784,26.170858875524882,AN81
17159,17,159,Richland,2020,10,31,129.00936497914427,12.40641693546808,5.5939308986047385,19.21900397679745,AN81
17159,17,159,Richland,2020,11,30,137.99237949852667,8.69127835383702,2.5336803091771,14.848970621028844,AN81
17159,17,159,Richland,2020,12,31,74.54066389473613,1.8973233893954515,-2.7576584742568113,6.5522738270816445,"AN81,AN91"
17159,17,159,Richland,2021,1,31,66.4024363155211,0.20347827150894268,-3.51374818391929,3.8931576411833446,AN91
17159,17,159,Richland,2021,2,28,99.47312044111176,-3.5495972786220924,-8.153215595917501,1.0635977543793975,AN91
17159,17,159,Richland,2021,3,31,114.65890577231728,9.183541114083166,3.1650162665196833,15.192596091833366,AN91
17159,17,159,Richland,2021,4,30,69.47645146435403,12.49756138240612,6.3736755100898295,18.579920360740076,AN91
17159,17,159,Richland,2021,5,31,88.68238796702931,17.156186389283306,11.359977413076779,22.938448434661478,AN91
17159,17,159,Richland,2021,6,30,118.29305144725339,23.883205252345952,18.50907058048482,29.28721971814288,AN91
17159,17,159,Richland,2021,7,31,234.34772471757077,24.011621439387184,18.809081688928973,29.214305602517747,AN91
17159,17,159,Richland,2021,8,31,140.13907656934578,24.98769298135872,19.688290190706127,30.287237549314153,AN91
17159,17,159,Richland,2021,9,30,67.3768845579478,21.18470149912118,14.37897675101329,27.990568916447913,AN91
17159,17,159,Richland,2021,10,31,127.27837163014351,16.570308514439002,11.121917555659365,22.018839264414947,AN91
17159,17,159,Richland,2021,11,30,44.934573159105554,5.315270144972062,-0.8386193815834511,11.469268146516505,AN91
17159,17,159,Richland,2021,12,31,117.20158001133323,6.882955125068742,1.51018371288178,12.255834984220753,AN91
17161,17,161,Rock Island,2020,1,31,59.15004524102049,-2.6995567300919445,-6.373133118386351,0.9736824864028665,AN81
17161,17,161,Rock Island,2020,2,29,12.515421170491555,-2.342499307531923,-7.033852508232586,2.3488059634487333,AN81
17161,17,161,Rock Island,2020,3,31,113.55818694050068,5.2144367699027425,0.6041770306646461,9.824789908546416,AN81
17161,17,161,Rock Island,2020,4,30,63.80173226647966,9.119886819658454,2.7971116181188775,15.442757666137728,AN81
17161,17,161,Rock Island,2020,5,31,125.65135986017285,15.296156882198039,10.325756677275114,20.266658815847812,AN81
17161,17,161,Rock Island,2020,6,30,124.54249850578464,23.032366841388463,17.416187985984795,28.64864919927925,AN81
17161,17,161,Rock Island,2020,7,31,114.85820456337646,24.829514879611324,19.665474903862563,29.9936555302991,AN81
17161,17,161,Rock Island,2020,8,31,24.406816235081585,22.776250191192677,16.83833032214207,28.71426994068686,AN81
17161,17,161,Rock Island,2020,9,30,185.06118059500562,17.28842200743342,11.593775928018749,22.98317053215383,AN81
17161,17,161,Rock Island,2020,10,31,59.86968568497686,9.290839726801902,3.872294495745904,14.70947946095133,AN81
17161,17,161,Rock Island,2020,11,30,54.66489616937151,6.734813341788603,1.0733859938554933,12.396326192029695,AN81
17161,17,161,Rock Island,2020,12,31,68.09092574287703,-1.3322754378247987,-5.925379843989421,3.2608161783206873,"AN81,AN91"
17161,17,161,Rock Island,2021,1,31,49.801022926545556,-3.7222181538387704,-7.195062135490317,-0.241947035756038,AN91
17161,17,161,Rock Island,2021,2,28,33.02693834081403,-9.581848343577859,-14.073292362378032,-5.081079741014569,AN91
17161,17,161,Rock Island,2021,3,31,63.00672112682143,5.96968580651561,0.7127061369834289,11.234799099631287,AN91
17161,17,161,Rock Island,2021,4,30,104.47117125951016,10.859513562920295,5.394788439155249,16.299180213606878,AN91
17161,17,161,Rock Island,2021,5,31,142.34624907036462,15.562155486643968,10.722001469495266,20.440538273319284,AN91
17161,17,161,Rock Island,2021,6,30,127.94830485643979,23.665252233933327,18.272203930500194,29.058088817052006,AN91
17161,17,161,Rock Island,2021,7,31,100.54927587165025,23.336832125187566,18.623796304745305,28.050008746088338,AN91
17161,17,161,Rock Island,2021,8,31,77.52724879460723,23.775471511225327,18.14022589527664,29.41086193216385,AN91
17161,17,161,Rock Island,2021,9,30,25.529689339397567,20.49279602984169,13.717512508031556,27.268223755832825,AN91
17161,17,161,Rock Island,2021,10,31,135.1696841189429,14.248512793786073,9.226935337005695,19.270231140286988,AN91
17161,17,161,Rock Island,2021,11,30,11.166779947891758,4.231333348942254,-1.155316084074072,9.618068656446408,AN91
17161,17,161,Rock Island,2021,12,31,39.043600380343506,1.4984927861065374,-3.535095120378711,6.532095558331615,AN91
17163,17,163,St. Clair,2020,1,31,173.8861964706498,1.8057702006142033,-2.1121919000294502,5.724126820389118,AN81
17163,17,163,St. Clair,2020,2,29,68.82694158989395,2.165978014512216,-2.395874505806703,6.727879541667524,AN81
17163,17,163,St. Clair,2020,3,31,105.05362604810003,9.013512982767434,4.028381728192649,13.998742973285191,AN81
17163,17,163,St. Clair,2020,4,30,121.2460019815562,11.614165314298457,5.665938117001049,17.562492202200335,AN81
17163,17,163,St. Clair,2020,5,31,161.55246449259155,17.499891903982668,12.66129498253662,22.338594806555786,AN81
17163,17,163,St. Clair,2020,6,30,127.01024582211059,24.5207631498933,18.942143077495462,30.09948457813448,AN81
17163,17,163,St. Clair,2020,7,31,181.90874757160583,26.51930329432335,21.477093244961488,31.56161183311078,AN81
17163,17,163,St. Clair,2020,8,31,125.01095547079427,23.927288600459875,18.513749071968313,29.340930012002172,AN81
17163,17,163,St. Clair,2020,9,30,25.82242092234351,20.112954439052544,13.839463114446227,26.386544610964105,AN81
17163,17,163,St. Clair,2020,10,31,122.40561208095299,12.57216810193739,6.414648871990515,18.72978641660109,AN81
17163,17,163,St. Clair,2020,11,30,126.17459602433945,9.474253796815825,3.4792576498735945,15.469343545104307,AN81
17163,17,163,St. Clair,2020,12,31,48.067194787551024,2.48270345898676,-2.777836184273773,7.743529430810385,"AN81,AN91"
17163,17,163,St. Clair,2021,1,31,88.37183632059865,1.0569923663533205,-2.2754610675315616,4.452484315801793,AN91
17163,17,163,St. Clair,2021,2,28,54.11387198837921,-3.4071940591846586,-8.047400517084364,1.3351443642302294,AN91
17163,17,163,St. Clair,2021,3,31,129.85583716691895,10.232374145746611,4.607888202049141,15.865496313671347,AN91
17163,17,163,St. Clair,2021,4,30,98.65467024872521,13.336520056155662,7.543161572738755,18.94533737611048,AN91
17163,17,163,St. Clair,2021,5,31,75.58790626180843,17.73438454447788,12.409103319660343,22.923398230822777,AN91
17163,17,163,St. Clair,2021,6,30,113.43537579792837,24.895764583059165,19.571783542992726,30.09455334477499,AN91
17163,17,163,St. Clair,2021,7,31,172.77151581719414,25.14993831342629,20.14274900593996,30.157270484149226,AN91
17163,17,163,St. Clair,2021,8,31,94.11452921419429,26.022271997623342,20.673817523757826,31.370867198894825,AN91
17163,17,163,St. Clair,2021,9,30,69.86437152004565,22.14969588971436,15.925105597258465,28.374429018249735,AN91
17163,17,163,St. Clair,2021,10,31,124.2580058758919,16.63825798981885,11.542037519160765,21.734619707671172,AN91
17163,17,163,St. Clair,2021,11,30,24.6812466090967,7.039587681565948,0.9513833360902966,13.127911809167387,AN91
17163,17,163,St. Clair,2021,12,31,76.08860205358364,7.3757598126624435,1.9380723225811674,12.813558545865298,AN91
17165,17,165,Saline,2020,1,31,144.72573890775766,2.7867276640064556,-1.36036435155949,6.934302222971566,AN81
17165,17,165,Saline,2020,2,29,90.29525081811072,2.949482333257884,-1.9432619875516064,7.8422915910734865,AN81
17165,17,165,Saline,2020,3,31,145.30617552657807,9.649623406896806,4.2144300445846685,15.084917590489281,AN81
17165,17,165,Saline,2020,4,30,49.479428548952924,11.439581667532092,4.913774819602774,17.965487004167816,AN81
17165,17,165,Saline,2020,5,31,98.98887437008179,17.48468641413009,12.294292392925,22.675183332241545,AN81
17165,17,165,Saline,2020,6,30,174.5698637523955,23.614188111378322,17.88070240956436,29.347774951787933,AN81
17165,17,165,Saline,2020,7,31,141.25203986510616,26.22982155011514,20.940598064175607,31.519145650038165,AN81
17165,17,165,Saline,2020,8,31,79.56061382147821,23.461814975025135,18.252565895441066,28.671164763574073,AN81
17165,17,165,Saline,2020,9,30,57.31911389628591,19.988729220645258,13.73027224785519,26.24728567577049,AN81
17165,17,165,Saline,2020,10,31,166.5335022482163,12.83414823502636,6.3151905884843105,19.353205957303,AN81
17165,17,165,Saline,2020,11,30,76.9110222993004,9.416288927744445,2.9564067975809123,15.876265606230435,AN81
17165,17,165,Saline,2020,12,31,66.89904312657481,2.821906405916965,-2.4607559716333265,8.100903287309505,"AN81,AN91"
17165,17,165,Saline,2021,1,31,65.53692235494108,1.6282667109457327,-2.490465107244051,5.67559274699789,AN91
17165,17,165,Saline,2021,2,28,102.46867840135127,-2.2137165364724303,-7.145256341648225,2.668858815218578,AN91
17165,17,165,Saline,2021,3,31,136.68428043235622,10.01869316493901,3.730202962005063,16.236062653070913,AN91
17165,17,165,Saline,2021,4,30,77.97258309882587,13.081999132516463,6.705467437543465,19.362998761218737,AN91
17165,17,165,Saline,2021,5,31,113.72937843991276,17.282037852119366,11.217447674465964,23.2179460009934,AN91
17165,17,165,Saline,2021,6,30,100.07784352733515,24.24909251580646,18.92201376288349,29.582917955530526,AN91
17165,17,165,Saline,2021,7,31,181.7978209328316,24.57590846662142,19.406702166865713,29.74525705910977,AN91
17165,17,165,Saline,2021,8,31,108.36213648473682,25.312689345941198,19.748319942865532,30.877202164901323,AN91
17165,17,165,Saline,2021,9,30,54.22333952742642,21.215421557857198,14.625526610572097,27.805462711013995,AN91
17165,17,165,Saline,2021,10,31,125.60116258897278,17.04520139787567,11.379751856841436,22.710791137446503,AN91
17165,17,165,Saline,2021,11,30,47.46049472516092,6.07828286186276,-0.8374267891987067,12.994103152759694,AN91
17165,17,165,Saline,2021,12,31,144.8753170298202,8.290632878429134,2.325025574885985,14.256361688308377,AN91
17167,17,167,Sangamon,2020,1,31,118.71846122770377,-0.20026451431948653,-3.8838336660551174,3.483272216992329,AN81
17167,17,167,Sangamon,2020,2,29,73.92622809444865,-0.48042661032824663,-4.848523682352724,3.8876544021988413,AN81
17167,17,167,Sangamon,2020,3,31,98.2980450150503,6.860180602092621,2.182958758990628,11.537500514529091,AN81
17167,17,167,Sangamon,2020,4,30,158.11776178186082,10.170387580958202,4.152584130516566,16.1882926363116,AN81
17167,17,167,Sangamon,2020,5,31,152.5030458481491,16.36754793069016,11.641367466295895,21.0938292863829,AN81
17167,17,167,Sangamon,2020,6,30,87.33642374588368,23.732545323342272,17.933679443760617,29.531510457417742,AN81
17167,17,167,Sangamon,2020,7,31,114.75546890000659,25.224127371342593,20.051272326174445,30.397081488950175,AN81
17167,17,167,Sangamon,2020,8,31,29.604203784667746,22.65404828645879,16.692543378750297,28.615652703722528,AN81
17167,17,167,Sangamon,2020,9,30,53.623228475653015,18.865521568582,12.347898334239547,25.383243287242326,AN81
17167,17,167,Sangamon,2020,10,31,36.75662557360194,11.221188224088865,4.989318427006311,17.453159296004593,AN81
17167,17,167,Sangamon,2020,11,30,55.842133725770694,8.065603380636741,2.1248807369083407,14.006418630019144,AN81
17167,17,167,Sangamon,2020,12,31,35.30992317287703,0.6876584361594035,-4.387545852977796,5.759520923576839,"AN81,AN91"
17167,17,167,Sangamon,2021,1,31,62.62025011061033,-1.353408203265921,-4.632559261878729,1.8700436349665133,AN91
17167,17,167,Sangamon,2021,2,28,43.082948972151044,-6.077597427033891,-10.531351502191347,-1.6305947677701769,AN91
17167,17,167,Sangamon,2021,3,31,118.74295784680521,7.982516310892702,2.132396023609327,13.833064434124587,AN91
17167,17,167,Sangamon,2021,4,30,87.90971926948852,11.955034866731939,6.106989214372981,17.775984885261394,AN91
17167,17,167,Sangamon,2021,5,31,145.28781945885828,16.667182749443242,11.498012343831228,21.773009468146142,AN91
17167,17,167,Sangamon,2021,6,30,181.30622943374925,23.857316602947332,18.443345365545365,29.277846129299295,AN91
17167,17,167,Sangamon,2021,7,31,132.49988363448026,23.704566548259614,18.88810720232979,28.521169724644675,AN91
17167,17,167,Sangamon,2021,8,31,158.67281693675204,24.588914610325755,19.141444606556032,30.036525947877386,AN91
17167,17,167,Sangamon,2021,9,30,63.565913833651884,21.07073989961471,14.254594128111972,27.887027927418227,AN91
17167,17,167,Sangamon,2021,10,31,162.99370981577286,15.416691483488771,10.576818013379594,20.25670594107581,AN91
17167,17,167,Sangamon,2021,11,30,17.073126762906753,5.016884128711823,-0.6556471595151231,10.68950961131947,AN91
17167,17,167,Sangamon,2021,12,31,45.91548289591524,4.767704826766244,-0.320025311800807,9.85551978395764,AN91
17169,17,169,Schuyler,2020,1,31,83.35822439284884,-1.143412592440286,-5.095825302754419,2.808850713205692,AN81
17169,17,169,Schuyler,2020,2,29,45.5228747300174,-1.1499703435145419,-5.924005831330548,3.6240376310450855,AN81
17169,17,169,Schuyler,2020,3,31,85.55084733570725,6.705407260783795,1.8738179516023947,11.537090878202616,AN81
17169,17,169,Schuyler,2020,4,30,143.66854344479668,10.02573180572485,3.697014310401976,16.35454762985397,AN81
17169,17,169,Schuyler,2020,5,31,110.27704744641856,15.933489653257181,10.927021889598489,20.940061950910444,AN81
17169,17,169,Schuyler,2020,6,30,87.08295849553852,23.25509109304725,17.459610184211677,29.050673334934523,AN81
17169,17,169,Schuyler,2020,7,31,142.10000604712954,24.87870055893264,19.620385357642448,30.13711720344972,AN81
17169,17,169,Schuyler,2020,8,31,17.178425577831078,22.380456564024588,16.13375900684167,28.627257650450392,AN81
17169,17,169,Schuyler,2020,9,30,94.26239067155095,18.052836774143888,11.697180525881128,24.40859158939522,AN81
17169,17,169,Schuyler,2020,10,31,29.409349033909823,10.423946706953666,4.398032432005311,16.44996468053616,AN81
17169,17,169,Schuyler,2020,11,30,61.685400445375,7.768941403943789,1.7583148534508786,13.77966043434692,AN81
17169,17,169,Schuyler,2020,12,31,43.96233729241207,0.13014537270750523,-5.0449433764773035,5.305407564367788,"AN81,AN91"
17169,17,169,Schuyler,2021,1,31,70.6670930338874,-1.8307855658727086,-5.2268618873879,1.6098787313859828,AN91
17169,17,169,Schuyler,2021,2,28,33.3962364512826,-7.21732506716444,-11.593232558444807,-2.610526242653815,AN91
17169,17,169,Schuyler,2021,3,31,124.55468695486411,7.605787407383994,1.9302783467794409,13.495391685037925,AN91
17169,17,169,Schuyler,2021,4,30,130.83926634417267,11.539848688707483,5.662491224916242,17.446758994396966,AN91
17169,17,169,Schuyler,2021,5,31,153.31605394543354,16.03312233395206,10.922603459857593,21.13954463850772,AN91
17169,17,169,Schuyler,2021,6,30,151.5978053135881,23.444120205582102,17.871999699992312,28.97911062849635,AN91
17169,17,169,Schuyler,2021,7,31,173.05628597551683,23.431609667962494,18.466892901140575,28.396469116322276,AN91
17169,17,169,Schuyler,2021,8,31,109.10040808061949,23.924956117511112,18.27207375875044,29.57798135545295,AN91
17169,17,169,Schuyler,2021,9,30,31.78497755643533,20.751537422602475,13.590165756169933,27.91305514720108,AN91
17169,17,169,Schuyler,2021,10,31,210.11010925539603,14.673771315864428,9.692019233252436,19.655662804108957,AN91
17169,17,169,Schuyler,2021,11,30,17.655150420554456,5.057415601696402,-0.9326480786883475,11.04756873264282,AN91
17169,17,169,Schuyler,2021,12,31,32.50493419324721,3.98623289316456,-1.7241552438449992,9.696684362044726,AN91
17171,17,171,Scott,2020,1,31,105.90927405888885,-0.40749827097647745,-4.373723624321569,3.558675155288631,AN81
17171,17,171,Scott,2020,2,29,62.176682056473226,-0.6029760557043512,-5.497502949990509,4.291534833339171,AN81
17171,17,171,Scott,2020,3,31,104.53481804428861,7.14534408533084,2.283785195765594,12.006999900469996,AN81
17171,17,171,Scott,2020,4,30,139.7238609697239,10.365973104495044,4.024370280019657,16.70767977047004,AN81
17171,17,171,Scott,2020,5,31,137.2489020618847,16.194681076190264,11.16405973853826,21.225397701083306,AN81
17171,17,171,Scott,2020,6,30,115.08647923552986,23.56324453001922,17.670976836549226,29.455615436301194,AN81
17171,17,171,Scott,2020,7,31,168.38804994023815,25.24698527523103,20.043897873857315,30.450178624775226,AN81
17171,17,171,Scott,2020,8,31,30.313412425368732,22.620475527284988,16.55171629329445,28.689333576382612,AN81
17171,17,171,Scott,2020,9,30,88.63793368528275,18.620158463561506,12.117162140098523,25.12325024385605,AN81
17171,17,171,Scott,2020,10,31,38.71387187491165,11.003598620190798,4.825558517566758,17.18173894835399,AN81
17171,17,171,Scott,2020,11,30,52.78345767795194,8.033231362105512,1.7800983379388648,14.286461356562976,AN81
17171,17,171,Scott,2020,12,31,33.624867065401354,0.6802752926262883,-4.654445953782167,6.016391115152344,"AN81,AN91"
17171,17,171,Scott,2021,1,31,57.094963695610545,-1.180252602181649,-4.601829898262669,2.240774789180856,AN91
17171,17,171,Scott,2021,2,28,41.63039964690134,-6.389866600385383,-11.139679136626608,-1.6419177824882187,AN91
17171,17,171,Scott,2021,3,31,127.96534506734322,8.146533035530327,2.327851569975102,14.054482553031217,AN91
17171,17,171,Scott,2021,4,30,108.76670654094671,11.942064779334206,5.903411775071787,17.925609378113908,AN91
17171,17,171,Scott,2021,5,31,146.39732711502836,16.5256114001694,11.228734545181458,21.7362757933431,AN91
17171,17,171,Scott,2021,6,30,216.06024315003262,23.761984041503073,18.086774417440942,29.36242999781891,AN91
17171,17,171,Scott,2021,7,31,130.25652223724063,23.876862512812647,18.83563440803737,28.918233527689694,AN91
17171,17,171,Scott,2021,8,31,75.5060161908278,24.481285685791587,18.669091166233947,30.293622413471034,AN91
17171,17,171,Scott,2021,9,30,54.736830467573725,21.114146084283824,14.066958843321508,28.161476346047994,AN91
17171,17,171,Scott,2021,10,31,222.88902564485244,15.246281529455326,10.164631170777136,20.328070968312996,AN91
17171,17,171,Scott,2021,11,30,15.492613729582956,5.420865881875387,-0.8540928020323779,11.695926311345184,AN91
17171,17,171,Scott,2021,12,31,49.492406047629906,4.8663641392264845,-0.8764050336009263,10.60921746505511,AN91
17173,17,173,Shelby,2020,1,31,166.35097389755737,0.565404142920909,-3.218564552338982,4.349583260965419,AN81
17173,17,173,Shelby,2020,2,29,64.66400068239355,0.4097063318913027,-3.9103313207674684,4.7297432403700785,AN81
17173,17,173,Shelby,2020,3,31,100.77020823411878,7.304539949152322,2.5182504103352863,12.090927134320214,AN81
17173,17,173,Shelby,2020,4,30,133.35634416451646,10.212142825813029,4.110910584419168,16.31347591273443,AN81
17173,17,173,Shelby,2020,5,31,133.10004142903068,16.43216348532431,11.464694054084866,21.399732438268117,AN81
17173,17,173,Shelby,2020,6,30,112.11201603112728,23.62822849709512,17.863403903318147,29.39315259398975,AN81
17173,17,173,Shelby,2020,7,31,220.19742545623592,25.227643779798285,19.834560262313662,30.620827976985186,AN81
17173,17,173,Shelby,2020,8,31,37.416973906166895,22.753766214854203,16.95958567559733,28.54804446001909,AN81
17173,17,173,Shelby,2020,9,30,29.55011859944163,19.101073593670346,12.233412224198476,25.968833445809526,AN81
17173,17,173,Shelby,2020,10,31,103.88594154558533,11.610529873594725,4.97638938836569,18.24477085625354,AN81
17173,17,173,Shelby,2020,11,30,100.40415946336363,8.2159345082201,2.1960599514311716,14.235904389524787,AN81
17173,17,173,Shelby,2020,12,31,41.52788956136912,1.0543624664766655,-3.6966685297501116,5.804893744071227,"AN81,AN91"
17173,17,173,Shelby,2021,1,31,66.6248554264774,-0.9602734676183674,-4.494333207413666,2.5603847104005153,AN91
17173,17,173,Shelby,2021,2,28,64.51152236668912,-4.968547720351119,-9.738662439519834,-0.3350469894337415,AN91
17173,17,173,Shelby,2021,3,31,132.5977909375172,8.17152427459426,2.1761487587244046,14.201500443546626,AN91
17173,17,173,Shelby,2021,4,30,68.47385946713459,12.03383350739239,6.175735673031811,17.910167595964246,AN91
17173,17,173,Shelby,2021,5,31,141.82796195959713,16.652151889667586,11.121275079269164,22.078582721268056,AN91
17173,17,173,Shelby,2021,6,30,159.9207554353005,23.79631662281141,18.300418133134713,29.33748669661171,AN91
17173,17,173,Shelby,2021,7,31,172.28691057770658,23.7866613035677,18.641921811274514,28.931542716995775,AN91
17173,17,173,Shelby,2021,8,31,139.94570878754305,24.550232662132334,18.835148948590447,30.265458914055948,AN91
17173,17,173,Shelby,2021,9,30,84.94470750882638,21.005757037218853,14.174514737132016,27.837141951828563,AN91
17173,17,173,Shelby,2021,10,31,156.54302567042726,15.758659817180806,10.839322950427034,20.678137240420075,AN91
17173,17,173,Shelby,2021,11,30,34.2254210342841,5.0057579649316315,-0.6551612053424447,10.666779378964005,AN91
17173,17,173,Shelby,2021,12,31,91.07150052857962,5.421086265090525,0.5273982022421322,10.314874673834604,AN91
17175,17,175,Stark,2020,1,31,75.61916736781964,-2.264041333779068,-6.0895668740568,1.5611459577737115,AN81
17175,17,175,Stark,2020,2,29,21.82410467497917,-2.46684976577009,-7.2765429405914,2.3427883954759112,AN81
17175,17,175,Stark,2020,3,31,67.41870730737519,4.9972962583980225,0.14747389105477088,9.847206807553466,AN81
17175,17,175,Stark,2020,4,30,103.73120759889218,8.852428504080525,2.2675480929392244,15.437406900222657,AN81
17175,17,175,Stark,2020,5,31,113.58302968896925,15.010951909598019,9.818665750379933,20.203339586644205,AN81
17175,17,175,Stark,2020,6,30,65.33224574613843,22.700492024792318,16.638214950381254,28.762869364151516,AN81
17175,17,175,Stark,2020,7,31,110.16474759232814,24.109417454795036,18.374156544659726,29.844781401357444,AN81
17175,17,175,Stark,2020,8,31,14.142927669230687,22.07858855233294,15.66127512859712,28.495999522025144,AN81
17175,17,175,Stark,2020,9,30,189.17295248381757,17.052756282547026,10.913527807485808,23.192083108097226,AN81
17175,17,175,Stark,2020,10,31,45.2548041282906,9.174680959240892,3.2683271572560075,15.081135867828118,AN81
17175,17,175,Stark,2020,11,30,60.362109038926086,6.647541190127165,0.7968635873768767,12.498301623942467,AN81
17175,17,175,Stark,2020,12,31,43.50277906381357,-1.2279200735875684,-6.1910548316267695,3.7430937620085705,"AN81,AN91"
17175,17,175,Stark,2021,1,31,47.28448078526952,-3.7540010020019303,-7.12763806323796,-0.14161486689119188,AN91
17175,17,175,Stark,2021,2,28,27.89085542691736,-9.423533795732611,-13.962257714641007,-4.513849663930847,AN91
17175,17,175,Stark,2021,3,31,76.30833284163974,5.80167906336772,-0.2021287472699047,11.876462629102656,AN91
17175,17,175,Stark,2021,4,30,88.49382114849168,10.420442131355191,4.426554435262379,16.57269882922012,AN91
17175,17,175,Stark,2021,5,31,157.86865133309456,15.08037085229476,9.678571917251459,20.503407496863638,AN91
17175,17,175,Stark,2021,6,30,154.0143579460851,23.018948218802635,17.332169899129955,28.81821987649856,AN91
17175,17,175,Stark,2021,7,31,145.92589516040505,22.62984341841978,17.66257218220596,27.59725784977804,AN91
17175,17,175,Stark,2021,8,31,114.8783713088634,23.2168367412553,17.344932772336577,29.088883736442348,AN91
17175,17,175,Stark,2021,9,30,22.88803203082471,19.957149788190183,12.81136348735262,27.103078584179986,AN91
17175,17,175,Stark,2021,10,31,178.75505177122065,14.024909651925025,8.96391811889668,19.086039546635714,AN91
17175,17,175,Stark,2021,11,30,11.360579028582467,3.763496205036156,-1.9522734427389685,9.479344005615657,AN91
17175,17,175,Stark,2021,12,31,29.512706284406125,1.8534237291549587,-3.5125188934051392,7.2193891923691345,AN91
17177,17,177,Stephenson,2020,1,31,55.80747006563661,-3.4520545598671357,-7.096165354237422,0.19139037539310216,AN81
17177,17,177,Stephenson,2020,2,29,24.405045537764394,-4.6248682786450415,-9.615521727157116,0.36572686912026203,AN81
17177,17,177,Stephenson,2020,3,31,92.0798914309581,3.5546505415744463,-0.8616243047033814,7.970999741513463,AN81
17177,17,177,Stephenson,2020,4,30,65.53238396757091,7.314513183043874,1.2231116836033933,13.40600066622192,AN81
17177,17,177,Stephenson,2020,5,31,143.98486075185625,13.909008648126648,8.551567310911555,19.266548465988038,AN81
17177,17,177,Stephenson,2020,6,30,126.21527295428305,21.64667653447932,15.53148428188399,27.761972389422475,AN81
17177,17,177,Stephenson,2020,7,31,104.16172942683322,23.45963845204526,17.880980158233516,29.038396283668103,AN81
17177,17,177,Stephenson,2020,8,31,74.04205098130682,21.361423954976686,15.345828096469727,27.37711894813842,AN81
17177,17,177,Stephenson,2020,9,30,161.5739054072241,15.62557601045007,10.054482777993991,21.196770926581948,AN81
17177,17,177,Stephenson,2020,10,31,57.95394700498523,7.889427805718127,2.2281079456261557,13.550841527689117,AN81
17177,17,177,Stephenson,2020,11,30,48.69009928839758,5.642532924390351,0.0773009360996769,11.207847723507163,AN81
17177,17,177,Stephenson,2020,12,31,50.42608447489024,-2.7142187290856334,-7.14977435584619,1.7185563027037905,"AN81,AN91"
17177,17,177,Stephenson,2021,1,31,44.001961000413054,-5.25857071788362,-9.068279586375121,-1.471119714147095,AN91
17177,17,177,Stephenson,2021,2,28,21.88165694376311,-11.046158050332545,-16.351042929297897,-5.7832544972516065,AN91
17177,17,177,Stephenson,2021,3,31,47.36516552242143,3.9865729420467857,-1.7534544449455376,9.631436973303137,AN91
17177,17,177,Stephenson,2021,4,30,62.47173842294182,9.738741008720384,3.927372216131155,15.486575164788807,AN91
17177,17,177,Stephenson,2021,5,31,70.43584140868377,14.54626126763787,9.205189604805028,19.90984617641529,AN91
17177,17,177,Stephenson,2021,6,30,60.86409214233671,22.641867647586494,16.951045282755565,28.325748517120424,AN91
17177,17,177,Stephenson,2021,7,31,75.04188230057919,21.78359082309604,16.43820707685265,27.129117368760312,AN91
17177,17,177,Stephenson,2021,8,31,83.44547589368291,22.582353449338637,16.167763651791418,28.997087994846456,AN91
17177,17,177,Stephenson,2021,9,30,15.258799335627986,18.891099701894674,11.3672801636021,26.415062553280656,AN91
17177,17,177,Stephenson,2021,10,31,148.44703074092894,13.168340950504431,7.850039239371514,18.486778874702456,AN91
17177,17,177,Stephenson,2021,11,30,9.225797725592404,2.795707194864499,-2.750986932435779,8.34245883953982,AN91
17177,17,177,Stephenson,2021,12,31,43.162718474792136,-0.04047114472740357,-4.502869658637584,4.421924791624244,AN91
17179,17,179,Tazewell,2020,1,31,86.27703213457235,-1.0113900097954904,-4.8586340853457965,2.835589688067628,AN81
17179,17,179,Tazewell,2020,2,29,51.441405424722724,-1.333454375805354,-5.921297218123638,3.2543556539875578,AN81
17179,17,179,Tazewell,2020,3,31,68.76753663839403,6.099930013822366,1.348735491226617,10.851214484835925,AN81
17179,17,179,Tazewell,2020,4,30,159.9908197591751,9.793556086290984,3.6710130585108156,15.916199440454921,AN81
17179,17,179,Tazewell,2020,5,31,119.33713252277668,15.930894696206282,11.05347828360807,20.808409825228175,AN81
17179,17,179,Tazewell,2020,6,30,32.65038636273552,23.57018725329696,17.610247686425847,29.530228774571068,AN81
17179,17,179,Tazewell,2020,7,31,166.8580764611359,25.127000393255976,19.80099930307791,30.453100915047543,AN81
17179,17,179,Tazewell,2020,8,31,20.73321586141114,22.707803649536388,16.665483626685727,28.750223903737538,AN81
17179,17,179,Tazewell,2020,9,30,133.21955716409792,18.198494642791943,12.090437875728998,24.306652941926355,AN81
17179,17,179,Tazewell,2020,10,31,35.23366303578358,10.606719129864056,4.486500414878195,16.727038125704393,AN81
17179,17,179,Tazewell,2020,11,30,50.484791667902144,7.680342395185363,1.8439565221377845,13.516822414390788,AN81
17179,17,179,Tazewell,2020,12,31,37.29941305326365,0.03605754701904631,-4.998764226037963,5.068891918293106,"AN81,AN91"
17179,17,179,Tazewell,2021,1,31,69.39454325777061,-2.1819379223777733,-5.543858652299775,1.0828657942455304,AN91
17179,17,179,Tazewell,2021,2,28,33.871614147466964,-6.959761569322441,-11.527553256892562,-2.354231738510575,AN91
17179,17,179,Tazewell,2021,3,31,100.14750491255317,7.2728397188189655,1.344961999845757,13.162575036726361,AN91
17179,17,179,Tazewell,2021,4,30,78.08513040614318,11.642606460438705,5.614401842844311,17.488918163334898,AN91
17179,17,179,Tazewell,2021,5,31,156.96051423029732,16.363211856518227,10.967407246099084,21.343471911574134,AN91
17179,17,179,Tazewell,2021,6,30,176.95089644423277,23.873186491736707,18.31028537136932,29.112932947850982,AN91
17179,17,179,Tazewell,2021,7,31,109.40179966382564,23.64642342670049,18.87430699186394,28.418683405455244,AN91
17179,17,179,Tazewell,2021,8,31,105.34432550448824,24.3239178517149,18.843675736671607,29.804301741511573,AN91
17179,17,179,Tazewell,2021,9,30,33.52336666159361,21.1298706796947,14.103026483716608,28.15685902070519,AN91
17179,17,179,Tazewell,2021,10,31,239.0837203037314,15.072932358211192,10.244120406764731,19.901886282275672,AN91
17179,17,179,Tazewell,2021,11,30,19.444660982630143,4.481300727601527,-1.2134563870382822,10.176148470571196,AN91
17179,17,179,Tazewell,2021,12,31,43.93973582795591,3.694399483056502,-1.542845500716028,8.93171063648143,AN91
17181,17,181,Union,2020,1,31,164.85533555069136,3.1757825138580245,-0.9996319043368828,7.351837540126593,AN81
17181,17,181,Union,2020,2,29,112.52173907832157,3.490390566398003,-1.0959752285464643,8.076816704535279,AN81
17181,17,181,Union,2020,3,31,140.05928167055825,10.37538858415896,5.222510111452766,15.528371353066431,AN81
17181,17,181,Union,2020,4,30,63.08340977297866,12.13953711731484,6.001488399459524,18.27768556061437,AN81
17181,17,181,Union,2020,5,31,113.6051885972273,17.944346970329565,12.690368628696811,23.19842821188227,AN81
17181,17,181,Union,2020,6,30,208.32093878584365,24.22703584487983,18.477204877996964,29.976971147498695,AN81
17181,17,181,Union,2020,7,31,154.25555245363597,26.941442879885084,21.63598218404508,32.247002535572186,AN81
17181,17,181,Union,2020,8,31,100.56479896384624,23.89130568485108,18.723701495643656,29.059012154371338,AN81
17181,17,181,Union,2020,9,30,67.08789994341412,20.41722170718098,14.467008819226558,26.367533159998274,AN81
17181,17,181,Union,2020,10,31,174.24425064324834,13.337904312309858,7.100425693349818,19.57548280690336,AN81
17181,17,181,Union,2020,11,30,65.35044244103932,9.965612313489741,3.807919424137712,16.123398435911895,AN81
17181,17,181,Union,2020,12,31,71.05502635745069,3.113882762844038,-2.2297819550359517,8.462637028743114,"AN81,AN91"
17181,17,181,Union,2021,1,31,64.71156893076174,1.944067156293924,-2.128783794906427,6.110601755656008,AN91
17181,17,181,Union,2021,2,28,108.48704087282077,-2.2822507975875044,-7.124841056768106,2.6738101297720402,AN91
17181,17,181,Union,2021,3,31,146.2209535995701,10.642331081137787,4.564217849528403,16.660481210872444,AN91
17181,17,181,Union,2021,4,30,107.03724853547467,13.657123199635942,7.767070361248675,19.647122263695184,AN91
17181,17,181,Union,2021,5,31,114.54856230338325,17.97881932828621,12.290474536037873,23.735432152104185,AN91
17181,17,181,Union,2021,6,30,104.92966982031338,24.71148055307662,19.537173455917493,29.97535204409253,AN91
17181,17,181,Union,2021,7,31,106.47651563045689,25.19240072386467,19.989818264573408,30.39512544100463,AN91
17181,17,181,Union,2021,8,31,52.31818025437305,25.505538581633775,20.105748795158895,30.905470367234408,AN91
17181,17,181,Union,2021,9,30,69.55310712779352,21.670843878237346,15.330960086061326,28.010871517106345,AN91
17181,17,181,Union,2021,10,31,121.3759721190445,17.210771128791933,11.685465760494836,22.736218362555817,AN91
17181,17,181,Union,2021,11,30,60.11056912576712,6.931948010478389,0.3296968848499068,13.534328799311114,AN91
17181,17,181,Union,2021,12,31,163.7160620483436,8.882172986154462,3.3155035565777293,14.448971714451408,AN91
17183,17,183,Vermilion,2020,1,31,122.18811767756138,0.1489727714945096,-3.3383708286628697,3.636413179218568,AN81
17183,17,183,Vermilion,2020,2,29,62.75123484177222,-0.7473557919721011,-5.053255577415223,3.558523333010017,AN81
17183,17,183,Vermilion,2020,3,31,95.14508378374475,6.237557733516595,1.4573956550092289,11.017800672203848,AN81
17183,17,183,Vermilion,2020,4,30,111.66578757818009,9.304803595430931,2.8749826380482797,15.734723460848976,AN81
17183,17,183,Vermilion,2020,5,31,117.59822876096973,15.822718622877357,10.557059559130016,21.08847655721198,AN81
17183,17,183,Vermilion,2020,6,30,124.29501850390035,23.134969290913507,17.125479801271347,29.144557352136925,AN81
17183,17,183,Vermilion,2020,7,31,167.98651062911853,24.441355765510778,18.8351456019986,30.04766658434593,AN81
17183,17,183,Vermilion,2020,8,31,36.088629858101974,21.945254241934514,15.87590728460111,28.014703261418454,AN81
17183,17,183,Vermilion,2020,9,30,46.11192896624571,18.018432256045443,11.292972620922544,24.74399374131599,AN81
17183,17,183,Vermilion,2020,10,31,63.35820598136935,11.039133086697033,4.4406229183777635,17.637743732541093,AN81
17183,17,183,Vermilion,2020,11,30,68.00221904013064,7.3456316126003465,1.3452288862740498,13.346124146154587,AN81
17183,17,183,Vermilion,2020,12,31,42.09007290111312,0.18697615200328452,-4.649581302103283,5.026898545878321,"AN81,AN91"
17183,17,183,Vermilion,2021,1,31,62.03476429383535,-1.7449182653646949,-5.030565111511778,1.6165763394306174,AN91
17183,17,183,Vermilion,2021,2,28,47.35728163967532,-6.526087145895741,-11.250776114982381,-1.7242850544027257,AN91
17183,17,183,Vermilion,2021,3,31,104.04717506010188,6.995387014786337,0.8623116374664196,13.141959657079214,AN91
17183,17,183,Vermilion,2021,4,30,52.123603612216264,11.327570194440364,4.891007417929743,17.791717047160503,AN91
17183,17,183,Vermilion,2021,5,31,109.99962467723951,16.035893353842685,10.283680689192465,21.72047667873643,AN91
17183,17,183,Vermilion,2021,6,30,249.89935663463203,23.364015565086266,17.84918380569093,28.88704100428917,AN91
17183,17,183,Vermilion,2021,7,31,94.7008656839436,22.961506577613328,17.84414173656993,28.079014973994237,AN91
17183,17,183,Vermilion,2021,8,31,83.27304744677154,24.001870471524402,18.341721847957967,29.66216079284463,AN91
17183,17,183,Vermilion,2021,9,30,89.0396741455928,20.511116691740693,13.612852090243337,27.409524281591853,AN91
17183,17,183,Vermilion,2021,10,31,185.65229047383573,15.247594150433471,10.294346951311176,20.20098317161019,AN91
17183,17,183,Vermilion,2021,11,30,31.97520607427071,3.8498885051759646,-1.685197720122805,9.38504755290321,AN91
17183,17,183,Vermilion,2021,12,31,66.79477398753636,4.080525738557791,-0.7941485693922664,8.955276603854584,AN91
17185,17,185,Wabash,2020,1,31,160.51500659002528,2.261939522522577,-1.7717652137285917,6.296094761406009,AN81
17185,17,185,Wabash,2020,2,29,76.49368781459118,2.214665325239327,-2.4425158679004197,6.871889617238495,AN81
17185,17,185,Wabash,2020,3,31,154.90378925193866,8.66225506960244,3.533060542970523,13.791547803600421,AN81
17185,17,185,Wabash,2020,4,30,90.48959113198049,11.10415117999536,5.052643755290428,17.155759625330194,AN81
17185,17,185,Wabash,2020,5,31,114.29569964047447,17.25878184716812,12.022316072656247,22.495349874004123,AN81
17185,17,185,Wabash,2020,6,30,92.51373898915311,23.92977441819408,18.092328479458125,29.76731899389376,AN81
17185,17,185,Wabash,2020,7,31,165.53211933235545,25.789086562254674,20.1561299977927,31.42214229528151,AN81
17185,17,185,Wabash,2020,8,31,66.61920124890577,23.31296872808187,17.801454159469245,28.82458120014259,AN81
17185,17,185,Wabash,2020,9,30,17.011068568137315,19.65053988794978,12.947856657126128,26.353324488657172,AN81
17185,17,185,Wabash,2020,10,31,150.40521020322856,12.54869505471435,5.838801318145507,19.258688695368967,AN81
17185,17,185,Wabash,2020,11,30,104.75811261024873,8.71252353979898,2.5106259657214376,14.914515520070584,AN81
17185,17,185,Wabash,2020,12,31,75.24131119405595,2.1518660254197135,-2.6730238573605196,6.974680911044566,"AN81,AN91"
17185,17,185,Wabash,2021,1,31,65.92043491645666,0.5831155248661074,-3.3421523814176775,4.410688503221022,AN91
17185,17,185,Wabash,2021,2,28,95.2770041232856,-3.103727719285136,-7.838880022881471,1.5170684111620985,AN91
17185,17,185,Wabash,2021,3,31,108.10583842453974,9.410177769385953,3.1750617496322318,15.474931186455207,AN91
17185,17,185,Wabash,2021,4,30,78.94174246089851,12.842573240036407,6.596150766755912,19.01109920887458,AN91
17185,17,185,Wabash,2021,5,31,106.86899337439947,17.34385484980411,11.557576825364041,23.150128992762475,AN91
17185,17,185,Wabash,2021,6,30,169.45552138500403,23.89991324032146,18.654338915572808,29.245922542238493,AN91
17185,17,185,Wabash,2021,7,31,214.4059775479325,24.50918466115432,19.099096604834738,29.919415214264422,AN91
17185,17,185,Wabash,2021,8,31,136.4620297933744,25.26785105135459,19.833940533626436,30.701903460226184,AN91
17185,17,185,Wabash,2021,9,30,73.18410992087125,21.373165582621148,14.656942723770994,28.089532299203768,AN91
17185,17,185,Wabash,2021,10,31,153.02263047448963,16.915412216438927,11.187138632811704,22.64382662085493,AN91
17185,17,185,Wabash,2021,11,30,44.071858754661655,5.531065995871141,-0.817333328677901,11.87957195727704,AN91
17185,17,185,Wabash,2021,12,31,138.74072750731136,7.458695234488777,1.8809503218310453,13.036560148118971,AN91
17187,17,187,Warren,2020,1,31,64.49588185410761,-2.423112336180129,-6.416397838357656,1.5698763883205449,AN81
17187,17,187,Warren,2020,2,29,19.321799302983084,-2.09936523321791,-6.88255283266636,2.6837790443613887,AN81
17187,17,187,Warren,2020,3,31,63.30592855057352,5.491803120191387,0.6549415279702867,10.32875259962128,AN81
17187,17,187,Warren,2020,4,30,75.06226767870852,9.232105818188911,2.689844140416491,15.77447102367531,AN81
17187,17,187,Warren,2020,5,31,145.273170476875,15.352227090014676,10.291610326879358,20.412943117833823,AN81
17187,17,187,Warren,2020,6,30,110.6311801464087,22.796073689948862,17.120314750031362,28.471932527983558,AN81
17187,17,187,Warren,2020,7,31,106.13270540147215,24.362977486646805,19.004695177483,29.721359895512627,AN81
17187,17,187,Warren,2020,8,31,16.67401845710613,22.207633821901826,15.87783492998784,28.537533234816777,AN81
17187,17,187,Warren,2020,9,30,143.1775407111741,17.229751451132866,11.082895063477048,23.37670703521101,AN81
17187,17,187,Warren,2020,10,31,39.60280292518307,9.37903727363821,3.4818069606286515,15.276369231081114,AN81
17187,17,187,Warren,2020,11,30,60.04650567212356,6.868780291306275,0.9494601385235176,12.78818483534534,AN81
17187,17,187,Warren,2020,12,31,54.20469997205832,-1.0862623184700269,-5.933776605078067,3.7629654008615665,"AN81,AN91"
17187,17,187,Warren,2021,1,31,42.45373537872405,-3.404329155341074,-6.838819432112161,0.045181435451766436,AN91
17187,17,187,Warren,2021,2,28,29.717615592473692,-8.768464014339694,-13.038544310940456,-4.432249090697375,AN91
17187,17,187,Warren,2021,3,31,85.44517890288425,6.402001453256929,0.6575957873549789,12.120861391193191,AN91
17187,17,187,Warren,2021,4,30,116.15503875035627,10.626521422321924,4.648815507248613,16.590106265422815,AN91
17187,17,187,Warren,2021,5,31,173.84799238425302,15.408918891066278,10.325397977003938,20.46708006184499,AN91
17187,17,187,Warren,2021,6,30,174.32837612430885,23.003461966536026,17.46038043746437,28.554752186518265,AN91
17187,17,187,Warren,2021,7,31,112.85903831776085,22.806511255570626,17.799543737501377,27.813620864081084,AN91
17187,17,187,Warren,2021,8,31,111.48519845951841,23.359338811921187,17.640421352139256,29.07839870890806,AN91
17187,17,187,Warren,2021,9,30,40.780388584525625,20.254066793417266,13.237046601019587,27.271231389377355,AN91
17187,17,187,Warren,2021,10,31,178.2344701776388,14.036618773753357,9.026199433126243,19.0471791573751,AN91
17187,17,187,Warren,2021,11,30,7.478461738176869,4.119112974421289,-1.6516815468459005,9.889987865925749,AN91
17187,17,187,Warren,2021,12,31,24.4716791765645,2.2393344224555363,-3.3278304413849984,7.806533960821525,AN91
17189,17,189,Washington,2020,1,31,156.7661645846058,1.993849434011292,-1.9693892882979633,5.957504366714969,AN81
17189,17,189,Washington,2020,2,29,70.14956475348885,2.1414819105313727,-2.2932830025289648,6.576292803352725,AN81
17189,17,189,Washington,2020,3,31,134.1009855857048,8.889766479112064,4.021549848416875,13.75808270612279,AN81
17189,17,189,Washington,2020,4,30,123.43234285578161,11.308266648065471,5.379461106804131,17.237172962844042,AN81
17189,17,189,Washington,2020,5,31,154.09349681719368,17.400689286774764,12.564396326802102,22.23708369406971,AN81
17189,17,189,Washington,2020,6,30,102.4937441208449,24.31115611844765,18.64176759682784,29.980646175305562,AN81
17189,17,189,Washington,2020,7,31,165.1629282072564,26.305979154865863,21.247183869176048,31.36487407305953,AN81
17189,17,189,Washington,2020,8,31,75.50624355094902,23.590825038329605,18.14294974223296,29.03880160893358,AN81
17189,17,189,Washington,2020,9,30,27.121923669367906,19.882915567551557,13.484643799001178,26.281288816012882,AN81
17189,17,189,Washington,2020,10,31,108.39115433037848,12.624238032868757,6.340351766685246,18.908226674403377,AN81
17189,17,189,Washington,2020,11,30,141.23836106019965,9.271429321976862,3.308425035126694,15.234528204968395,AN81
17189,17,189,Washington,2020,12,31,60.16728891945358,2.0580572887706925,-3.0599158211846906,7.176827327192827,"AN81,AN91"
17189,17,189,Washington,2021,1,31,76.31159979831249,0.6087943407861809,-2.972440356504338,4.190481834772375,AN91
17189,17,189,Washington,2021,2,28,61.52496245066468,-3.5708121113254205,-8.220111133651278,1.0979909791188636,AN91
17189,17,189,Washington,2021,3,31,151.44809128063264,9.755540738317539,4.045488997953878,15.542652621543773,AN91
17189,17,189,Washington,2021,4,30,76.65623058008426,12.923741234081156,7.132799561850777,18.634412024704393,AN91
17189,17,189,Washington,2021,5,31,92.85011416500461,17.609305636541553,12.143368845741444,23.020285526205168,AN91
17189,17,189,Washington,2021,6,30,77.37833709950645,24.529345204983024,19.264392310852138,29.85121668098518,AN91
17189,17,189,Washington,2021,7,31,206.9925185012668,24.456937742370076,19.336236710556516,29.57778176437929,AN91
17189,17,189,Washington,2021,8,31,116.29518418623063,25.27563116036216,19.8641782221883,30.687225592121646,AN91
17189,17,189,Washington,2021,9,30,76.2103635870215,21.509385479474876,15.082900637529017,27.936015337112295,AN91
17189,17,189,Washington,2021,10,31,135.52312353923477,16.41167192013055,11.16951955313056,21.65396517492104,AN91
17189,17,189,Washington,2021,11,30,37.21013580717878,6.265132483052601,0.17375896623893575,12.356616231302779,AN91
17189,17,189,Washington,2021,12,31,112.30007985086618,7.239487509521619,1.9947581163956023,12.484334387069984,AN91
17191,17,191,Wayne,2020,1,31,151.23322426415083,2.1643551442158055,-1.8140521664370277,6.143219318937671,AN81
17191,17,191,Wayne,2020,2,29,71.29384388249044,2.1820295680867727,-2.336439494218431,6.700550048451981,AN81
17191,17,191,Wayne,2020,3,31,150.36238112415774,8.708297702916642,3.7573408814756517,13.659354470015606,AN81
17191,17,191,Wayne,2020,4,30,124.0086949294177,11.00244789427545,4.999035453960337,17.005962491600787,AN81
17191,17,191,Wayne,2020,5,31,124.56882533884551,17.19006472156109,12.215414824774657,22.164816018684824,AN81
17191,17,191,Wayne,2020,6,30,101.87829634320369,23.99830620277102,18.203764805984424,29.792950368490054,AN81
17191,17,191,Wayne,2020,7,31,182.47724183888,25.85308110450089,20.58270653193678,31.123554450761798,AN81
17191,17,191,Wayne,2020,8,31,74.79625055053943,23.150730591886376,17.704969067571056,28.596595415532725,AN81
17191,17,191,Wayne,2020,9,30,27.101793488458636,19.63582349314662,12.974707731921972,26.297040429053403,AN81
17191,17,191,Wayne,2020,10,31,123.47621231793237,12.50811244633748,5.804528008462535,19.211796756837686,AN81
17191,17,191,Wayne,2020,11,30,128.31184167197006,8.947493108300401,2.7238598208765183,15.171217668100821,AN81
17191,17,191,Wayne,2020,12,31,67.70052034045789,2.1529031266491065,-2.7104558594550423,7.015830922364361,"AN81,AN91"
17191,17,191,Wayne,2021,1,31,70.02716573489901,0.6943064220126163,-3.1010294233249875,4.480638988501272,AN91
17191,17,191,Wayne,2021,2,28,94.69784503824178,-3.2169931275382178,-7.790535599999513,1.3968387223084995,AN91
17191,17,191,Wayne,2021,3,31,133.94604158289908,9.426063312421213,3.368214208793399,15.394682148934226,AN91
17191,17,191,Wayne,2021,4,30,74.22373662117371,12.718983567194329,6.5873262254234275,18.75981429631859,AN91
17191,17,191,Wayne,2021,5,31,86.46600309950668,17.342526250075185,11.564929396825162,23.08190379644442,AN91
17191,17,191,Wayne,2021,6,30,129.35590789218304,23.917835136444392,18.620149162705932,29.346125739183712,AN91
17191,17,191,Wayne,2021,7,31,226.50105659189435,24.16685539807248,19.01257832933337,29.321274652792656,AN91
17191,17,191,Wayne,2021,8,31,150.51803031167816,24.989471429749173,19.67915510075151,30.299929564198866,AN91
17191,17,191,Wayne,2021,9,30,66.44839823381417,21.232949896398225,14.451909255007802,28.014135213616175,AN91
17191,17,191,Wayne,2021,10,31,109.83958391050582,16.605388608153977,11.090313284324113,22.120605382719017,AN91
17191,17,191,Wayne,2021,11,30,43.881996470880935,5.568905887118159,-0.8253832575303969,11.963306080966042,AN91
17191,17,191,Wayne,2021,12,31,118.17395226725264,7.250216580692123,1.7020222107654652,12.798529729961183,AN91
17193,17,193,White,2020,1,31,151.8445179630093,2.597654616896729,-1.4946637269063934,6.690436785549003,AN81
17193,17,193,White,2020,2,29,76.66968019706863,2.5065672962855485,-2.330870113858964,7.344058013742147,AN81
17193,17,193,White,2020,3,31,141.5413072253358,9.15765270829442,3.9421420026517895,14.373266046550514,AN81
17193,17,193,White,2020,4,30,105.27327402253414,11.286844884049065,5.080915304393854,17.492874793424015,AN81
17193,17,193,White,2020,5,31,167.83074615132884,17.452416658595062,12.46111837941804,22.443815380060727,AN81
17193,17,193,White,2020,6,30,198.40210340383456,23.89026869681046,18.220581591138018,29.560056919164694,AN81
17193,17,193,White,2020,7,31,145.0891467928695,26.05333113463223,20.72189321935995,31.384872220701716,AN81
17193,17,193,White,2020,8,31,88.06547993305063,23.31210171810269,18.001221046510697,28.623080320042906,AN81
17193,17,193,White,2020,9,30,36.47465985652134,19.89909099529778,13.352145199132101,26.446135895614262,AN81
17193,17,193,White,2020,10,31,149.35315525706315,12.768806956781177,6.158914399646631,19.378799214336855,AN81
17193,17,193,White,2020,11,30,90.17042410648598,9.096524620318462,2.649551346572899,15.54359166603558,AN81
17193,17,193,White,2020,12,31,71.2131211981051,2.366855474083314,-2.756965216058208,7.4918491850364415,"AN81,AN91"
17193,17,193,White,2021,1,31,67.3611405182205,1.0860605178887197,-2.9252965163768456,5.126697668126667,AN91
17193,17,193,White,2021,2,28,95.96011834569087,-2.6999499601987016,-7.464870926685479,2.0632606140217047,AN91
17193,17,193,White,2021,3,31,107.62228507884055,9.584190287701135,3.187743230231082,15.759945370675746,AN91
17193,17,193,White,2021,4,30,74.74685448137066,12.905714188294422,6.478728894219578,19.08767366458964,AN91
17193,17,193,White,2021,5,31,98.01661685632293,17.367459795025123,11.321342049477922,23.219990883526087,AN91
17193,17,193,White,2021,6,30,144.37228681521964,23.990973894957325,18.679667763745638,29.416873310838458,AN91
17193,17,193,White,2021,7,31,200.17617544274964,24.384370519472675,19.19732929693269,29.571555078357587,AN91
17193,17,193,White,2021,8,31,96.44859495002437,25.078087170625068,19.65461166155704,30.501703806441302,AN91
17193,17,193,White,2021,9,30,70.91191577418878,21.282407345340637,14.5524362360055,28.012524263187807,AN91
17193,17,193,White,2021,10,31,149.71425005363756,16.82124435354968,11.033640071740873,22.60899079154034,AN91
17193,17,193,White,2021,11,30,40.38680498954784,5.571317291124043,-1.1825721996016554,12.325316731126525,AN91
17193,17,193,White,2021,12,31,134.33395468135464,7.727425874233903,1.8297452340300002,13.625224675073564,AN91
17195,17,195,Whiteside,2020,1,31,63.68626214208256,-2.7576001882317986,-6.439005394573678,0.9232966848012629,AN81
17195,17,195,Whiteside,2020,2,29,16.148105748749927,-3.057890249915484,-7.769325856853473,1.6534951183326598,AN81
17195,17,195,Whiteside,2020,3,31,122.08612349003111,4.511981763703575,-0.08128875600418789,9.105334494653384,AN81
17195,17,195,Whiteside,2020,4,30,67.61950120980678,8.552543409318183,2.359693303062945,14.745487914969692,AN81
17195,17,195,Whiteside,2020,5,31,166.92148686437443,14.862753366403362,9.766983247071117,19.95862410027509,AN81
17195,17,195,Whiteside,2020,6,30,90.35249342083854,22.671406798867565,16.70502721242282,28.637888165186176,AN81
17195,17,195,Whiteside,2020,7,31,101.08430138410054,24.309388862207875,18.723754012931714,29.895127153773053,AN81
17195,17,195,Whiteside,2020,8,31,21.850136407628362,22.24460458552147,16.024037840343077,28.465270820573377,AN81
17195,17,195,Whiteside,2020,9,30,190.95197104234472,16.716396164896032,10.759793703425649,22.673099221139385,AN81
17195,17,195,Whiteside,2020,10,31,61.464977298696624,8.846006811920924,3.066953971792122,14.625152660435218,AN81
17195,17,195,Whiteside,2020,11,30,56.630625030801056,6.213396640865435,0.43084111746114656,11.996034326668966,AN81
17195,17,195,Whiteside,2020,12,31,56.311392417614655,-1.716901435302602,-6.44336611383941,3.007022844246629,"AN81,AN91"
17195,17,195,Whiteside,2021,1,31,43.656727838977574,-4.333258053823001,-8.042901721085222,-0.675454024466161,AN91
17195,17,195,Whiteside,2021,2,28,27.14513541934511,-10.432532664051648,-15.553001917606887,-5.4480928971298805,AN91
17195,17,195,Whiteside,2021,3,31,53.28473028491152,5.125071682178138,-0.38574685177030793,10.665151367047635,AN91
17195,17,195,Whiteside,2021,4,30,95.2878324651285,10.50898470000508,4.792329571517216,16.165695153687505,AN91
17195,17,195,Whiteside,2021,5,31,116.50824036267154,15.250322526717587,10.066825542841311,20.364442312969672,AN91
17195,17,195,Whiteside,2021,6,30,83.62021539294254,23.25368465005364,17.50894633417264,28.91118278878808,AN91
17195,17,195,Whiteside,2021,7,31,91.0631381377589,22.617201715417632,17.62112802772245,27.613417215616273,AN91
17195,17,195,Whiteside,2021,8,31,41.91200556547287,23.366879172427062,17.284296133900448,29.449606328275213,AN91
17195,17,195,Whiteside,2021,9,30,21.131328386220368,20.051506205994574,12.649471790757023,27.453685505049684,AN91
17195,17,195,Whiteside,2021,10,31,154.87906786616102,13.922066271193291,8.66572521460061,19.178547250526737,AN91
17195,17,195,Whiteside,2021,11,30,9.137764243283069,3.5977251473908507,-2.091966226821153,9.287497688722622,AN91
17195,17,195,Whiteside,2021,12,31,53.11162924913694,1.117579118877271,-3.7351443053570503,5.970314160948356,AN91
17197,17,197,Will,2020,1,31,87.18180071371143,-1.2689660647521308,-4.6520173246005125,2.1137696733489197,AN81
17197,17,197,Will,2020,2,29,35.3575561690938,-2.1366220485383614,-6.4381374616462725,2.1648517083839716,AN81
17197,17,197,Will,2020,3,31,69.86504969213868,4.846895451759264,0.2864558451796874,9.407413094962022,AN81
17197,17,197,Will,2020,4,30,132.98104060626537,8.222967245828292,2.355983958458005,14.090046852550495,AN81
17197,17,197,Will,2020,5,31,182.20039365953318,15.034335307158903,9.845058436441937,20.223710908790498,AN81
17197,17,197,Will,2020,6,30,108.2811225924222,22.88858088149651,16.854088270748857,28.923174618062344,AN81
17197,17,197,Will,2020,7,31,112.25466988289374,24.683753157734376,19.402878238255678,29.964728579771872,AN81
17197,17,197,Will,2020,8,31,32.61843323038464,22.577850709239634,16.562923807995734,28.592879784603333,AN81
17197,17,197,Will,2020,9,30,86.37460100363063,17.69193479050695,11.771417756592601,23.612550939161153,AN81
17197,17,197,Will,2020,10,31,60.224665245777565,9.834863911500959,3.835008766477379,15.834819961681179,AN81
17197,17,197,Will,2020,11,30,52.50882793542609,7.032268836767648,1.4708293365068588,12.593796698460263,AN81
17197,17,197,Will,2020,12,31,54.24538377508146,-0.47152484861594635,-4.898988395242466,3.951961656983823,"AN81,AN91"
17197,17,197,Will,2021,1,31,59.62268163124213,-2.456081238838151,-5.63920102876324,0.6338855609960774,AN91
17197,17,197,Will,2021,2,28,34.67126354814984,-8.01427246649584,-13.329322543075639,-2.8484918321117454,AN91
17197,17,197,Will,2021,3,31,36.71032225262091,5.989975667036496,-0.024150424365418578,11.87747747381361,AN91
17197,17,197,Will,2021,4,30,51.146116828129635,10.46974629493525,4.2275072582575435,16.377542064372236,AN91
17197,17,197,Will,2021,5,31,101.4075952397263,15.02699923815385,9.41334092894306,20.52261317913797,AN91
17197,17,197,Will,2021,6,30,212.8255145858256,22.993429858546822,17.40151798738396,28.517267706273863,AN91
17197,17,197,Will,2021,7,31,67.83131487919125,23.06254830046311,18.318119386285314,27.807120012783155,AN91
17197,17,197,Will,2021,8,31,84.85085215093139,24.13983549041212,18.54383349008635,29.73597996570912,AN91
17197,17,197,Will,2021,9,30,38.655393330421155,20.350804459034332,13.821440117265366,26.880311342247428,AN91
17197,17,197,Will,2021,10,31,219.3182984737272,14.545369552398391,9.877167060153505,19.213712787435124,AN91
17197,17,197,Will,2021,11,30,21.71985527895111,3.5587673284630217,-1.7541061707512453,8.87170781667154,AN91
17197,17,197,Will,2021,12,31,59.212640582652305,2.368295880897498,-2.1724785199555847,6.90913731916237,AN91
17199,17,199,Williamson,2020,1,31,157.93956617405703,2.642973184308158,-1.5528547927735112,6.839249690925624,AN81
17199,17,199,Williamson,2020,2,29,93.91156955737854,2.896177594368683,-1.9033327412565215,7.695747196481195,AN81
17199,17,199,Williamson,2020,3,31,146.08763198775208,9.682904945491526,4.37961736029636,14.986293111842727,AN81
17199,17,199,Williamson,2020,4,30,63.5340562893135,11.606069056943252,5.343956548952183,17.868280255195035,AN81
17199,17,199,Williamson,2020,5,31,103.29441600833471,17.545487923857937,12.488845807368579,22.602228304902354,AN81
17199,17,199,Williamson,2020,6,30,162.84083992586199,23.761323054590378,17.9376617618994,29.58508439480214,AN81
17199,17,199,Williamson,2020,7,31,127.33866831318566,26.49897092389407,21.240077531510188,31.757966027319046,AN81
17199,17,199,Williamson,2020,8,31,70.63698683441169,23.586701889251,18.404663919108753,28.768841288923486,AN81
17199,17,199,Williamson,2020,9,30,47.099187103278965,19.991920756269007,13.815748272523281,26.168197562566963,AN81
17199,17,199,Williamson,2020,10,31,148.256479121109,13.009656645400673,6.5911258658995395,19.428287127835702,AN81
17199,17,199,Williamson,2020,11,30,83.60337967334779,9.456513528394117,3.0977722697770047,15.815348396199896,AN81
17199,17,199,Williamson,2020,12,31,67.12031019785104,2.6935808097500904,-2.7581629948520114,8.143478027328678,"AN81,AN91"
17199,17,199,Williamson,2021,1,31,62.78396453447577,1.5444283228301585,-2.673264459761741,5.668864602067637,AN91
17199,17,199,Williamson,2021,2,28,92.97094207131587,-2.492664493894651,-7.600445729387424,2.557716113299115,AN91
17199,17,199,Williamson,2021,3,31,155.1364241447675,10.061547388934843,3.8366741631281265,16.21654868676051,AN91
17199,17,199,Williamson,2021,4,30,84.06616012295524,13.204192975655275,7.106051486541294,19.1597764561915,AN91
17199,17,199,Williamson,2021,5,31,106.97076686228573,17.531264550462808,11.58391403433247,23.359792912007016,AN91
17199,17,199,Williamson,2021,6,30,132.98784864750112,24.30125408728867,19.05567373689182,29.594551267437073,AN91
17199,17,199,Williamson,2021,7,31,128.56281251553943,24.61168799876659,19.337464474435638,29.886053412987955,AN91
17199,17,199,Williamson,2021,8,31,82.07269005196444,25.364136280751243,19.75785107990785,30.97056146376986,AN91
17199,17,199,Williamson,2021,9,30,100.12490017847477,21.323097131760925,14.904164092779848,27.742172754924084,AN91
17199,17,199,Williamson,2021,10,31,153.61959048374555,16.809988864121852,11.362132369131587,22.257986479239218,AN91
17199,17,199,Williamson,2021,11,30,51.98286076320624,6.439619625008732,-0.46723722245187044,13.346593630481983,AN91
17199,17,199,Williamson,2021,12,31,155.8849644545543,8.452812578995253,2.7037584367420897,14.201990427965846,AN91
17201,17,201,Winnebago,2020,1,31,64.41694967923006,-3.010624099817702,-6.561635130992786,0.5398236871622405,AN81
17201,17,201,Winnebago,2020,2,29,17.61613269232866,-4.168235398157317,-8.811500544504442,0.47498038382734964,AN81
17201,17,201,Winnebago,2020,3,31,101.51531047496024,3.8994198786395775,-0.507238558588982,8.306147050946405,AN81
17201,17,201,Winnebago,2020,4,30,86.53645062334641,7.633039276542553,1.7867944004441,13.479373515965241,AN81
17201,17,201,Winnebago,2020,5,31,131.81531630337312,14.319623289632567,8.999514438198556,19.6398346864701,AN81
17201,17,201,Winnebago,2020,6,30,121.8842804780523,22.18415982423746,16.09289386402512,28.275525421896003,AN81
17201,17,201,Winnebago,2020,7,31,104.14271322734606,24.062751820176537,18.5626289750224,29.56297545044735,AN81
17201,17,201,Winnebago,2020,8,31,67.43876368965387,22.14000824833376,16.03010488302986,28.250013491058045,AN81
17201,17,201,Winnebago,2020,9,30,154.9688444544011,16.203479011786392,10.590751421913088,21.81630831449782,AN81
17201,17,201,Winnebago,2020,10,31,56.002803820441976,8.266280826351354,2.5940506296124966,13.938611265593723,AN81
17201,17,201,Winnebago,2020,11,30,51.13658718706101,6.224847916499323,0.7254253475604074,11.724351007046133,AN81
17201,17,201,Winnebago,2020,12,31,50.496883040192174,-1.9224323866826418,-6.313392613453467,2.471332213374248,"AN81,AN91"
17201,17,201,Winnebago,2021,1,31,57.418308269627936,-4.66784626799616,-8.171494843026595,-0.9890883590404401,AN91
17201,17,201,Winnebago,2021,2,28,21.06368390230822,-10.447069966197121,-15.603232645085468,-5.298639155974096,AN91
17201,17,201,Winnebago,2021,3,31,43.1081518517302,4.530608728773858,-1.130470687740958,10.142811652348538,AN91
17201,17,201,Winnebago,2021,4,30,44.84684846136291,10.248803540882902,4.299448813791984,16.12191518168003,AN91
17201,17,201,Winnebago,2021,5,31,58.96029875380138,15.015826013550845,9.481554018364342,20.563004117512975,AN91
17201,17,201,Winnebago,2021,6,30,51.70648309508787,23.1168861944356,17.30419392370969,28.96436874908911,AN91
17201,17,201,Winnebago,2021,7,31,65.67619543241996,22.348650948764913,16.96245458408892,27.73498938633538,AN91
17201,17,201,Winnebago,2021,8,31,112.1591281712393,23.219630641576178,17.071153299477494,29.368251015493268,AN91
17201,17,201,Winnebago,2021,9,30,18.068928718755014,19.37706554206866,12.019110178022196,26.73516386372869,AN91
17201,17,201,Winnebago,2021,10,31,143.61685416097617,13.558714168033852,8.542050732640025,18.575518675161582,AN91
17201,17,201,Winnebago,2021,11,30,10.904562619883665,2.8185588790591423,-2.6870722183363225,8.324245907517104,AN91
17201,17,201,Winnebago,2021,12,31,52.313969138189236,0.438403128697933,-3.8939003225623745,4.770712209188398,AN91
17203,17,203,Woodford,2020,1,31,77.8781093566888,-1.2362070502599312,-5.181391932428233,2.7086513153254996,AN81
17203,17,203,Woodford,2020,2,29,39.54690082203477,-1.7719084965273646,-6.487273975512116,2.943409684008804,AN81
17203,17,203,Woodford,2020,3,31,68.57264202387931,5.536163472245591,0.6593736590641055,10.413041941480675,AN81
17203,17,203,Woodford,2020,4,30,138.27181529162522,9.367511200887,2.923309065864425,15.811814568004333,AN81
17203,17,203,Woodford,2020,5,31,139.20452889862563,15.716764154079248,10.513981812054743,20.919647277175628,AN81
17203,17,203,Woodford,2020,6,30,41.121705848801355,23.54166281588512,17.304469203619355,29.778958175129823,AN81
17203,17,203,Woodford,2020,7,31,234.54874928793456,24.875354183643744,19.252636201221918,30.498173812125362,AN81
17203,17,203,Woodford,2020,8,31,21.52595575648523,22.517658942579857,16.362765981750275,28.6726512206473,AN81
17203,17,203,Woodford,2020,9,30,147.80460031225138,17.947705410892524,11.818589437868987,24.076924699553487,AN81
17203,17,203,Woodford,2020,10,31,49.07320351435472,10.360821634987852,4.201102813799376,16.52064121740108,AN81
17203,17,203,Woodford,2020,11,30,47.34381134388039,7.526885800949235,1.7446413957751203,13.309221845492633,AN81
17203,17,203,Woodford,2020,12,31,36.30825659308104,-0.2002091029526839,-5.290482101913776,4.894027490724453,"AN81,AN91"
17203,17,203,Woodford,2021,1,31,58.90658187069223,-2.7148495471148495,-6.08135328360896,0.6963106783291022,AN91
17203,17,203,Woodford,2021,2,28,28.616388223596395,-7.694405101740338,-12.371308907431143,-2.7313404000082664,AN91
17203,17,203,Woodford,2021,3,31,68.16572098367966,6.677028403545505,0.726610890105498,12.782252714197712,AN91
17203,17,203,Woodford,2021,4,30,72.51277516033791,11.237178413462109,4.974440888805798,17.540229808505163,AN91
17203,17,203,Woodford,2021,5,31,123.09578052580369,15.879280963887009,10.380046049927742,21.403304867161747,AN91
17203,17,203,Woodford,2021,6,30,117.55968698346747,23.611430776322166,17.912029429283105,29.303115543263868,AN91
17203,17,203,Woodford,2021,7,31,74.3347732679216,23.224566434065753,18.258976270373434,28.190298631230323,AN91
17203,17,203,Woodford,2021,8,31,86.41038086640627,23.967436838068945,18.275134318698516,29.659882298546037,AN91
17203,17,203,Woodford,2021,9,30,35.26019940467938,20.853855547247974,13.683655275620422,28.02419769124556,AN91
17203,17,203,Woodford,2021,10,31,239.14463017369258,14.882550005177514,10.10913893796654,19.65610133825068,AN91
17203,17,203,Woodford,2021,11,30,19.279129719185264,4.086401570025081,-1.6595942973575502,9.832487777382614,AN91
17203,17,203,Woodford,2021,12,31,46.2533241470294,2.9896583295479657,-2.249093323192448,8.228468463098713,AN91
18001,18,001,Adams,2020,1,31,101.597283064279,0.23216863797033602,-3.11096697572224,3.575395355558935,AN81
18001,18,001,Adams,2020,2,29,69.96419914065405,-1.1956098742548524,-5.215352721437773,2.824109969184627,AN81
18001,18,001,Adams,2020,3,31,96.72655250535357,5.554290879385814,0.9660569535407846,10.142607807251206,AN81
18001,18,001,Adams,2020,4,30,64.96196437388241,8.327689674081055,2.463556120070248,14.191925733919197,AN81
18001,18,001,Adams,2020,5,31,122.32539012166932,15.075521160049359,9.781733369802705,20.369409596837876,AN81
18001,18,001,Adams,2020,6,30,75.50373902998575,22.397923163793926,16.499265662419425,28.29668021657899,AN81
18001,18,001,Adams,2020,7,31,90.4828742708696,24.65391222919852,18.848675233465475,30.459246697076054,AN81
18001,18,001,Adams,2020,8,31,57.05161369341006,21.941855551147363,15.816133817420354,28.067680670503616,AN81
18001,18,001,Adams,2020,9,30,81.22064026776945,17.492822269181488,11.069315106144867,23.916428981079584,AN81
18001,18,001,Adams,2020,10,31,120.69317240112234,10.804280575193008,4.919556736864678,16.689101943220532,AN81
18001,18,001,Adams,2020,11,30,74.98541170698819,7.082687968525609,1.6236008888000495,12.541866792529788,AN81
18001,18,001,Adams,2020,12,31,28.51533786553668,-0.09986355986333495,-3.8158995076346036,3.6161007598551596,"AN81,AN91"
18001,18,001,Adams,2021,1,31,47.85567820784566,-1.6272822001059788,-4.274306788399568,1.002735644276698,AN91
18001,18,001,Adams,2021,2,28,41.318067691073104,-6.192235468246866,-10.563383180603353,-1.7440525574958647,AN91
18001,18,001,Adams,2021,3,31,71.47941458244667,5.933341119666403,-0.5942887360713168,12.553334899760072,AN91
18001,18,001,Adams,2021,4,30,82.42263793834512,10.335717087924401,4.173186303312604,16.542661710229098,AN91
18001,18,001,Adams,2021,5,31,103.55532631979248,15.036135114706056,9.393199082752584,20.764776825676474,AN91
18001,18,001,Adams,2021,6,30,105.35007534398667,22.760256488207467,17.676061203994312,27.770735530895738,AN91
18001,18,001,Adams,2021,7,31,122.19785347732692,22.717546926576393,17.64686664401067,27.788368937888766,AN91
18001,18,001,Adams,2021,8,31,81.22281206513114,23.43689209362133,17.86663080137408,29.007293416950596,AN91
18001,18,001,Adams,2021,9,30,100.95777834924948,19.458974231749785,13.070462766104932,25.847631279126663,AN91
18001,18,001,Adams,2021,10,31,181.71263591464927,14.987885157336116,10.125623043413107,19.85028940407481,AN91
18001,18,001,Adams,2021,11,30,25.673770594396757,4.083308277567707,-0.8283675277264474,8.995074211223058,AN91
18001,18,001,Adams,2021,12,31,103.12003405358297,3.547625552036327,-1.0249224615804873,8.120259694824663,AN91
18003,18,003,Allen,2020,1,31,95.61236906892931,-0.04982024376402009,-3.272341955643,3.1728195137802984,AN81
18003,18,003,Allen,2020,2,29,49.24922047891756,-1.4982932255535997,-5.591849418952023,2.595233623615246,AN81
18003,18,003,Allen,2020,3,31,97.0811274568237,5.07207826055852,0.40015905756705566,9.744080358255015,AN81
18003,18,003,Allen,2020,4,30,58.591582157564694,7.870087312972163,2.1428539572664564,13.597409785955767,AN81
18003,18,003,Allen,2020,5,31,109.7059565473692,14.575449064208504,9.155885745983063,19.995112602636627,AN81
18003,18,003,Allen,2020,6,30,49.252511282152994,22.137021471968943,16.007280265433927,28.26686296572272,AN81
18003,18,003,Allen,2020,7,31,83.49559683189541,24.67276894815951,18.807667852084922,30.53796862209211,AN81
18003,18,003,Allen,2020,8,31,81.67400530354773,21.789031956009765,15.588135895875936,27.990027563815953,AN81
18003,18,003,Allen,2020,9,30,49.94383391338191,16.93935134392392,10.54462693132613,23.334177259839226,AN81
18003,18,003,Allen,2020,10,31,88.80761024219194,10.093787581625879,4.2608579197528975,15.926818570922363,AN81
18003,18,003,Allen,2020,11,30,79.16310675074732,6.33372873947832,0.8346426735046745,11.832901779730854,AN81
18003,18,003,Allen,2020,12,31,28.392493138997185,-0.5136892174810079,-4.265368847826674,3.2362267441853123,"AN81,AN91"
18003,18,003,Allen,2021,1,31,46.845628262042986,-1.7106650970718813,-4.380041725243278,0.8365661928113742,AN91
18003,18,003,Allen,2021,2,28,32.612082689719415,-6.63901393470502,-11.138113861887021,-2.140990134004597,AN91
18003,18,003,Allen,2021,3,31,72.84909542346492,5.4939540446413675,-1.117166772457607,12.11248139200791,AN91
18003,18,003,Allen,2021,4,30,70.13975232369594,9.77467803360532,3.585263353808666,15.886842579593887,AN91
18003,18,003,Allen,2021,5,31,116.86367608726816,14.706246253331964,9.041957185715185,20.377422413822938,AN91
18003,18,003,Allen,2021,6,30,133.36919948657084,22.591321125889014,17.543496137132234,27.694338334851224,AN91
18003,18,003,Allen,2021,7,31,142.98394623620942,22.530982289916512,17.53127392465564,27.53083482411707,AN91
18003,18,003,Allen,2021,8,31,104.06300151945271,23.267623026455308,17.734498565848828,28.80089045919331,AN91
18003,18,003,Allen,2021,9,30,108.70031929048754,19.332217146219772,12.938329457662073,25.726247085375846,AN91
18003,18,003,Allen,2021,10,31,202.15162023966465,14.49901872553688,9.568775455305571,19.4294010152851,AN91
18003,18,003,Allen,2021,11,30,28.766691318103383,3.7393668719843336,-1.1916018464806124,8.670416321706343,AN91
18003,18,003,Allen,2021,12,31,101.34356269675939,2.952348983808623,-1.445568629291079,7.350348574259792,AN91
18005,18,005,Bartholomew,2020,1,31,133.23931024958628,2.0634383260129194,-1.8598849075227717,5.987230900055169,AN81
18005,18,005,Bartholomew,2020,2,29,78.44640371607217,1.3871412042815359,-3.324073221494287,6.098373909727601,AN81
18005,18,005,Bartholomew,2020,3,31,142.1151365553414,8.271696053083668,3.218279260588013,13.325210821137228,AN81
18005,18,005,Bartholomew,2020,4,30,73.29171505253852,9.987826487252535,4.176286608677129,15.799468264432242,AN81
18005,18,005,Bartholomew,2020,5,31,151.5472986220256,16.002858235095392,10.696078347602825,21.30973794966234,AN81
18005,18,005,Bartholomew,2020,6,30,95.10863133416451,23.05519264019203,16.99551654447599,29.114967819979903,AN81
18005,18,005,Bartholomew,2020,7,31,157.9074510837648,25.197168411105395,19.437148519805504,30.95728802040976,AN81
18005,18,005,Bartholomew,2020,8,31,113.18675550173579,22.79065481886878,17.316130700453005,28.265278842081038,AN81
18005,18,005,Bartholomew,2020,9,30,17.551804487804244,18.646438386135603,11.686731368505361,25.606245138187475,AN81
18005,18,005,Bartholomew,2020,10,31,144.66291620163403,12.069075147130214,5.666301805172624,18.47194613271551,AN81
18005,18,005,Bartholomew,2020,11,30,88.99996232014233,8.370291440210256,2.283444176832826,14.457234651448642,AN81
18005,18,005,Bartholomew,2020,12,31,39.77287285333933,1.173322093384027,-3.436104505233496,5.7825272225846005,"AN81,AN91"
18005,18,005,Bartholomew,2021,1,31,81.4806350780797,-0.1549991356842689,-3.593516649951045,3.225055045497389,AN91
18005,18,005,Bartholomew,2021,2,28,87.92954678827924,-2.9615952207442433,-7.659458576694173,1.463123090187016,AN91
18005,18,005,Bartholomew,2021,3,31,91.61773598296477,7.893074046552857,1.0361287478489771,14.658519068497185,AN91
18005,18,005,Bartholomew,2021,4,30,71.2595503979494,11.69936152214839,5.168126362264982,18.237982987806273,AN91
18005,18,005,Bartholomew,2021,5,31,116.46835536224515,16.090577665841796,10.08839871479628,22.270914616909305,AN91
18005,18,005,Bartholomew,2021,6,30,222.79062408094063,23.128989363415073,17.942517348329662,28.385186607062952,AN91
18005,18,005,Bartholomew,2021,7,31,181.84983813430847,23.344575876976272,18.146916644418155,28.54237454330961,AN91
18005,18,005,Bartholomew,2021,8,31,71.30049909066935,24.71285160589844,19.180059811896566,30.24578423088878,AN91
18005,18,005,Bartholomew,2021,9,30,162.6666630559503,20.51766009764897,14.218358571950391,26.81710629752562,AN91
18005,18,005,Bartholomew,2021,10,31,85.27417076061906,15.96442847793028,10.582473310000424,21.34652325884347,AN91
18005,18,005,Bartholomew,2021,11,30,47.61999835372497,4.631028762785537,-1.554454504302169,10.816610161334673,AN91
18005,18,005,Bartholomew,2021,12,31,128.02787956837622,6.084599880415651,0.36415604141722674,11.805134752912654,AN91
18007,18,007,Benton,2020,1,31,97.70367359639802,-0.30760752234055416,-3.7341974361182655,3.1189270204468755,AN81
18007,18,007,Benton,2020,2,29,52.619726603583885,-1.5549598454026807,-5.878207490525059,2.7682541529802083,AN81
18007,18,007,Benton,2020,3,31,79.78902668797942,5.58029323650009,0.7628879047662235,10.397777047950573,AN81
18007,18,007,Benton,2020,4,30,88.72052202754024,8.596705775228719,2.130492522782869,15.063015525462456,AN81
18007,18,007,Benton,2020,5,31,96.21518245541131,15.530739552362043,10.133913452239431,20.927668897001265,AN81
18007,18,007,Benton,2020,6,30,150.80615309838842,22.676989322967135,16.454438455644826,28.89963855172579,AN81
18007,18,007,Benton,2020,7,31,113.89624057190575,24.093739501884528,18.39637100733823,29.791209510832616,AN81
18007,18,007,Benton,2020,8,31,61.901609851132676,21.575782983626656,15.274323334008846,27.87733878150664,AN81
18007,18,007,Benton,2020,9,30,44.72457794395597,17.67382482476201,10.800098942611042,24.5476514263028,AN81
18007,18,007,Benton,2020,10,31,39.88179128587891,10.730030366779664,4.213807669532361,17.246355284826315,AN81
18007,18,007,Benton,2020,11,30,57.891808282013486,7.046739569523954,1.296063375763794,12.79750347826026,AN81
18007,18,007,Benton,2020,12,31,41.92309545523571,-0.2946534502298215,-4.816136291519675,4.227551459867881,"AN81,AN91"
18007,18,007,Benton,2021,1,31,59.80677006295429,-2.160514054322702,-5.352237048804562,1.0870053921182228,AN91
18007,18,007,Benton,2021,2,28,26.42416292630627,-7.20928239189035,-12.278287488791978,-2.1844600464114374,AN91
18007,18,007,Benton,2021,3,31,100.26759331480062,6.481448073244303,0.011921260150841528,12.809676582348418,AN91
18007,18,007,Benton,2021,4,30,66.58499241855108,10.981493072055974,4.363949839162235,17.432487268048586,AN91
18007,18,007,Benton,2021,5,31,136.84394073815247,15.753648098674985,9.898835097217145,21.438103139663845,AN91
18007,18,007,Benton,2021,6,30,167.7777871345254,23.30230386721579,17.671470429137454,28.791337320109125,AN91
18007,18,007,Benton,2021,7,31,106.15095046507138,22.67174165389572,17.56810225051322,27.775521642449426,AN91
18007,18,007,Benton,2021,8,31,60.48043585702169,23.703151772956527,17.869828613178655,29.536616402115122,AN91
18007,18,007,Benton,2021,9,30,62.7257017493135,20.245588974349626,13.309568610898257,27.181751177950005,AN91
18007,18,007,Benton,2021,10,31,185.7152429421867,14.801629733825504,9.881153709904067,19.72224858316178,AN91
18007,18,007,Benton,2021,11,30,29.641932470529344,3.405873783325202,-2.0018874944461915,8.813691626796604,AN91
18007,18,007,Benton,2021,12,31,68.2839529362573,3.166229811278626,-1.6664831407322194,7.999016929352053,AN91
18009,18,009,Blackford,2020,1,31,114.07736447093305,0.37074559979130645,-2.9950067070096575,3.736509650339836,AN81
18009,18,009,Blackford,2020,2,29,94.35358197537754,-0.9895232728784532,-5.105913936522982,3.126850547213036,AN81
18009,18,009,Blackford,2020,3,31,138.38760017788962,5.7965430642097315,1.302721417833099,10.290441505483743,AN81
18009,18,009,Blackford,2020,4,30,50.356917341806245,8.903805182079578,3.1008378986834466,14.70687052829586,AN81
18009,18,009,Blackford,2020,5,31,99.21453591662848,15.423846657034554,10.277646548901767,20.57014682581316,AN81
18009,18,009,Blackford,2020,6,30,69.99528103655493,22.484158819115134,16.855741667698496,28.112673655348495,AN81
18009,18,009,Blackford,2020,7,31,112.35039408771289,24.369591819039886,18.90088038158374,29.83839977488472,AN81
18009,18,009,Blackford,2020,8,31,46.055896286329016,21.853956407939883,15.851606618195637,27.85640688913072,AN81
18009,18,009,Blackford,2020,9,30,75.53082848756065,17.73888220247508,11.262301591031086,24.215556267419785,AN81
18009,18,009,Blackford,2020,10,31,135.43685678185648,11.072385542451228,5.144762416276172,17.00010998070841,AN81
18009,18,009,Blackford,2020,11,30,79.12237050958954,7.49257589845829,2.095685624512563,12.889557702455772,AN81
18009,18,009,Blackford,2020,12,31,29.338687001493344,1.1217642270848259e-05,-3.888144637595571,3.8910062548637727,"AN81,AN91"
18009,18,009,Blackford,2021,1,31,45.65047442178939,-1.4680567195476515,-4.3021808319513735,1.295301338976978,AN91
18009,18,009,Blackford,2021,2,28,40.150344070448554,-5.723346792448508,-10.295073777731298,-1.302065478241353,AN91
18009,18,009,Blackford,2021,3,31,69.31350751592625,6.505046432772265,0.03686517681112598,12.837741492395137,AN91
18009,18,009,Blackford,2021,4,30,74.54578726433238,10.804247536976037,4.7916692626271224,16.742262397458124,AN91
18009,18,009,Blackford,2021,5,31,114.71948328507008,15.208264920699479,9.615187227774566,20.850751108814602,AN91
18009,18,009,Blackford,2021,6,30,89.52841433527594,22.825895636194172,17.817364899730986,27.777068672499556,AN91
18009,18,009,Blackford,2021,7,31,102.4599669691779,22.597669398462095,17.612714325632314,27.5827665091115,AN91
18009,18,009,Blackford,2021,8,31,91.40599345240437,23.637300697476093,18.00437341404432,29.270372491741178,AN91
18009,18,009,Blackford,2021,9,30,109.53489108309027,19.81278194812938,13.6855945293172,25.940114849152923,AN91
18009,18,009,Blackford,2021,10,31,181.96062386429284,15.319768885434353,10.54130056803358,20.09837660981665,AN91
18009,18,009,Blackford,2021,11,30,29.553379711930972,4.229967317291656,-0.7408968305460237,9.20091820646933,AN91
18009,18,009,Blackford,2021,12,31,114.55105786207461,4.028282099220059,-0.8080506021805621,8.864698554855488,AN91
18011,18,011,Boone,2020,1,31,106.65332914744522,0.6789081719182585,-2.940060566836731,4.298013883065302,AN81
18011,18,011,Boone,2020,2,29,87.7456346954957,-0.869158025400579,-5.253594026170787,3.5152668962302402,AN81
18011,18,011,Boone,2020,3,31,110.38609008377668,6.356295596339131,1.7257850215460064,10.98689155059123,AN81
18011,18,011,Boone,2020,4,30,52.54709069813281,9.064738177643116,3.0747494380876086,15.05482483022961,AN81
18011,18,011,Boone,2020,5,31,116.81005773252598,15.386562762978299,10.30695979330626,20.46626681565284,AN81
18011,18,011,Boone,2020,6,30,98.24034103497573,22.36195025259075,16.613625423585933,28.110373760313173,AN81
18011,18,011,Boone,2020,7,31,161.6057790013401,24.13175462841697,18.785296819745913,29.47831213972688,AN81
18011,18,011,Boone,2020,8,31,54.026471135612795,21.663970266774367,15.929628940069755,27.39841186428463,AN81
18011,18,011,Boone,2020,9,30,8.376906251354296,17.87868973750555,11.267046600614675,24.49043546443249,AN81
18011,18,011,Boone,2020,10,31,126.59318244496708,11.407957776465219,5.289683780189673,17.52633174567334,AN81
18011,18,011,Boone,2020,11,30,71.58274721366264,7.6121103159157,2.201863930953594,13.022448931220078,AN81
18011,18,011,Boone,2020,12,31,45.960984822826696,0.04813033291329695,-4.1124236196799835,4.2180031483039215,"AN81,AN91"
18011,18,011,Boone,2021,1,31,47.96350772997539,-1.5933980374054326,-4.657998099497296,1.5887447611962193,AN91
18011,18,011,Boone,2021,2,28,46.23979902319357,-5.685543159783182,-9.925422922910261,-1.0684054982025206,AN91
18011,18,011,Boone,2021,3,31,114.45969504772452,6.868329399065224,0.812351470846082,13.112066584260225,AN91
18011,18,011,Boone,2021,4,30,63.04195028062734,11.039863491982992,5.24631557608795,16.848072906607857,AN91
18011,18,011,Boone,2021,5,31,85.2826588700018,15.412697197168752,9.87486676841305,20.956871441231353,AN91
18011,18,011,Boone,2021,6,30,135.755160892192,22.777072825609107,17.642466326732414,28.07511510945635,AN91
18011,18,011,Boone,2021,7,31,127.82033723243073,22.563759685888815,17.582125728835532,27.54553747283576,AN91
18011,18,011,Boone,2021,8,31,43.17632436595623,23.43407873356429,17.726926440100886,29.14137421969861,AN91
18011,18,011,Boone,2021,9,30,112.03321558015999,19.92259245763131,13.511434692681428,26.333891683645287,AN91
18011,18,011,Boone,2021,10,31,209.16736633775326,14.876621287302774,9.870281235957348,19.883104490635123,AN91
18011,18,011,Boone,2021,11,30,31.946395749327678,3.488066642299169,-1.9638043719310538,8.940008144418748,AN91
18011,18,011,Boone,2021,12,31,112.9691141469519,4.291411861462846,-0.7350559426937983,9.317968801991913,AN91
18013,18,013,Brown,2020,1,31,149.07217639399298,1.754240602310083,-2.2084165784362555,5.717181470665667,AN81
18013,18,013,Brown,2020,2,29,86.58379427566165,1.1560609262983095,-3.5600869525115537,5.87222628275414,AN81
18013,18,013,Brown,2020,3,31,162.24983213735325,8.148072229621944,3.229011392101977,13.067226516315468,AN81
18013,18,013,Brown,2020,4,30,73.1339828176996,10.069797345094624,4.208480945130902,15.931211324248881,AN81
18013,18,013,Brown,2020,5,31,167.4889406026055,16.016052247768624,10.657654299805825,21.374548504736822,AN81
18013,18,013,Brown,2020,6,30,62.98075285611774,23.085286261113353,17.076735253336683,29.093935428413207,AN81
18013,18,013,Brown,2020,7,31,171.44817171295045,25.148225002241443,19.43004919860052,30.86650109041123,AN81
18013,18,013,Brown,2020,8,31,79.66767850828424,22.791040872846317,17.313416599301362,28.26876473164693,AN81
18013,18,013,Brown,2020,9,30,11.665805163124658,18.795547877804225,12.111975181346446,25.479222083488562,AN81
18013,18,013,Brown,2020,10,31,142.26896298898316,12.178085358175041,5.980216964734256,18.376054402278623,AN81
18013,18,013,Brown,2020,11,30,95.17329969892866,8.445213648369108,2.614982836284741,14.27553452930845,AN81
18013,18,013,Brown,2020,12,31,49.71312513298422,1.188023106485493,-3.3066631668025668,5.684458352698171,"AN81,AN91"
18013,18,013,Brown,2021,1,31,74.97705649513378,-0.32002101804728256,-3.7299127200529116,3.1012339484306497,AN91
18013,18,013,Brown,2021,2,28,90.47938377941246,-3.1838001202618256,-7.810560214347965,1.3700065932246765,AN91
18013,18,013,Brown,2021,3,31,104.63744356441117,7.987344034362675,1.435002186587012,14.637082085001332,AN91
18013,18,013,Brown,2021,4,30,82.39031710511337,11.836473799085836,5.583563101702321,18.161069026029445,AN91
18013,18,013,Brown,2021,5,31,102.70411822231726,16.133098780756928,10.145934243208137,22.343958446545813,AN91
18013,18,013,Brown,2021,6,30,240.04688847384304,23.10252404292066,17.958624707730856,28.31062320173313,AN91
18013,18,013,Brown,2021,7,31,177.70357858937817,23.431315784087086,18.24984661496543,28.612928250616637,AN91
18013,18,013,Brown,2021,8,31,68.24124965680521,24.777689993407822,19.37257358731454,30.182947101901746,AN91
18013,18,013,Brown,2021,9,30,180.17456010086437,20.673263813259382,14.601627797962966,26.74504329975918,AN91
18013,18,013,Brown,2021,10,31,102.58531394548234,15.875324483234222,10.78911543374896,20.961674851672562,AN91
18013,18,013,Brown,2021,11,30,43.74435461868485,4.6659709375129435,-1.2750085878047277,10.607054760168342,AN91
18013,18,013,Brown,2021,12,31,134.31876711808772,6.08854735851271,0.6351306046045756,11.542059073478683,AN91
18015,18,015,Carroll,2020,1,31,100.51074324382789,0.2696145988561014,-3.171344440513248,3.7106728236409987,AN81
18015,18,015,Carroll,2020,2,29,52.536431609527604,-1.4589564807950608,-5.811234493720487,2.8932940287491804,AN81
18015,18,015,Carroll,2020,3,31,77.66415675708672,6.046245016273242,1.4287711997632768,10.663804371693518,AN81
18015,18,015,Carroll,2020,4,30,58.36208499403875,8.919921857182583,2.727855978349179,15.112090944503244,AN81
18015,18,015,Carroll,2020,5,31,98.21819919188029,15.69868114873154,10.494267433403596,20.903193704372665,AN81
18015,18,015,Carroll,2020,6,30,74.02952541362126,22.673449814580312,16.55166058244949,28.795339831620506,AN81
18015,18,015,Carroll,2020,7,31,72.31960072625036,24.38667915737411,18.767107065109734,30.00635132626434,AN81
18015,18,015,Carroll,2020,8,31,85.30225953252184,21.681496102741946,15.743340290278415,27.619753932977297,AN81
18015,18,015,Carroll,2020,9,30,60.00984361945183,17.812353416084193,11.342973147446726,24.281833874592703,AN81
18015,18,015,Carroll,2020,10,31,68.11697067149755,11.017848653016816,4.9186629590689135,17.11713041402838,AN81
18015,18,015,Carroll,2020,11,30,61.7787868594036,7.301056425577949,1.9157407259351655,12.68646748000194,AN81
18015,18,015,Carroll,2020,12,31,47.38798347931132,-0.07328276178851391,-4.131493207910826,3.9884497800239482,"AN81,AN91"
18015,18,015,Carroll,2021,1,31,55.73852212329206,-1.869704531003214,-4.752365703560951,1.0254521846574973,AN91
18015,18,015,Carroll,2021,2,28,28.180115861593528,-6.679864880263229,-11.341880113828298,-2.112217339042744,AN91
18015,18,015,Carroll,2021,3,31,103.00184813314647,6.709536862391363,0.5276630718714057,12.830927364496324,AN91
18015,18,015,Carroll,2021,4,30,74.27346294476116,10.947034509240174,5.030851827853612,16.7986039390411,AN91
18015,18,015,Carroll,2021,5,31,131.32194902780967,15.442725678994032,10.099507582625037,20.79570640371122,AN91
18015,18,015,Carroll,2021,6,30,127.34933971035186,23.068262535789867,17.741559706745534,28.316707670238703,AN91
18015,18,015,Carroll,2021,7,31,114.18227249411828,22.464834081225273,17.498377041021982,27.431435768997776,AN91
18015,18,015,Carroll,2021,8,31,45.02011835384567,23.540118663411516,17.81925387988015,29.261124395327187,AN91
18015,18,015,Carroll,2021,9,30,71.13955241730245,20.014884178974853,13.408117107546097,26.621793066849783,AN91
18015,18,015,Carroll,2021,10,31,236.75722832181702,14.788012342712214,9.964173821647778,19.61199247088321,AN91
18015,18,015,Carroll,2021,11,30,29.2700569262031,3.605933897589542,-1.4282539458995758,8.64019463957748,AN91
18015,18,015,Carroll,2021,12,31,78.83550919099191,3.693464793294672,-0.9415615489018928,8.328575713508355,AN91
18017,18,017,Cass,2020,1,31,98.61723004642116,-0.022247649859381453,-3.30617252674861,3.261652093428111,AN81
18017,18,017,Cass,2020,2,29,49.96507784210012,-1.6007091302355045,-5.751138795439936,2.549687400697762,AN81
18017,18,017,Cass,2020,3,31,82.6095982657726,5.324999227701609,0.6426788041642321,10.007399914686346,AN81
18017,18,017,Cass,2020,4,30,46.519089802235754,8.359579043549976,2.232720653933501,14.486533468303518,AN81
18017,18,017,Cass,2020,5,31,114.58789953244877,15.188231948563853,9.83110357581379,20.545461603905643,AN81
18017,18,017,Cass,2020,6,30,66.75833339649634,22.446329794230977,16.2528354450569,28.639926399717847,AN81
18017,18,017,Cass,2020,7,31,68.47082120116855,24.332598926683605,18.611170341120175,30.054127643844875,AN81
18017,18,017,Cass,2020,8,31,68.31392635322358,21.855306164722148,15.653676752706236,28.057033267352875,AN81
18017,18,017,Cass,2020,9,30,60.294019117967586,17.732262539100955,11.203781143147618,24.26084367309287,AN81
18017,18,017,Cass,2020,10,31,64.69130300892809,10.620110164836584,4.587189721956578,16.653128297786917,AN81
18017,18,017,Cass,2020,11,30,63.377793398342874,6.87867579955778,1.3740498823763903,12.383389192541303,AN81
18017,18,017,Cass,2020,12,31,47.14046419915046,-0.2655424227808261,-4.316020577027041,3.7847591514772043,"AN81,AN91"
18017,18,017,Cass,2021,1,31,53.91869700219868,-1.8877555906632977,-4.758821370470792,0.9372265132599904,AN91
18017,18,017,Cass,2021,2,28,28.17344171051938,-6.750557074947063,-11.559303389635891,-1.9400011553780783,AN91
18017,18,017,Cass,2021,3,31,109.86127157365817,6.183599469336972,-0.3079772921077342,12.449263549526774,AN91
18017,18,017,Cass,2021,4,30,79.75398088023381,10.361432574649683,4.078882601939502,16.412898673212464,AN91
18017,18,017,Cass,2021,5,31,132.3810063848417,15.101620591195218,9.350961561448308,20.651190062622728,AN91
18017,18,017,Cass,2021,6,30,117.15272311737668,22.780586411596378,17.45314265695697,28.134469240769352,AN91
18017,18,017,Cass,2021,7,31,90.48593667837703,22.443599750421026,17.473389819257054,27.413951730316075,AN91
18017,18,017,Cass,2021,8,31,57.25484952917455,23.54620158544257,17.870232904173346,29.22231229806839,AN91
18017,18,017,Cass,2021,9,30,75.77411647567179,19.913337972863875,13.447649678822334,26.379168526018642,AN91
18017,18,017,Cass,2021,10,31,211.216782539754,14.64654421342734,9.920602584536708,19.372623270635312,AN91
18017,18,017,Cass,2021,11,30,31.142506520600673,3.5834466816635424,-1.373755863292824,8.540727219095029,AN91
18017,18,017,Cass,2021,12,31,86.19817315248888,3.279170165606907,-1.347262268448903,7.905688307734465,AN91
18019,18,019,Clark,2020,1,31,116.56392077937903,3.5479730518652812,-0.8512832502360783,7.947932410587738,AN81
18019,18,019,Clark,2020,2,29,98.16625128849792,2.7604567281591224,-2.0927352155923757,7.613686432073052,AN81
18019,18,019,Clark,2020,3,31,165.90197539196782,9.653948564625514,4.2162375054347425,15.091754339457022,AN81
18019,18,019,Clark,2020,4,30,102.92042650366638,11.142362669560168,5.3973674653161705,16.887458898716996,AN81
18019,18,019,Clark,2020,5,31,167.4415641897767,16.637628552320354,11.379077097954879,21.89627937227899,AN81
18019,18,019,Clark,2020,6,30,131.37382955656696,23.30268916045675,17.718448423610425,28.88702971889874,AN81
18019,18,019,Clark,2020,7,31,174.29441382306896,26.097466229037767,20.58780909067929,31.60722237807211,AN81
18019,18,019,Clark,2020,8,31,144.22388224118987,23.213506418184835,18.145928791938214,28.281184578310977,AN81
18019,18,019,Clark,2020,9,30,59.90540289479964,19.31050241969717,13.194992822978604,25.426109815348934,AN81
18019,18,019,Clark,2020,10,31,159.47929194369794,12.971432903002384,6.895145444910333,19.047822955362175,AN81
18019,18,019,Clark,2020,11,30,82.07243301718816,9.165393516165132,3.0241873981969536,15.306702643666306,AN81
18019,18,019,Clark,2020,12,31,66.71116672704433,2.206374729805025,-2.289032611670104,6.698942175504666,"AN81,AN91"
18019,18,019,Clark,2021,1,31,91.64256803989318,0.8421106099572533,-2.982873457868093,4.52350517287643,AN91
18019,18,019,Clark,2021,2,28,107.71339712555394,-1.1485258447271975,-5.5664438710412885,3.043665294818966,AN91
18019,18,019,Clark,2021,3,31,102.27481619514285,9.11275231762794,2.2959698641313833,15.77808740568892,AN91
18019,18,019,Clark,2021,4,30,100.02998497940494,12.33833741307595,5.902839113890262,18.37624928591047,AN91
18019,18,019,Clark,2021,5,31,56.50584033974413,16.882142699545547,10.540025765090826,22.847592543534756,AN91
18019,18,019,Clark,2021,6,30,116.87964925235914,23.371526417113543,18.117637257805317,28.501131844777607,AN91
18019,18,019,Clark,2021,7,31,179.21104503961442,23.9213187604172,18.766064684034685,29.076716078555524,AN91
18019,18,019,Clark,2021,8,31,129.07870631791994,24.976181848515903,19.621429904194688,30.33107638424266,AN91
18019,18,019,Clark,2021,9,30,126.96339547723484,20.638944616956483,14.702050887290294,26.575981096934484,AN91
18019,18,019,Clark,2021,10,31,125.68092905443208,16.290693599398043,10.886136351938353,21.695390831813928,AN91
18019,18,019,Clark,2021,11,30,40.00553927960639,5.328834832042105,-0.8524684218058635,11.510243197705579,AN91
18019,18,019,Clark,2021,12,31,106.79027754722217,7.729959328666683,1.98558903525757,13.474437729587462,AN91
18021,18,021,Clay,2020,1,31,147.3890566609686,1.498437078523824,-2.351910003890927,5.349043787399265,AN81
18021,18,021,Clay,2020,2,29,81.44303702916937,0.9510313135473747,-3.6283346006348127,5.5304076533396564,AN81
18021,18,021,Clay,2020,3,31,120.6550068897156,7.692510797902509,2.7389662401958152,12.646147484739421,AN81
18021,18,021,Clay,2020,4,30,55.40761805200985,10.083702352391077,4.228846430379474,15.93865423559202,AN81
18021,18,021,Clay,2020,5,31,153.0447211049463,16.168352880407515,10.824625249446841,21.512182689287226,AN81
18021,18,021,Clay,2020,6,30,83.58411778720057,23.13596594009681,17.121096308583148,29.1509331361879,AN81
18021,18,021,Clay,2020,7,31,160.51401509419225,24.93559456944283,19.36970070036087,30.501590849772505,AN81
18021,18,021,Clay,2020,8,31,52.896567439034285,22.65554787965941,17.005274506973905,28.305922890392726,AN81
18021,18,021,Clay,2020,9,30,6.761997529793831,18.79394985417639,12.083620168978229,25.50437871727496,AN81
18021,18,021,Clay,2020,10,31,118.58161344900044,12.164614915939323,5.730735643123997,18.59859487444341,AN81
18021,18,021,Clay,2020,11,30,107.77144807360052,8.049940450676838,2.0753215176239292,14.024652607219869,AN81
18021,18,021,Clay,2020,12,31,66.06347044237872,1.0607353002982884,-3.5664580278002296,5.690843631887433,"AN81,AN91"
18021,18,021,Clay,2021,1,31,62.84702678506796,-0.6701118068987716,-4.245494797318051,2.9653478685442938,AN91
18021,18,021,Clay,2021,2,28,66.98793622772236,-3.992959274845647,-8.718699919424788,0.7271529572572497,AN91
18021,18,021,Clay,2021,3,31,115.85648747773668,8.106669562008777,1.74580515701353,14.447249574644797,AN91
18021,18,021,Clay,2021,4,30,70.75441029961151,11.93536673715738,6.01018325017318,17.85109687241354,AN91
18021,18,021,Clay,2021,5,31,105.4563423741987,16.20514245342387,10.35986567466468,22.013676050133437,AN91
18021,18,021,Clay,2021,6,30,239.2537841639126,23.340057165030757,18.13523390861929,28.52493198395488,AN91
18021,18,021,Clay,2021,7,31,138.2727922313944,23.4868372962414,18.45894027586984,28.514877254353518,AN91
18021,18,021,Clay,2021,8,31,52.939587781097174,24.50762010751634,19.04469899413593,29.970679144668875,AN91
18021,18,021,Clay,2021,9,30,79.74543050109723,20.68907611536912,14.268182779076286,27.110115638571852,AN91
18021,18,021,Clay,2021,10,31,128.26972905822532,15.722758866655964,10.519183947245704,20.926473221524546,AN91
18021,18,021,Clay,2021,11,30,43.48015777259375,4.316995789002476,-1.5467728622873467,10.18085658666464,AN91
18021,18,021,Clay,2021,12,31,113.72237452403344,5.62558298529412,0.4424708746928615,10.808780384808285,AN91
18023,18,023,Clinton,2020,1,31,100.49780724222221,0.7090656125047494,-2.7719520929284496,4.190321446298556,AN81
18023,18,023,Clinton,2020,2,29,75.29060494550015,-1.246702574659814,-5.623495261469424,3.130067499598161,AN81
18023,18,023,Clinton,2020,3,31,91.48520107670838,6.287735742748346,1.619652154406423,10.95590963442371,AN81
18023,18,023,Clinton,2020,4,30,64.66655568441024,9.12544064016544,2.927063155710605,15.323916205366995,AN81
18023,18,023,Clinton,2020,5,31,131.98283812433328,15.808242590506179,10.597654999466705,21.018931895767505,AN81
18023,18,023,Clinton,2020,6,30,98.12953410772667,22.862473057546087,16.816563291099698,28.90848353768266,AN81
18023,18,023,Clinton,2020,7,31,98.62157490929206,24.470874757173455,18.874394628171068,30.067459050402018,AN81
18023,18,023,Clinton,2020,8,31,68.20400372026758,21.63023542683342,15.587800562033484,27.672773295861546,AN81
18023,18,023,Clinton,2020,9,30,50.04671131098586,17.807771198988807,11.23733697394173,24.378305192791583,AN81
18023,18,023,Clinton,2020,10,31,108.08475850246043,11.368326842125942,5.1072471609407115,17.629504944280686,AN81
18023,18,023,Clinton,2020,11,30,61.28207754637239,7.559773398326955,2.068577548423012,13.051061481940087,AN81
18023,18,023,Clinton,2020,12,31,47.37630342665208,-0.08119661441075435,-4.237594714357774,4.085157040376481,"AN81,AN91"
18023,18,023,Clinton,2021,1,31,50.19920819139944,-1.7531421994614593,-4.764139598593093,1.2820318452362771,AN91
18023,18,023,Clinton,2021,2,28,38.702670596904625,-6.29326118362871,-10.838988031607924,-1.7968322265474057,AN91
18023,18,023,Clinton,2021,3,31,107.93203221966661,6.677373100324029,0.4134472414433516,12.817551893854302,AN91
18023,18,023,Clinton,2021,4,30,73.45039998338005,11.02724509736283,5.0586837694710445,16.812153280275112,AN91
18023,18,023,Clinton,2021,5,31,101.40039873420189,15.466214774378022,9.90562018896885,20.720905867176853,AN91
18023,18,023,Clinton,2021,6,30,145.1796029578337,22.90691193966064,17.622202682878324,28.22622102592464,AN91
18023,18,023,Clinton,2021,7,31,130.07460901343185,22.49637897311087,17.454969482852658,27.537931193603985,AN91
18023,18,023,Clinton,2021,8,31,66.81040396085355,23.47196154509154,17.620510129868183,29.32355466206868,AN91
18023,18,023,Clinton,2021,9,30,99.74471012145635,19.90395459960403,13.334376360103114,26.473676855045664,AN91
18023,18,023,Clinton,2021,10,31,213.61093783792535,14.83183634416317,9.846151939394112,19.817661051755564,AN91
18023,18,023,Clinton,2021,11,30,29.9555784652413,3.5211931609786626,-1.8560561557432584,8.89851296532282,AN91
18023,18,023,Clinton,2021,12,31,99.4019908555652,4.049263157601812,-0.8580079080178568,8.956619765472356,AN91
18025,18,025,Crawford,2020,1,31,136.26185079244394,3.164539917959534,-1.6008854450132928,7.930536579452392,AN81
18025,18,025,Crawford,2020,2,29,108.32988785741627,2.818632871240166,-2.6279981600966185,8.265308331719991,AN81
18025,18,025,Crawford,2020,3,31,163.98590459974773,9.567781347431024,3.685072112824041,15.450578384669534,AN81
18025,18,025,Crawford,2020,4,30,98.93888580646205,10.751358307913987,3.8646950459144622,17.638122897779034,AN81
18025,18,025,Crawford,2020,5,31,127.37915238081351,16.56721526416811,10.449555257717561,22.684974305374944,AN81
18025,18,025,Crawford,2020,6,30,91.162465340296,22.877650634346864,16.27438491250376,29.48101782978215,AN81
18025,18,025,Crawford,2020,7,31,193.4631597203482,25.422401067735006,19.27851464936875,31.56638606282479,AN81
18025,18,025,Crawford,2020,8,31,147.32502848343466,23.14230591967972,17.337714207664117,28.946999487677385,AN81
18025,18,025,Crawford,2020,9,30,66.4668007196362,19.408023203751295,12.793315097400626,26.02282741556123,AN81
18025,18,025,Crawford,2020,10,31,158.7091286985534,12.983029156013442,6.394334746751969,19.57182297570011,AN81
18025,18,025,Crawford,2020,11,30,84.24161200134252,9.208445852491506,2.541164152030188,15.87582102844531,AN81
18025,18,025,Crawford,2020,12,31,67.15510662176364,2.447469639917509,-2.5839281176656583,7.476143027794732,"AN81,AN91"
18025,18,025,Crawford,2021,1,31,95.36389545352199,0.9116425886186286,-3.4283962243570967,5.226983222126657,AN91
18025,18,025,Crawford,2021,2,28,117.7502958863982,-1.661368547227374,-6.87725219113801,3.553415950595148,AN91
18025,18,025,Crawford,2021,3,31,102.09622514535393,9.2832699599685,2.1722369978876515,16.33035168349124,AN91
18025,18,025,Crawford,2021,4,30,118.78920915919542,12.04162373054509,4.891269051252654,19.464497976900375,AN91
18025,18,025,Crawford,2021,5,31,77.55350556982549,16.710126618086875,9.678743940019137,23.724791862170935,AN91
18025,18,025,Crawford,2021,6,30,120.91539282944885,23.01902143110003,16.800047227268013,29.219313473764096,AN91
18025,18,025,Crawford,2021,7,31,189.12828855623403,23.884907612359296,18.13496018460244,29.63499752642904,AN91
18025,18,025,Crawford,2021,8,31,101.07178342394108,24.82650156983073,19.0659139518775,30.58723008974014,AN91
18025,18,025,Crawford,2021,9,30,149.26309608613698,20.553296313929913,14.158373327141852,26.94836103461745,AN91
18025,18,025,Crawford,2021,10,31,127.70593240232014,16.34930685892647,10.537604080511517,22.161146862652544,AN91
18025,18,025,Crawford,2021,11,30,44.58913247834123,5.160047015696495,-1.7183411715515404,12.038541107342215,AN91
18025,18,025,Crawford,2021,12,31,125.95133826741565,7.807050788683966,1.8676383948751454,13.746571124783147,AN91
18027,18,027,Daviess,2020,1,31,154.85538667537398,2.4458373300640472,-1.5159173871521643,6.4080379434909895,AN81
18027,18,027,Daviess,2020,2,29,89.07983536654173,2.005201123559394,-2.7840631151104573,6.794501912857904,AN81
18027,18,027,Daviess,2020,3,31,161.77154370253174,8.724386390459204,3.615420881909701,13.833446869230311,AN81
18027,18,027,Daviess,2020,4,30,85.59325357141111,10.76501089384569,4.81507085355964,16.71504945109594,AN81
18027,18,027,Daviess,2020,5,31,118.78436164184436,16.847816342013157,11.442781733175169,22.252952726017146,AN81
18027,18,027,Daviess,2020,6,30,97.05273703185718,23.566896998276402,17.535612527152626,29.59828296788014,AN81
18027,18,027,Daviess,2020,7,31,199.33478655271722,25.674118291746023,19.82985761827073,31.518477392091828,AN81
18027,18,027,Daviess,2020,8,31,76.17524530747552,23.28981031865093,17.78143438687219,28.798284208927075,AN81
18027,18,027,Daviess,2020,9,30,15.42671535538519,19.361545329670648,12.894770190301525,25.82841749139813,AN81
18027,18,027,Daviess,2020,10,31,158.13570390967726,12.568073218342754,6.013427962534515,19.12281779400994,AN81
18027,18,027,Daviess,2020,11,30,108.85448804221662,8.832306009935788,2.7955497768333117,14.869151033103126,AN81
18027,18,027,Daviess,2020,12,31,67.62465356624394,1.96748161917406,-2.5930881221687048,6.530325665944898,"AN81,AN91"
18027,18,027,Daviess,2021,1,31,66.01534975335208,0.30391736148639503,-3.383024223772367,4.0254282583163175,AN91
18027,18,027,Daviess,2021,2,28,96.05479338181304,-2.9717766268584813,-7.556409581539242,1.5945253498111722,AN91
18027,18,027,Daviess,2021,3,31,94.50644957651346,9.133754720082846,2.7329917142690356,15.497506087398815,AN91
18027,18,027,Daviess,2021,4,30,99.54823208787363,12.59500434656544,6.383730039135669,18.814446879554264,AN91
18027,18,027,Daviess,2021,5,31,69.75695677162787,17.29317285773974,11.22424874460439,23.2879009722633,AN91
18027,18,027,Daviess,2021,6,30,152.90332044582945,23.810940074028256,18.537635800854662,29.201371242524665,AN91
18027,18,027,Daviess,2021,7,31,157.24246917822944,24.202442296537136,18.899801478609078,29.505225420945077,AN91
18027,18,027,Daviess,2021,8,31,92.31068417519252,25.113744225502813,19.62819181292437,30.599438040957992,AN91
18027,18,027,Daviess,2021,9,30,102.00701208105694,21.309835621976912,14.817911876719377,27.801903674237302,AN91
18027,18,027,Daviess,2021,10,31,114.65340955495627,16.790511845991404,11.112984284770155,22.46817746343287,AN91
18027,18,027,Daviess,2021,11,30,49.70473365603456,5.129304348793833,-0.8894157387727446,11.148132975760866,AN91
18027,18,027,Daviess,2021,12,31,132.50106451262232,7.23214299175668,1.8933836087080855,12.571005851153275,AN91
18029,18,029,Dearborn,2020,1,31,117.4540330760535,2.3021456220061407,-1.6642646917954733,6.26906909694294,AN81
18029,18,029,Dearborn,2020,2,29,86.19680547665168,1.2335417125134989,-3.7395232901693007,6.206624923376808,AN81
18029,18,029,Dearborn,2020,3,31,142.5075085395754,8.253877616592643,2.891698751444849,13.61615129585317,AN81
18029,18,029,Dearborn,2020,4,30,86.40743225108217,10.166247813715616,4.310052580144207,16.022543591270182,AN81
18029,18,029,Dearborn,2020,5,31,166.5710339457324,15.699773600485134,10.465896018270687,20.933751173441134,AN81
18029,18,029,Dearborn,2020,6,30,86.26752641471994,22.595132027099165,16.748705342553418,28.441660393704364,AN81
18029,18,029,Dearborn,2020,7,31,145.3911139781008,25.208602675176667,19.407170789553742,31.01013339990142,AN81
18029,18,029,Dearborn,2020,8,31,73.75828366116282,22.671402661956186,17.34676886462036,27.996140379016218,AN81
18029,18,029,Dearborn,2020,9,30,35.76851976454666,18.860002018367304,12.138021217158293,25.582084554879657,AN81
18029,18,029,Dearborn,2020,10,31,141.89178975679826,12.333520584720459,6.367195580170553,18.29994770591933,AN81
18029,18,029,Dearborn,2020,11,30,83.30663895614641,8.449739603527089,2.4291142297101795,14.47046691319711,AN81
18029,18,029,Dearborn,2020,12,31,50.6319579542946,1.2814571360758957,-3.079652504064461,5.642203571591481,"AN81,AN91"
18029,18,029,Dearborn,2021,1,31,70.05155736360213,0.021965430343103325,-3.1947285743568723,3.2527591629956185,AN91
18029,18,029,Dearborn,2021,2,28,82.07782604156677,-2.604360053637095,-6.87013241727197,1.9765884716448032,AN91
18029,18,029,Dearborn,2021,3,31,77.51861352017892,7.77445423769272,0.9820676721362773,14.76429824094324,AN91
18029,18,029,Dearborn,2021,4,30,83.9762906384802,11.320552942266907,5.0187868098065564,17.822089723129523,AN91
18029,18,029,Dearborn,2021,5,31,108.50128505119989,15.772105852175203,9.64756843741541,21.836374429520394,AN91
18029,18,029,Dearborn,2021,6,30,227.35419602465893,22.562110433668277,17.46979001098968,27.805464252545313,AN91
18029,18,029,Dearborn,2021,7,31,122.81296603463319,23.182592038695365,18.08338519063092,28.281942291272863,AN91
18029,18,029,Dearborn,2021,8,31,66.90474891705743,24.378776843488666,18.93286904132571,29.824823184875513,AN91
18029,18,029,Dearborn,2021,9,30,81.98819044503384,19.967483701415755,13.742416004609534,26.19269414952221,AN91
18029,18,029,Dearborn,2021,10,31,115.87611370121483,15.575153147264627,10.447805356718584,20.702642356533865,AN91
18029,18,029,Dearborn,2021,11,30,42.19379870605582,4.536681085976743,-1.5150020438948408,10.58846503901602,AN91
18029,18,029,Dearborn,2021,12,31,98.94870209844923,5.996857945571958,0.2811275301972247,11.712683808047371,AN91
18031,18,031,Decatur,2020,1,31,136.53514809179757,1.8263977708641705,-2.001252066227557,5.654465414584913,AN81
18031,18,031,Decatur,2020,2,29,76.08205067997596,0.9491462318750985,-3.8379918236390873,5.73629967932909,AN81
18031,18,031,Decatur,2020,3,31,151.77745996458708,7.861589241697033,2.8762858786996826,12.84698532125772,AN81
18031,18,031,Decatur,2020,4,30,69.22969656115929,9.915842457785041,4.194752668519774,15.63703132610525,AN81
18031,18,031,Decatur,2020,5,31,157.09399100727785,15.76497424860924,10.571280770030949,20.95876945498864,AN81
18031,18,031,Decatur,2020,6,30,86.70765978961535,22.712906000317844,16.84524632228254,28.58066407002642,AN81
18031,18,031,Decatur,2020,7,31,147.63715419981096,24.89225844620656,19.208288174258062,30.57632768520554,AN81
18031,18,031,Decatur,2020,8,31,136.8330219655004,22.448562847390175,17.05712912450595,27.840098276140832,AN81
18031,18,031,Decatur,2020,9,30,17.9225565767382,18.472906200017153,11.678680702767508,25.26723105769827,AN81
18031,18,031,Decatur,2020,10,31,146.03730130484206,11.957286120790727,5.864626532194513,18.050048891669157,AN81
18031,18,031,Decatur,2020,11,30,85.85694239874458,8.197574193236424,2.3561211797175274,14.039124603916822,AN81
18031,18,031,Decatur,2020,12,31,37.041622181361895,0.8940410748142961,-3.4301073456566695,5.216832280599483,"AN81,AN91"
18031,18,031,Decatur,2021,1,31,78.03393997296168,-0.37328208283387715,-3.5583966612767393,2.771560629758641,AN91
18031,18,031,Decatur,2021,2,28,78.80437647162472,-3.310310566151608,-7.662007521367622,1.1064539819656327,AN91
18031,18,031,Decatur,2021,3,31,88.83561972311472,7.591112196878479,0.941171467230787,14.189900081906806,AN91
18031,18,031,Decatur,2021,4,30,78.19053383065973,11.426128152649085,5.136802249681215,17.67236077331262,AN91
18031,18,031,Decatur,2021,5,31,129.95511802059926,15.89451318737711,9.847458256804815,21.79740338337709,AN91
18031,18,031,Decatur,2021,6,30,276.603572703234,22.90921778180917,17.806785790643854,28.10656712367165,AN91
18031,18,031,Decatur,2021,7,31,194.4041734832896,23.052198937506436,18.05389437311357,28.050649568516192,AN91
18031,18,031,Decatur,2021,8,31,73.69430301655179,24.269624429176254,18.91598853422349,29.623401495559623,AN91
18031,18,031,Decatur,2021,9,30,137.84913966481707,20.095359578858925,14.030905164694767,26.159957312539504,AN91
18031,18,031,Decatur,2021,10,31,96.93838415515808,15.629353208730821,10.542572814462883,20.716275306016012,AN91
18031,18,031,Decatur,2021,11,30,52.689242110107955,4.404991018989857,-1.5042223954007108,10.314304876153559,AN91
18031,18,031,Decatur,2021,12,31,131.68062491302877,5.699120287042689,0.18350793368368726,11.214818974692587,AN91
18033,18,033,DeKalb,2020,1,31,87.06019540615121,-0.39466955545174437,-3.557199506689203,2.767953527591366,AN81
18033,18,033,DeKalb,2020,2,29,47.7961006117235,-1.7025266602515312,-5.857391552495123,2.452308559479192,AN81
18033,18,033,DeKalb,2020,3,31,106.06620330426468,4.643985106990786,-0.12297792783749749,9.411026830130668,AN81
18033,18,033,DeKalb,2020,4,30,66.66562316027347,7.396294652204962,1.5998199234568726,13.192860440232378,AN81
18033,18,033,DeKalb,2020,5,31,108.92151279647133,14.14912975740619,8.640763575016281,19.657594573797486,AN81
18033,18,033,DeKalb,2020,6,30,48.91977133121924,21.852753721546925,15.446013350174082,28.25959156857559,AN81
18033,18,033,DeKalb,2020,7,31,45.20146078654308,24.498898920481587,18.383613233480837,30.614285195163326,AN81
18033,18,033,DeKalb,2020,8,31,77.10918069848555,21.72646212217005,15.302286119423522,28.150740540980067,AN81
18033,18,033,DeKalb,2020,9,30,45.61528514151327,16.75163546931731,10.059379322130326,23.443992792518415,AN81
18033,18,033,DeKalb,2020,10,31,63.69486242738305,9.915219876998444,3.9465670773946777,15.883975257659333,AN81
18033,18,033,DeKalb,2020,11,30,64.91768406630352,6.2766193087340865,0.7270413106335508,11.826279185412655,AN81
18033,18,033,DeKalb,2020,12,31,32.31121979361625,-0.48092061767855343,-4.33041193691559,3.3657512794589453,"AN81,AN91"
18033,18,033,DeKalb,2021,1,31,43.499410984183214,-2.0295125537141514,-4.73130511756909,0.5766833957520114,AN91
18033,18,033,DeKalb,2021,2,28,31.953338336632566,-6.437740516573391,-11.072759691552168,-1.8000135598502314,AN91
18033,18,033,DeKalb,2021,3,31,68.78491979683072,5.327493086606287,-1.5640897445969435,12.235525137731349,AN91
18033,18,033,DeKalb,2021,4,30,55.703051839850055,9.465265379224013,3.028568224683644,15.933939776996196,AN91
18033,18,033,DeKalb,2021,5,31,98.85371246185115,14.330698576150818,8.336456086547889,20.412089579575287,AN91
18033,18,033,DeKalb,2021,6,30,191.8146289285694,22.085179238469475,16.65564326591863,27.67113785790673,AN91
18033,18,033,DeKalb,2021,7,31,121.00567185830393,22.113643384458,16.841264307656665,27.38616624802932,AN91
18033,18,033,DeKalb,2021,8,31,126.83573342350921,22.862828725252243,16.978528117833548,28.74727296636989,AN91
18033,18,033,DeKalb,2021,9,30,110.23093693896946,18.8676708466053,12.341620085006591,25.39386588401545,AN91
18033,18,033,DeKalb,2021,10,31,199.73337914079565,14.033411456683286,9.05309403391076,19.0138670049133,AN91
18033,18,033,DeKalb,2021,11,30,30.923981500599034,3.4946650816582108,-1.4786733447508098,8.468086665008993,AN91
18033,18,033,DeKalb,2021,12,31,85.19761865699364,2.4235742501833424,-1.9972094370887992,6.844424381840784,AN91
18035,18,035,Delaware,2020,1,31,117.63921047404607,0.49373566291540766,-3.0500429114520804,4.037575301165834,AN81
18035,18,035,Delaware,2020,2,29,86.64591482720142,-0.5323064708839207,-4.7267626555977325,3.6621442144074274,AN81
18035,18,035,Delaware,2020,3,31,147.22666269775937,6.411341295074427,1.8296934015445188,10.9930751274911,AN81
18035,18,035,Delaware,2020,4,30,43.01576177487603,9.277464962984055,3.4798791559176405,15.075152426463122,AN81
18035,18,035,Delaware,2020,5,31,111.030552653609,15.710399157519518,10.577903069428496,20.84299200961456,AN81
18035,18,035,Delaware,2020,6,30,86.47733704603388,22.74844034328824,17.081551943349414,28.41543084759219,AN81
18035,18,035,Delaware,2020,7,31,89.00308247064709,24.597975482561495,19.0613941779447,30.134654461824695,AN81
18035,18,035,Delaware,2020,8,31,67.48757888024045,22.021890166029046,16.197220741940534,27.846662090071934,AN81
18035,18,035,Delaware,2020,9,30,41.79087283104544,18.233676303738267,11.711929487935583,24.75552221927414,AN81
18035,18,035,Delaware,2020,10,31,144.15421124581735,11.572748595442928,5.637090103386511,17.508506973007318,AN81
18035,18,035,Delaware,2020,11,30,82.30649819429766,7.865243935133325,2.5172055503892063,13.213376765677362,AN81
18035,18,035,Delaware,2020,12,31,30.649636860675045,0.43219887376891303,-3.470543160185304,4.338796855135288,"AN81,AN91"
18035,18,035,Delaware,2021,1,31,46.43847671724162,-0.9857286924973068,-3.8024976637779817,1.8181341304856673,AN91
18035,18,035,Delaware,2021,2,28,36.70221093764995,-5.112727763017733,-9.508514325465839,-0.8123396043380661,AN91
18035,18,035,Delaware,2021,3,31,77.44859403420078,6.882983409365404,0.4874993129087444,13.181752741536723,AN91
18035,18,035,Delaware,2021,4,30,69.27254874511317,11.275562765447473,5.15403343432153,17.025851659909595,AN91
18035,18,035,Delaware,2021,5,31,101.80501253449614,15.681299524297224,9.991303184525838,21.208409935981983,AN91
18035,18,035,Delaware,2021,6,30,120.91390449231722,23.332950065839672,18.2023190596306,28.172947854311563,AN91
18035,18,035,Delaware,2021,7,31,119.31856878524871,22.975020119801677,18.027355086478764,27.922829977968224,AN91
18035,18,035,Delaware,2021,8,31,108.1653971785348,24.08921269228549,18.595675577293964,29.582891790720947,AN91
18035,18,035,Delaware,2021,9,30,137.68722642178003,20.12091235712946,14.034596932803527,26.20737120697451,AN91
18035,18,035,Delaware,2021,10,31,174.33913160577833,15.623719279090391,10.740519783976412,20.507062614276002,AN91
18035,18,035,Delaware,2021,11,30,31.69778343264655,4.32902619876007,-0.7583051228098115,9.416451261026134,AN91
18035,18,035,Delaware,2021,12,31,127.50535143296564,4.509295591804393,-0.48625037295570206,9.504927363904509,AN91
18037,18,037,Dubois,2020,1,31,142.3901715664148,2.9593021558281496,-1.3759654537399035,7.295088085659395,AN81
18037,18,037,Dubois,2020,2,29,107.05965675839731,2.485377295049944,-2.5775447843374777,7.548339233272268,AN81
18037,18,037,Dubois,2020,3,31,163.56149369765728,9.368108054244564,4.00889935435729,14.727411384807851,AN81
18037,18,037,Dubois,2020,4,30,95.8634688391785,10.914533617609829,4.852755241064646,16.976410154513005,AN81
18037,18,037,Dubois,2020,5,31,125.43274593717035,16.84614373757985,11.342895569518882,22.349493682742402,AN81
18037,18,037,Dubois,2020,6,30,82.52679617979142,23.447378191321445,17.39371208637683,29.50114327291383,AN81
18037,18,037,Dubois,2020,7,31,168.4371052738211,25.738905246017723,19.979874471079043,31.498036048049368,AN81
18037,18,037,Dubois,2020,8,31,106.24016288956537,23.309886620045997,17.853556194497244,28.766317609420064,AN81
18037,18,037,Dubois,2020,9,30,56.236996924155115,19.631710004256114,13.288131505043598,25.975386198316542,AN81
18037,18,037,Dubois,2020,10,31,155.92193957524577,13.087353878369377,6.812532194511193,19.362275417499628,AN81
18037,18,037,Dubois,2020,11,30,87.01676803903264,9.281442264545866,3.013069098877593,15.549909648107892,AN81
18037,18,037,Dubois,2020,12,31,61.77726490172738,2.3263764761297856,-2.5033154721157915,7.156712334071163,"AN81,AN91"
18037,18,037,Dubois,2021,1,31,80.41899392042639,0.7814477945062674,-3.2422132836408926,4.784894787693146,AN91
18037,18,037,Dubois,2021,2,28,119.54301998562468,-2.1070237139297237,-6.988348405104259,2.765506758633992,AN91
18037,18,037,Dubois,2021,3,31,105.79171970259245,9.46833602397486,2.8871963088729973,16.025489185511166,AN91
18037,18,037,Dubois,2021,4,30,98.44909617259928,12.429130855948596,5.9387069415623355,18.937926387131224,AN91
18037,18,037,Dubois,2021,5,31,74.76420672415313,17.1267996206644,10.755017309827728,23.433976350524155,AN91
18037,18,037,Dubois,2021,6,30,150.9879357015642,23.503024464968934,18.00350049029793,29.122530876350844,AN91
18037,18,037,Dubois,2021,7,31,152.37236721092628,24.25317719455602,18.672728970181776,29.833766494227753,AN91
18037,18,037,Dubois,2021,8,31,116.59347137857914,25.150093340621048,19.451885360704992,30.84844202258401,AN91
18037,18,037,Dubois,2021,9,30,125.16081764408057,21.16548470923687,14.763392358795626,27.567720829186282,AN91
18037,18,037,Dubois,2021,10,31,100.62389625470101,16.722556877892206,10.971536513453255,22.473717845365844,AN91
18037,18,037,Dubois,2021,11,30,46.158788976282395,5.314766632007074,-1.1977076410584704,11.827347469043223,AN91
18037,18,037,Dubois,2021,12,31,121.17590223152132,7.7836401276785585,2.026157568849384,13.541227178326915,AN91
18039,18,039,Elkhart,2020,1,31,102.21604289553844,-0.37672513299663074,-3.3134279978066408,2.559966143990068,AN81
18039,18,039,Elkhart,2020,2,29,42.64004945507489,-1.951972602720421,-5.850398658185456,1.9464088747553439,AN81
18039,18,039,Elkhart,2020,3,31,59.920582159479906,4.419193845292163,-0.11307875434222107,8.951548996508432,AN81
18039,18,039,Elkhart,2020,4,30,90.05712778363103,7.2626525051875035,1.838316319830472,12.687078827103315,AN81
18039,18,039,Elkhart,2020,5,31,106.80725199771608,14.290790863190406,9.115719148586281,19.465965479133125,AN81
18039,18,039,Elkhart,2020,6,30,64.02103668151959,21.927707875812384,15.941148833885988,27.914368544539727,AN81
18039,18,039,Elkhart,2020,7,31,91.79581260421894,24.145835767099246,18.562105752067016,29.729663780033295,AN81
18039,18,039,Elkhart,2020,8,31,89.42877248102116,21.86119220658375,15.701286561745087,28.021201724928645,AN81
18039,18,039,Elkhart,2020,9,30,54.0133922804053,16.87085714125674,10.787659740701248,22.954152198030318,AN81
18039,18,039,Elkhart,2020,10,31,63.94960509563741,9.690105139517682,4.085790377549586,15.29452062191269,AN81
18039,18,039,Elkhart,2020,11,30,54.83067535886645,6.695111242396591,1.4922387018007062,11.898076433688793,AN81
18039,18,039,Elkhart,2020,12,31,42.562742899556426,-0.3565272777355673,-3.9430754620801256,3.237283888970185,"AN81,AN91"
18039,18,039,Elkhart,2021,1,31,49.597385481485986,-2.2264007502092262,-4.835328791490651,0.381797773584913,AN91
18039,18,039,Elkhart,2021,2,28,31.297252515440505,-6.4494476700480154,-10.811236803786752,-2.1995827181079046,AN91
18039,18,039,Elkhart,2021,3,31,64.6373779333981,5.443616983813295,-0.9740759467531254,11.72039404489848,AN91
18039,18,039,Elkhart,2021,4,30,55.31046893943201,9.564452494776388,3.6665567504966847,15.210415419201409,AN91
18039,18,039,Elkhart,2021,5,31,77.94456706727179,14.428877487848206,8.544288842921063,20.146462276740753,AN91
18039,18,039,Elkhart,2021,6,30,223.9073317422602,22.36671708257767,17.022932261057175,27.57929189319318,AN91
18039,18,039,Elkhart,2021,7,31,66.76799221756453,22.26207224332145,17.565112745769856,26.959174567976987,AN91
18039,18,039,Elkhart,2021,8,31,126.72965403625926,23.19831073469824,17.83742439949619,28.559340440527063,AN91
18039,18,039,Elkhart,2021,9,30,79.86230357175431,19.402853457968572,13.26963338433136,25.536215310031917,AN91
18039,18,039,Elkhart,2021,10,31,199.0917964008948,13.880317351285223,9.370639747167864,18.39013417722401,AN91
18039,18,039,Elkhart,2021,11,30,37.948803223807666,3.6431393856563035,-0.8974893672991445,8.183854611800893,AN91
18039,18,039,Elkhart,2021,12,31,78.60255274305024,2.402328467605657,-1.8125216713234147,6.617257248237839,AN91
18041,18,041,Fayette,2020,1,31,128.36514616057767,1.1742860145377492,-2.4628449566576505,4.811665738883199,AN81
18041,18,041,Fayette,2020,2,29,74.40359181856829,-0.07157657274626536,-4.771509236252075,4.628357042694168,AN81
18041,18,041,Fayette,2020,3,31,159.1383769623556,7.033926085419512,2.0183663639765457,12.049568897276766,AN81
18041,18,041,Fayette,2020,4,30,54.813163506861194,9.359054687965108,3.3970979451772036,15.321108634738914,AN81
18041,18,041,Fayette,2020,5,31,141.39532030784272,15.182804114062183,9.751695880295465,20.61401479434177,AN81
18041,18,041,Fayette,2020,6,30,92.42374982341659,22.15888490319979,16.038015919464137,28.27985186871463,AN81
18041,18,041,Fayette,2020,7,31,118.04583387603842,24.252778121047534,18.28211390683592,30.2235431934027,AN81
18041,18,041,Fayette,2020,8,31,76.64641107179125,21.801444036413,16.072770999441232,27.530217906524705,AN81
18041,18,041,Fayette,2020,9,30,12.439571161177582,18.23357836907036,11.192665474089065,25.27459605979412,AN81
18041,18,041,Fayette,2020,10,31,123.38058995960536,11.48828654817631,5.349227060001432,17.627443977407115,AN81
18041,18,041,Fayette,2020,11,30,81.78848301424549,7.708834248006601,2.0054137300811536,13.412344584989189,AN81
18041,18,041,Fayette,2020,12,31,37.411953250433044,0.38879770289482046,-3.754541507213268,4.534673487183105,"AN81,AN91"
18041,18,041,Fayette,2021,1,31,67.10348606210414,-0.9302908475089969,-3.893991551715646,2.0829485617593653,AN91
18041,18,041,Fayette,2021,2,28,55.25716197638935,-4.258874224088304,-8.65351826369724,0.05513104356309422,AN91
18041,18,041,Fayette,2021,3,31,75.1250035087034,6.959929509279664,0.5391061206745972,13.677046948522555,AN91
18041,18,041,Fayette,2021,4,30,70.25387302734372,10.723045241231139,4.1915084403549345,17.178408614515174,AN91
18041,18,041,Fayette,2021,5,31,102.152309137607,15.150039850577361,9.668970369418231,21.14937351613655,AN91
18041,18,041,Fayette,2021,6,30,193.5612403364598,22.418958505244575,17.137343229875306,27.67692400976169,AN91
18041,18,041,Fayette,2021,7,31,138.6052580019346,22.547325746642187,17.35856152704674,27.736232805453458,AN91
18041,18,041,Fayette,2021,8,31,60.481496138375036,23.646910358793672,18.09150448898729,29.202460476918368,AN91
18041,18,041,Fayette,2021,9,30,127.2816419157054,19.43274521430147,13.022163479409828,25.843468579435953,AN91
18041,18,041,Fayette,2021,10,31,106.10744831212642,15.005866893357974,9.69125095335459,20.320623607972294,AN91
18041,18,041,Fayette,2021,11,30,35.9038432776521,3.9081166411648183,-1.7059985664867483,9.522319618741903,AN91
18041,18,041,Fayette,2021,12,31,119.27427467862822,4.710151121811915,-0.6126763671507814,10.033059011715382,AN91
18043,18,043,Floyd,2020,1,31,107.60530142010717,3.6437163779106623,-0.7036818685282757,7.991895151153754,AN81
18043,18,043,Floyd,2020,2,29,99.49017537949281,2.968492477041603,-1.948003514121186,7.885031434775271,AN81
18043,18,043,Floyd,2020,3,31,147.97673927989277,9.855660835247855,4.478266723670695,15.233149569292797,AN81
18043,18,043,Floyd,2020,4,30,103.39971820442233,11.25532385977282,5.396901543526784,17.113848370675537,AN81
18043,18,043,Floyd,2020,5,31,128.37512944354344,16.689189886357173,11.423487559669157,21.95499101939949,AN81
18043,18,043,Floyd,2020,6,30,119.03670243538116,23.298096366733578,17.695299165772575,28.900996614920157,AN81
18043,18,043,Floyd,2020,7,31,152.77964114200142,26.02298625980834,20.67214877751562,31.373931422315902,AN81
18043,18,043,Floyd,2020,8,31,126.6725867535481,23.513959804280198,18.55434139264042,28.47367392753977,AN81
18043,18,043,Floyd,2020,9,30,66.66229728542764,19.907048757325956,13.851178430677733,25.963016978718866,AN81
18043,18,043,Floyd,2020,10,31,157.2223775387089,13.425129091114794,7.577991126932923,19.272371492612265,AN81
18043,18,043,Floyd,2020,11,30,81.70310484706232,9.351353193901014,3.2782572741131997,15.42455543940155,AN81
18043,18,043,Floyd,2020,12,31,66.03920190260034,2.379769892610891,-2.121767247842909,6.876656704018063,"AN81,AN91"
18043,18,043,Floyd,2021,1,31,84.41168634485918,1.0810895875997566,-2.7691794909427774,4.735735661610797,AN91
18043,18,043,Floyd,2021,2,28,123.23682669885591,-0.9551530168166836,-5.374540212779735,3.1144831860278654,AN91
18043,18,043,Floyd,2021,3,31,104.8471535903191,9.430118027169678,2.652309815797883,15.882156957009189,AN91
18043,18,043,Floyd,2021,4,30,105.15407565982844,12.611619951037158,6.088245370341482,18.512247276974886,AN91
18043,18,043,Floyd,2021,5,31,59.475698374467164,17.06048969825839,10.816705951344368,22.851560476057678,AN91
18043,18,043,Floyd,2021,6,30,103.82670143607905,23.532058459191077,18.385662701445117,28.56386694603952,AN91
18043,18,043,Floyd,2021,7,31,190.83605593584033,24.23166181510591,19.084523402439103,29.378941404671316,AN91
18043,18,043,Floyd,2021,8,31,124.25202261752526,25.2882028319365,20.110401641584826,30.46614529800203,AN91
18043,18,043,Floyd,2021,9,30,130.03215700897448,20.69395626183485,14.890574273306848,26.49748138644447,AN91
18043,18,043,Floyd,2021,10,31,113.6215314330163,16.306016405822696,11.0226221935292,21.589550565048675,AN91
18043,18,043,Floyd,2021,11,30,40.450416283812686,5.431453297996966,-0.8248247764558888,11.687838169761957,AN91
18043,18,043,Floyd,2021,12,31,110.0865872344591,7.9586891123944925,2.242282307045264,13.675205973754768,AN91
18045,18,045,Fountain,2020,1,31,108.85966756216517,0.42347049842490836,-3.1824733504821405,4.029571040424174,AN81
18045,18,045,Fountain,2020,2,29,68.1379997112813,-0.6375736846302226,-5.092746083152422,3.8175869794771717,AN81
18045,18,045,Fountain,2020,3,31,90.27666533605513,6.523112625598783,1.688143599844329,11.358168655274456,AN81
18045,18,045,Fountain,2020,4,30,92.82728949462384,9.336139734900332,3.049659131213177,15.6227227254389,AN81
18045,18,045,Fountain,2020,5,31,84.25138179104295,15.865814310172219,10.550602250584706,21.181123853110392,AN81
18045,18,045,Fountain,2020,6,30,112.73541173458213,22.922390481354967,16.799188109427117,29.04569389651037,AN81
18045,18,045,Fountain,2020,7,31,151.48737574046882,24.38271023823017,18.755104488870955,30.01041422670258,AN81
18045,18,045,Fountain,2020,8,31,45.99331344524541,21.890261119097726,15.846051776643575,27.934569392202473,AN81
18045,18,045,Fountain,2020,9,30,37.82452987019361,18.052038000016882,11.205097684374948,24.899077552826313,AN81
18045,18,045,Fountain,2020,10,31,89.6024427937866,11.37876836724504,4.712414358271061,18.04522474385444,AN81
18045,18,045,Fountain,2020,11,30,66.18095066641733,7.506932270813454,1.610986177296958,13.402969014286933,AN81
18045,18,045,Fountain,2020,12,31,48.271465621881795,0.28610804265476786,-4.317364794926554,4.88977196727259,"AN81,AN91"
18045,18,045,Fountain,2021,1,31,58.04101239481445,-1.6362484007017377,-4.979533199222547,1.7698581395676436,AN91
18045,18,045,Fountain,2021,2,28,49.240061013743436,-6.260521140632202,-11.057995013877315,-1.225399420293242,AN91
18045,18,045,Fountain,2021,3,31,101.41230035114684,7.0548892302420425,0.7959869517569633,13.40646358015977,AN91
18045,18,045,Fountain,2021,4,30,47.391455063675345,11.364026463413847,5.2751594015779135,17.681094562073934,AN91
18045,18,045,Fountain,2021,5,31,104.80605308084704,15.904715062200415,10.124490332305296,21.66810833464989,AN91
18045,18,045,Fountain,2021,6,30,191.53463058915918,23.214724027786914,17.72761127484389,28.799556909391654,AN91
18045,18,045,Fountain,2021,7,31,82.65293983100253,22.80207065722689,17.509291729431535,28.094992416048623,AN91
18045,18,045,Fountain,2021,8,31,72.5822564356229,23.8210851393186,17.94927151972575,29.69304113306508,AN91
18045,18,045,Fountain,2021,9,30,115.93735340552853,20.29644350394822,13.407980285332654,27.185049464110588,AN91
18045,18,045,Fountain,2021,10,31,209.00058695722666,15.121337368733991,9.999433413582524,20.243382945195123,AN91
18045,18,045,Fountain,2021,11,30,33.305881620657544,3.6592745403563645,-1.9947526530488697,9.3133691797892,AN91
18045,18,045,Fountain,2021,12,31,80.60758620202364,4.170840478464442,-0.8410899809560997,9.182854666523061,AN91
18047,18,047,Franklin,2020,1,31,122.94217384005805,1.891578486939013,-1.8698046627623228,5.653412177526888,AN81
18047,18,047,Franklin,2020,2,29,77.92615499974721,0.7505810363657859,-4.227198866518216,5.728380098218605,AN81
18047,18,047,Franklin,2020,3,31,149.7198982047768,7.741815695736302,2.4690162011427472,13.014707399800205,AN81
18047,18,047,Franklin,2020,4,30,67.4625444305486,9.885926445271204,3.9179436650118213,15.854011358285517,AN81
18047,18,047,Franklin,2020,5,31,166.4461747023345,15.557609676154481,10.14807328610403,20.967247734467268,AN81
18047,18,047,Franklin,2020,6,30,89.72801849889633,22.593618914696663,16.57334503568878,28.613994829017642,AN81
18047,18,047,Franklin,2020,7,31,116.68688685695246,24.762829032734054,18.773131433996024,30.752628495085204,AN81
18047,18,047,Franklin,2020,8,31,91.12879045295594,22.37895795244347,16.790551512025218,27.967462501957407,AN81
18047,18,047,Franklin,2020,9,30,18.44472468540238,18.581686548792312,11.543955741876344,25.619519227265513,AN81
18047,18,047,Franklin,2020,10,31,147.3999681115125,11.972244693486022,5.842640613607573,18.101948608002463,AN81
18047,18,047,Franklin,2020,11,30,81.6716493439871,8.121763409448954,2.1716755791006657,14.071948283047625,AN81
18047,18,047,Franklin,2020,12,31,41.34541230459867,0.8202774747707444,-3.480620221293668,5.122900382668501,"AN81,AN91"
18047,18,047,Franklin,2021,1,31,71.08750244531998,-0.40720330215858774,-3.4617488060425545,2.6731814660703495,AN91
18047,18,047,Franklin,2021,2,28,68.22656135844086,-3.342858818262759,-7.6371154579917135,1.1396193378829298,AN91
18047,18,047,Franklin,2021,3,31,81.15800096045845,7.3664172615337575,0.4021902437847336,14.502005111117311,AN91
18047,18,047,Franklin,2021,4,30,73.9077758403711,11.075484768137748,4.635544882489128,17.68380402744272,AN91
18047,18,047,Franklin,2021,5,31,118.2677130755151,15.610048850004512,9.606395094929846,21.70907045698603,AN91
18047,18,047,Franklin,2021,6,30,213.11434207822117,22.58334918320512,17.365582947267,27.86557517326094,AN91
18047,18,047,Franklin,2021,7,31,147.66294193023126,22.936911582546475,17.717595733442398,28.1563737343141,AN91
18047,18,047,Franklin,2021,8,31,73.97281266846338,24.131372907086387,18.507632115143842,29.75525533337818,AN91
18047,18,047,Franklin,2021,9,30,138.71895426858953,19.63472958162131,13.20800552106565,26.061597440126658,AN91
18047,18,047,Franklin,2021,10,31,96.23038184802776,15.500780755458857,10.292426365772386,20.709276278582482,AN91
18047,18,047,Franklin,2021,11,30,42.56946374635211,4.384563534432292,-1.4052230958679757,10.17445124256948,AN91
18047,18,047,Franklin,2021,12,31,119.88674302305346,5.364214031732383,-0.13665343541402217,10.865166394515793,AN91
18049,18,049,Fulton,2020,1,31,99.28608314012645,-0.1530601344498809,-3.2565344194365484,2.9504039874819905,AN81
18049,18,049,Fulton,2020,2,29,43.641328378610794,-1.6112836591830508,-5.632643579007296,2.4100446315432813,AN81
18049,18,049,Fulton,2020,3,31,75.3852852552645,5.004252391568878,0.32693598064000373,9.681649459287922,AN81
18049,18,049,Fulton,2020,4,30,65.34123074889902,7.9914331713067925,2.0586252618509038,13.924333038159832,AN81
18049,18,049,Fulton,2020,5,31,122.89704382591677,14.905682897621636,9.527893969993652,20.283574150058385,AN81
18049,18,049,Fulton,2020,6,30,72.02368811728778,22.213876281793855,16.038329752026932,28.38952253582877,AN81
18049,18,049,Fulton,2020,7,31,59.00894820162229,24.21863979756474,18.500799024106993,29.936584787995844,AN81
18049,18,049,Fulton,2020,8,31,81.83560617372319,21.766076412607614,15.399856064443222,28.13240265689867,AN81
18049,18,049,Fulton,2020,9,30,40.63972265080896,17.349365582640605,10.810966589025758,23.88786509304366,AN81
18049,18,049,Fulton,2020,10,31,56.25162338188429,10.126477142843148,4.110447936207202,16.14260737132647,AN81
18049,18,049,Fulton,2020,11,30,60.51695987824818,6.6933376403935165,1.2332242767934938,12.153534827794529,AN81
18049,18,049,Fulton,2020,12,31,40.63728808700345,-0.4336572039797599,-4.3774413674657655,3.5017323865917716,"AN81,AN91"
18049,18,049,Fulton,2021,1,31,51.18096471296972,-1.8799887679920557,-4.651584356327391,0.6863096587586212,AN91
18049,18,049,Fulton,2021,2,28,24.267543999791222,-6.638637541501331,-11.451385287478173,-2.0128631208532104,AN91
18049,18,049,Fulton,2021,3,31,80.56950763876722,5.935720170254683,-0.7510730499342787,12.339637413206791,AN91
18049,18,049,Fulton,2021,4,30,59.71187359288806,9.987082943727067,3.562120684856436,16.092801068164043,AN91
18049,18,049,Fulton,2021,5,31,132.8302797548883,14.966686160135325,9.163457347903458,20.473517403276222,AN91
18049,18,049,Fulton,2021,6,30,177.5926570595594,22.72166930956538,17.313829339075873,27.910280582189102,AN91
18049,18,049,Fulton,2021,7,31,88.13974772442654,22.53727958075873,17.607848275228857,27.46685668544327,AN91
18049,18,049,Fulton,2021,8,31,93.71267148606395,23.408040603975525,17.86966634657346,28.94655849635764,AN91
18049,18,049,Fulton,2021,9,30,70.36515230718193,19.78853636087505,13.362487235800623,26.214728588390205,AN91
18049,18,049,Fulton,2021,10,31,218.44329681335213,14.47770422226566,9.857444424618741,19.09810350786536,AN91
18049,18,049,Fulton,2021,11,30,29.240797264157777,3.60551727341147,-1.2367051767568706,8.44781808081335,AN91
18049,18,049,Fulton,2021,12,31,82.20698291892975,3.0328422489537843,-1.4778026316693809,7.543570716801305,AN91
18051,18,051,Gibson,2020,1,31,165.68083635439905,2.651689759841831,-1.357302831526788,6.661175520104719,AN81
18051,18,051,Gibson,2020,2,29,82.62188188028841,2.4333526895619184,-2.2880947854152063,7.154852857963029,AN81
18051,18,051,Gibson,2020,3,31,147.92044603633246,9.107139968946544,4.0003171049402555,14.214063042172265,AN81
18051,18,051,Gibson,2020,4,30,84.3620902152184,11.384241472823685,5.526993552447949,17.2415901695452,AN81
18051,18,051,Gibson,2020,5,31,124.08520661941643,17.263104066130367,12.038928368562617,22.48738174795808,AN81
18051,18,051,Gibson,2020,6,30,105.85463723486504,24.013718673705924,18.301365070951135,29.72617181146739,AN81
18051,18,051,Gibson,2020,7,31,168.270963240868,26.031590688846787,20.44068891901928,31.62259334541111,AN81
18051,18,051,Gibson,2020,8,31,102.3111793448893,23.687415965552223,18.271858890575086,29.103073324662244,AN81
18051,18,051,Gibson,2020,9,30,29.45017585557472,20.016101587099268,13.719494089365952,26.31280946954718,AN81
18051,18,051,Gibson,2020,10,31,148.92932587706775,12.940814191418385,6.617718176741602,19.264012249881315,AN81
18051,18,051,Gibson,2020,11,30,101.46094797236218,8.880884510355369,2.8470553764915465,14.914807801484882,AN81
18051,18,051,Gibson,2020,12,31,70.34924172066765,2.2693673062143924,-2.599688387817983,7.145994099567414,"AN81,AN91"
18051,18,051,Gibson,2021,1,31,72.6388922460653,0.7235343655921176,-3.0246522701332035,4.621683313341589,AN91
18051,18,051,Gibson,2021,2,28,104.95400204721902,-2.7745302459887218,-7.379716659172439,1.8449053175963004,AN91
18051,18,051,Gibson,2021,3,31,111.51360638233103,9.638879944818648,3.4529217940626076,15.768842503929664,AN91
18051,18,051,Gibson,2021,4,30,75.13019025659955,13.023386935406881,6.762255070254536,19.253787662964022,AN91
18051,18,051,Gibson,2021,5,31,79.9102118525315,17.36364213564814,11.53503216595015,23.1793543321992,AN91
18051,18,051,Gibson,2021,6,30,137.31747510182205,23.944586692005807,18.66116361566985,29.360985137363176,AN91
18051,18,051,Gibson,2021,7,31,171.6630946730896,24.701574132612837,19.225165710583276,30.178123323529306,AN91
18051,18,051,Gibson,2021,8,31,100.69254694860028,25.340392403642003,19.876070716234075,30.80485670028826,AN91
18051,18,051,Gibson,2021,9,30,87.48714860462015,21.424836063427424,15.002216853036638,27.847598031696624,AN91
18051,18,051,Gibson,2021,10,31,133.11309562858628,17.089051696175243,11.419037584680103,22.759205810483767,AN91
18051,18,051,Gibson,2021,11,30,48.200767674670104,5.4095292337302,-1.045424265287914,11.86459241421148,AN91
18051,18,051,Gibson,2021,12,31,130.61804733426393,7.627112405242729,1.9941143139413005,13.260221783142145,AN91
18053,18,053,Grant,2020,1,31,108.02391699208212,0.20235814318339498,-3.202384175353608,3.607122278323837,AN81
18053,18,053,Grant,2020,2,29,80.86680500624688,-1.371262678242887,-5.563394629646702,2.820844359195787,AN81
18053,18,053,Grant,2020,3,31,103.79662471895918,5.489067041965935,0.8737827651452419,10.104430298778718,AN81
18053,18,053,Grant,2020,4,30,45.29142916739653,8.559283837468428,2.475896590899842,14.642771703412167,AN81
18053,18,053,Grant,2020,5,31,124.97315260788908,15.256020596922957,10.045960525332987,20.466177694644994,AN81
18053,18,053,Grant,2020,6,30,62.12548463099176,22.32722869882401,16.46287723721214,28.191678195230477,AN81
18053,18,053,Grant,2020,7,31,80.62443089548309,24.180801817904204,18.491178928456222,29.870525086031602,AN81
18053,18,053,Grant,2020,8,31,56.96291807413654,21.67672802748682,15.661687850898351,27.691868976145553,AN81
18053,18,053,Grant,2020,9,30,67.55514689045232,17.686212684947552,11.195517465038531,24.177008626598656,AN81
18053,18,053,Grant,2020,10,31,121.83647665819225,10.929677370190943,4.879561989114409,16.979892269894773,AN81
18053,18,053,Grant,2020,11,30,75.8058735037231,7.178774525809085,1.6816013989700929,12.676039449924255,AN81
18053,18,053,Grant,2020,12,31,32.98682242282805,-0.10642241229783347,-4.009199809516319,3.8067725765202356,"AN81,AN91"
18053,18,053,Grant,2021,1,31,45.79161068959527,-1.6521008302837172,-4.5233160124576015,1.202564439942837,AN91
18053,18,053,Grant,2021,2,28,38.43900548120792,-6.259600677690491,-10.910365606800855,-1.5507575361989503,AN91
18053,18,053,Grant,2021,3,31,89.46957179058404,6.242590582162166,-0.13732398690866404,12.608852330026515,AN91
18053,18,053,Grant,2021,4,30,88.77576220252827,10.479056360228354,4.522245077555303,16.511484819769972,AN91
18053,18,053,Grant,2021,5,31,109.85563565338272,15.032427150224017,9.546394448297221,20.714192951929274,AN91
18053,18,053,Grant,2021,6,30,93.08647888913059,22.63870033568595,17.564886820661346,27.883726665444225,AN91
18053,18,053,Grant,2021,7,31,132.79484286475312,22.359032222448235,17.40891314468866,27.309296422680443,AN91
18053,18,053,Grant,2021,8,31,81.00559369164645,23.593976033946543,18.025126564583037,29.162965585769072,AN91
18053,18,053,Grant,2021,9,30,118.17724179712712,19.74496318718727,13.488846613981654,26.001222819844166,AN91
18053,18,053,Grant,2021,10,31,186.53367629031848,15.004083620242916,10.2257038695195,19.782604899262925,AN91
18053,18,053,Grant,2021,11,30,30.922433835140193,3.735531419438375,-1.2502223875730285,8.721360908349913,AN91
18053,18,053,Grant,2021,12,31,104.59120230164848,3.7450420326538016,-1.0129366292635138,8.503108256109845,AN91
18055,18,055,Greene,2020,1,31,158.526402132776,1.9868189816879118,-1.9932485968549265,5.967221746838653,AN81
18055,18,055,Greene,2020,2,29,88.35310251341674,1.4616328414763373,-3.2771385829051476,6.20042334545467,AN81
18055,18,055,Greene,2020,3,31,163.68318923865863,8.2854146822168,3.217646309132631,13.35327722519744,AN81
18055,18,055,Greene,2020,4,30,82.69720694479126,10.35694937943257,4.451786380356476,16.262213950325915,AN81
18055,18,055,Greene,2020,5,31,166.97478437559255,16.262361065760864,10.821743310729362,21.703082857031255,AN81
18055,18,055,Greene,2020,6,30,51.0282374788353,23.15364477081945,17.038021498052725,29.269369687275958,AN81
18055,18,055,Greene,2020,7,31,209.74483264719242,25.21250129891226,19.511198076650594,30.9139038949857,AN81
18055,18,055,Greene,2020,8,31,95.10490447891512,22.994093787926108,17.565821468930164,28.422466276599465,AN81
18055,18,055,Greene,2020,9,30,7.012349409400468,19.127700333735245,12.651740248215853,25.60375910159035,AN81
18055,18,055,Greene,2020,10,31,137.6445206422019,12.378620737767772,6.020210116648649,18.73712881386713,AN81
18055,18,055,Greene,2020,11,30,111.25534482283426,8.524463045257281,2.597265167863198,14.451752019507204,AN81
18055,18,055,Greene,2020,12,31,71.09339669693912,1.4875671126077445,-3.1140031526409446,6.087253442480624,"AN81,AN91"
18055,18,055,Greene,2021,1,31,64.54376228675164,-0.16749977708512612,-3.892093576581607,3.4683469276820467,AN91
18055,18,055,Greene,2021,2,28,94.5740004107111,-3.2635981736276185,-7.913207172230449,1.224971599176822,AN91
18055,18,055,Greene,2021,3,31,103.70971253008094,8.681950806701845,2.050466160241943,15.028875904475017,AN91
18055,18,055,Greene,2021,4,30,79.08303405453555,12.28461780826033,6.188788227978309,18.19984944206484,AN91
18055,18,055,Greene,2021,5,31,59.64307578096534,16.72785116208823,10.672367883536262,22.567419568058806,AN91
18055,18,055,Greene,2021,6,30,184.503181402652,23.492312085522805,18.321748673745223,28.575657821309232,AN91
18055,18,055,Greene,2021,7,31,160.93241039171258,23.811099460971707,18.765152725967404,28.85718997385257,AN91
18055,18,055,Greene,2021,8,31,79.6151935769056,24.863096136061323,19.49231748259128,30.234013312825553,AN91
18055,18,055,Greene,2021,9,30,107.50084951986452,20.962128184788874,14.65244175713184,27.27195807798414,AN91
18055,18,055,Greene,2021,10,31,148.49902217009745,16.278999573864464,10.837793159829864,21.720345624096353,AN91
18055,18,055,Greene,2021,11,30,43.02799875209344,4.819667706419275,-1.1086737149978367,10.74811506383948,AN91
18055,18,055,Greene,2021,12,31,133.99665703588477,6.591849388966374,1.3254394055548693,11.858354332919957,AN91
18057,18,057,Hamilton,2020,1,31,126.27273283146576,0.7588840340807335,-2.94387362320063,4.461771594435669,AN81
18057,18,057,Hamilton,2020,2,29,93.33828443410097,-0.7738161043007131,-5.255356653252862,3.7077121926404724,AN81
18057,18,057,Hamilton,2020,3,31,120.91586875078886,6.364588918977805,1.6462728008974532,11.082992993209734,AN81
18057,18,057,Hamilton,2020,4,30,50.55920972754788,9.108107693278209,3.006983228205855,15.209336402612841,AN81
18057,18,057,Hamilton,2020,5,31,130.79566838179622,15.466901014407425,10.191157414708124,20.74274347803016,AN81
18057,18,057,Hamilton,2020,6,30,116.70184820556248,22.504762942126447,16.632890989731457,28.376736723586262,AN81
18057,18,057,Hamilton,2020,7,31,115.03048393154691,24.36971725190267,18.881325774203884,29.858210688537888,AN81
18057,18,057,Hamilton,2020,8,31,77.22132344951757,21.968150433898348,16.172415379924054,27.763986517230727,AN81
18057,18,057,Hamilton,2020,9,30,12.985107550132653,18.06530951792263,11.384244927929805,24.746475212224848,AN81
18057,18,057,Hamilton,2020,10,31,139.15717493759394,11.367359984171351,5.186217902346494,17.54859959853181,AN81
18057,18,057,Hamilton,2020,11,30,81.41025703497228,7.566989929972762,2.038133584283719,13.095937323069043,AN81
18057,18,057,Hamilton,2020,12,31,44.58594556541058,0.2290336620051552,-3.9330976056384754,4.411035857813301,"AN81,AN91"
18057,18,057,Hamilton,2021,1,31,50.96781709186818,-1.234752619166405,-4.305841832013609,1.8509332244067758,AN91
18057,18,057,Hamilton,2021,2,28,47.48773985645305,-5.247768697884724,-9.785798060726586,-0.700132979761059,AN91
18057,18,057,Hamilton,2021,3,31,110.02816349507468,6.883757343811084,0.6355767258919659,13.201984788963616,AN91
18057,18,057,Hamilton,2021,4,30,76.33163004664331,11.203014344303538,5.404089087525367,17.00327530759257,AN91
18057,18,057,Hamilton,2021,5,31,88.27331614715223,15.309434899270508,9.633293087552978,20.95498660859554,AN91
18057,18,057,Hamilton,2021,6,30,132.65902327042076,22.978181321825982,17.76193530497532,28.332531171915683,AN91
18057,18,057,Hamilton,2021,7,31,147.47216378359406,22.890194208706706,17.851270728080596,27.92926051628087,AN91
18057,18,057,Hamilton,2021,8,31,87.59007553569364,23.760324308917824,17.929407622070215,29.591384315619372,AN91
18057,18,057,Hamilton,2021,9,30,117.68614773424211,20.035575966364547,13.64800795729011,26.423286207891977,AN91
18057,18,057,Hamilton,2021,10,31,201.29926196141471,15.043596209207823,9.99174564552737,20.09558914509903,AN91
18057,18,057,Hamilton,2021,11,30,30.967450981297556,3.754152356945356,-1.7704843331216151,9.278864771989708,AN91
18057,18,057,Hamilton,2021,12,31,119.07859126755211,4.393609277271279,-0.8407406526578186,9.62804715451802,AN91
18059,18,059,Hancock,2020,1,31,138.56906575308642,0.7769388912017436,-2.9036647651682035,4.457676652253713,AN81
18059,18,059,Hancock,2020,2,29,98.78239264508628,-0.3776726164468452,-4.921150133809845,4.165800851199239,AN81
18059,18,059,Hancock,2020,3,31,118.564307882571,6.869414303372536,2.141185941482565,11.597728919001694,AN81
18059,18,059,Hancock,2020,4,30,50.62836927359901,9.28839388698336,3.434028264654451,15.142859250547104,AN81
18059,18,059,Hancock,2020,5,31,151.41240150396578,15.47601373581872,10.25966021641272,20.692466229128048,AN81
18059,18,059,Hancock,2020,6,30,131.11979749533594,22.53010534396534,16.72822688142937,28.33208703013438,AN81
18059,18,059,Hancock,2020,7,31,110.90135620436978,24.40275767269225,18.80988338918711,29.99573664528433,AN81
18059,18,059,Hancock,2020,8,31,80.84143850483434,22.07049406841634,16.477573013617707,27.663514120608987,AN81
18059,18,059,Hancock,2020,9,30,12.770147264458032,18.22856738212558,11.533362357605165,24.923872970631567,AN81
18059,18,059,Hancock,2020,10,31,136.02595757721411,11.307512565870157,5.226730243484739,17.38839197287538,AN81
18059,18,059,Hancock,2020,11,30,95.13209111959274,7.744504270993975,2.2579428940653448,13.231162339799905,AN81
18059,18,059,Hancock,2020,12,31,42.4834583830914,0.41186564304750917,-3.638349777224486,4.4671972838410055,"AN81,AN91"
18059,18,059,Hancock,2021,1,31,59.05599207986198,-0.8493537877049243,-3.7937457544187976,2.1033502055599316,AN91
18059,18,059,Hancock,2021,2,28,49.969655396355385,-4.604061093342794,-8.924041325996777,-0.2296374903957492,AN91
18059,18,059,Hancock,2021,3,31,93.61058444149107,6.963604917359625,0.7328862532941898,13.345301365637228,AN91
18059,18,059,Hancock,2021,4,30,80.36856398707776,11.046310873687732,5.085692144440075,17.042099115006323,AN91
18059,18,059,Hancock,2021,5,31,84.26012666031913,15.612462023040417,10.01562875399453,21.272258869785304,AN91
18059,18,059,Hancock,2021,6,30,207.71745931607856,23.092246798962808,18.24376620487839,28.08108454371176,AN91
18059,18,059,Hancock,2021,7,31,136.78161445129962,23.0413456674977,18.269129032512726,27.813706936324696,AN91
18059,18,059,Hancock,2021,8,31,66.30495894617428,23.982517435523615,18.468709490041046,29.496468399764616,AN91
18059,18,059,Hancock,2021,9,30,140.69974603723955,20.030238019186964,13.957449995001504,26.10316909263722,AN91
18059,18,059,Hancock,2021,10,31,158.32176019895792,15.287852828930223,10.374164997771333,20.20168061236674,AN91
18059,18,059,Hancock,2021,11,30,33.70244404481576,3.886582018268663,-1.5615554169697103,9.33479455543452,AN91
18059,18,059,Hancock,2021,12,31,124.85447329676946,4.783432581041215,-0.3932568699026945,9.960211521805197,AN91
18061,18,061,Harrison,2020,1,31,115.34067577805098,3.6054994145600876,-1.0191863071576834,8.230905214411385,AN81
18061,18,061,Harrison,2020,2,29,105.36491171974666,3.064762783824045,-2.0778348178129886,8.207407794598314,AN81
18061,18,061,Harrison,2020,3,31,150.94655606390296,9.883002965653535,4.285929635048555,15.480172151431448,AN81
18061,18,061,Harrison,2020,4,30,109.50496398055046,11.094006171483331,4.87999507464201,17.308116651347753,AN81
18061,18,061,Harrison,2020,5,31,145.62971745246855,16.780651127422736,11.25362037439571,22.307782148363643,AN81
18061,18,061,Harrison,2020,6,30,87.36745991861994,23.03108772800084,17.164471981312882,28.897801109758856,AN81
18061,18,061,Harrison,2020,7,31,194.50791169376188,25.86479794206161,20.39595480492938,31.333741342514795,AN81
18061,18,061,Harrison,2020,8,31,151.95712829859542,23.439910676577455,18.320211061717437,28.55971473409873,AN81
18061,18,061,Harrison,2020,9,30,69.36376427275046,19.784332483123265,13.69689913484774,25.871864444944478,AN81
18061,18,061,Harrison,2020,10,31,160.71984339795367,13.486515205783261,7.584334996943912,19.38879577683571,AN81
18061,18,061,Harrison,2020,11,30,80.45474565950927,9.316058796982395,2.8907963491899475,15.741418262043595,AN81
18061,18,061,Harrison,2020,12,31,73.68525657299193,2.4929556750804824,-2.3780319776705845,7.361435281554789,"AN81,AN91"
18061,18,061,Harrison,2021,1,31,91.13466506886688,1.1660402137887524,-2.8968354439358475,5.21916288737308,AN91
18061,18,061,Harrison,2021,2,28,132.21022569342398,-1.1736251205645425,-5.852344997150224,3.4831974817991416,AN91
18061,18,061,Harrison,2021,3,31,121.73662635708365,9.400263962023233,2.521425324100185,16.115247876539982,AN91
18061,18,061,Harrison,2021,4,30,98.14281983406403,12.339312124073022,5.777246265896728,18.801068573893648,AN91
18061,18,061,Harrison,2021,5,31,73.03699700274193,16.78827452720995,10.540845482843995,23.00641796204788,AN91
18061,18,061,Harrison,2021,6,30,109.9326177898725,23.3568065321608,17.87135856302102,28.720243074091027,AN91
18061,18,061,Harrison,2021,7,31,187.15970623749433,24.083530696230792,18.764053387790547,29.40315116023192,AN91
18061,18,061,Harrison,2021,8,31,112.78254107036315,24.95311218668631,19.642844459445083,30.263521529170415,AN91
18061,18,061,Harrison,2021,9,30,145.08050376383926,20.455641699313663,14.500499216906883,26.41092942854113,AN91
18061,18,061,Harrison,2021,10,31,96.63760509068769,16.287007018319933,10.721915455229658,21.852239045621577,AN91
18061,18,061,Harrison,2021,11,30,41.51715501350307,5.153275759271903,-1.6985227666489269,12.00517681301085,AN91
18061,18,061,Harrison,2021,12,31,119.99617017580388,7.951352530700053,1.9372914657499085,13.965518677997684,AN91
18063,18,063,Hendricks,2020,1,31,142.59477505068904,0.8407879715677098,-2.7987674559413214,4.480486603171859,AN81
18063,18,063,Hendricks,2020,2,29,98.37870432328796,-0.20325067634522734,-4.556410329203395,4.149904831846505,AN81
18063,18,063,Hendricks,2020,3,31,114.42809201697924,6.887486777975513,2.348583310077173,11.426478886173955,AN81
18063,18,063,Hendricks,2020,4,30,55.077104097367766,9.393875331397938,3.7131799592526913,15.074667144278042,AN81
18063,18,063,Hendricks,2020,5,31,152.2389094719523,15.662710061036412,10.661650830214793,20.66386807517965,AN81
18063,18,063,Hendricks,2020,6,30,106.09077148483229,22.832394522181378,17.28848681370106,28.376401998671373,AN81
18063,18,063,Hendricks,2020,7,31,119.08962397298251,24.655401632592284,19.508165705420954,29.802738408719055,AN81
18063,18,063,Hendricks,2020,8,31,61.77126844240599,22.310355231994013,17.071079951574262,27.549735288737352,AN81
18063,18,063,Hendricks,2020,9,30,6.913464260417146,18.51721221259362,12.291357820391791,24.743165962481246,AN81
18063,18,063,Hendricks,2020,10,31,158.00904939789612,11.725788632255776,5.902128376682841,17.54954917716707,AN81
18063,18,063,Hendricks,2020,11,30,93.8198540048646,7.823575091810854,2.4700070266381826,13.177235216644345,AN81
18063,18,063,Hendricks,2020,12,31,52.20679277244885,0.3701471789689773,-3.732091004583246,4.477161058312594,"AN81,AN91"
18063,18,063,Hendricks,2021,1,31,59.19463206898073,-1.269167932485201,-4.386734948393237,1.9011293156023823,AN91
18063,18,063,Hendricks,2021,2,28,51.41717384839007,-4.779495968516985,-8.916979981377299,-0.47308519199826365,AN91
18063,18,063,Hendricks,2021,3,31,109.45829413527778,7.324698408468865,1.3716694111868752,13.39571430579768,AN91
18063,18,063,Hendricks,2021,4,30,72.59465712905532,11.358368257956851,5.72307555997605,17.014156812376402,AN91
18063,18,063,Hendricks,2021,5,31,96.06884000782958,15.641260320669645,10.234129545326898,21.16799173806012,AN91
18063,18,063,Hendricks,2021,6,30,205.6352176215322,23.000926902926206,18.112327401611953,28.13968753646956,AN91
18063,18,063,Hendricks,2021,7,31,117.29801803902971,23.08767107307717,18.40015206387143,27.775333364640122,AN91
18063,18,063,Hendricks,2021,8,31,62.694131814332785,24.066434941809003,18.91217642375099,29.220836168152662,AN91
18063,18,063,Hendricks,2021,9,30,127.54578924869003,20.484407142062537,14.61869539146403,26.350261203722358,AN91
18063,18,063,Hendricks,2021,10,31,181.91932432413466,15.260119739930849,10.471155903679154,20.049226534040443,AN91
18063,18,063,Hendricks,2021,11,30,33.907175725022086,3.8666211086344457,-1.4857348193739963,9.219054532461534,AN91
18063,18,063,Hendricks,2021,12,31,110.9112191080113,4.89241402557563,-0.1193098694257499,9.904227085901109,AN91
18065,18,065,Henry,2020,1,31,132.98794336716185,0.48105425194863843,-3.062933002347909,4.025049875465747,AN81
18065,18,065,Henry,2020,2,29,85.34388174288023,-0.9544353955212977,-5.4342130859089925,3.525334001050687,AN81
18065,18,065,Henry,2020,3,31,113.30839201383037,6.280219322723604,1.4828219995381011,11.077701580068242,AN81
18065,18,065,Henry,2020,4,30,44.40221417605835,8.951464531411037,2.9617098209694523,14.94131813905822,AN81
18065,18,065,Henry,2020,5,31,151.61373466524282,14.955999363185962,9.430229843614756,20.481866574469755,AN81
18065,18,065,Henry,2020,6,30,98.93278929723942,21.719223927337644,15.597808537568074,27.84074162835171,AN81
18065,18,065,Henry,2020,7,31,107.56263233892635,23.851729497278416,17.98181482747183,29.72174753407136,AN81
18065,18,065,Henry,2020,8,31,81.18670727259718,21.457180709507888,15.651406189801216,27.26305672034168,AN81
18065,18,065,Henry,2020,9,30,19.778200500273904,17.810952359473216,10.93959861600015,24.682404873823206,AN81
18065,18,065,Henry,2020,10,31,134.11579543495736,11.094441292508161,4.9675212022546145,17.22146183470181,AN81
18065,18,065,Henry,2020,11,30,93.0293492348477,7.465824715319034,2.034885101300079,12.896857709321663,AN81
18065,18,065,Henry,2020,12,31,38.6369991447047,0.037259096673420145,-3.9116722839527687,3.988038025348165,"AN81,AN91"
18065,18,065,Henry,2021,1,31,58.91192940814283,-1.329125294767235,-4.183023119447335,1.534056138500895,AN91
18065,18,065,Henry,2021,2,28,40.66265701050324,-5.159912667885373,-9.461366235744828,-0.9079531426813228,AN91
18065,18,065,Henry,2021,3,31,79.95040429695845,6.582038047515282,0.6442852745894049,12.982030331203159,AN91
18065,18,065,Henry,2021,4,30,83.09634141278057,10.604789015584712,4.2871433574606685,16.82046827202467,AN91
18065,18,065,Henry,2021,5,31,84.94925763034706,14.98558711746597,10.005063038993136,20.709987417781768,AN91
18065,18,065,Henry,2021,6,30,160.36153968676743,22.487516295888188,17.35834685087747,27.63341573399731,AN91
18065,18,065,Henry,2021,7,31,133.26228699461475,22.338959518731887,17.200355521464537,27.47770564462401,AN91
18065,18,065,Henry,2021,8,31,70.13052919123598,23.577695487016783,18.0319731834927,29.12356013818635,AN91
18065,18,065,Henry,2021,9,30,128.31859893818583,19.416738501354367,13.192048882228487,25.641571215419297,AN91
18065,18,065,Henry,2021,10,31,150.2045601610733,14.826055664833188,9.531467858816969,20.120784521680477,AN91
18065,18,065,Henry,2021,11,30,34.262502599542174,3.695966004092873,-1.6275784875306978,9.019582818148665,AN91
18065,18,065,Henry,2021,12,31,129.47699554371283,4.195788015738882,-0.9552381991406592,9.346895112941406,AN91
18067,18,067,Howard,2020,1,31,100.45282215165824,0.17146529851531986,-3.382288097124776,3.725247248162778,AN81
18067,18,067,Howard,2020,2,29,66.50919524608571,-1.5202709137123436,-5.87593570593773,2.8353637057205625,AN81
18067,18,067,Howard,2020,3,31,84.40043649601176,5.553064455964014,0.8319802555557286,10.27423105939992,AN81
18067,18,067,Howard,2020,4,30,49.601852809517105,8.591100769109346,2.2792407688384655,14.90306308525259,AN81
18067,18,067,Howard,2020,5,31,127.83927093127059,15.457274591685309,10.281660244391464,20.632985617274784,AN81
18067,18,067,Howard,2020,6,30,95.32960830481449,22.4303501499768,16.412574614223743,28.448229111344776,AN81
18067,18,067,Howard,2020,7,31,80.45721190745692,24.176186185478784,18.443808205994593,29.908666797440926,AN81
18067,18,067,Howard,2020,8,31,70.87764154669168,21.755805801023858,15.724539197100306,27.78717421600286,AN81
18067,18,067,Howard,2020,9,30,66.71274864562402,17.788383726785273,11.386673372522507,24.19019293630469,AN81
18067,18,067,Howard,2020,10,31,101.53434502871468,11.014738053324756,4.9949351198178205,17.034643296424893,AN81
18067,18,067,Howard,2020,11,30,60.921524389347944,7.137882829930233,1.670715519154888,12.605146820780094,AN81
18067,18,067,Howard,2020,12,31,44.23745350996738,-0.25039722218319566,-4.311974366017504,3.8152193168732493,"AN81,AN91"
18067,18,067,Howard,2021,1,31,50.78136133767183,-1.8383517087849444,-4.798453335140438,1.1449876821036116,AN91
18067,18,067,Howard,2021,2,28,38.7003926842324,-6.446404385544341,-11.186059037834848,-1.652253950698213,AN91
18067,18,067,Howard,2021,3,31,115.1448866492711,6.333974568001288,-0.06745635210696016,12.702546068977453,AN91
18067,18,067,Howard,2021,4,30,98.94942832060076,10.848156678819615,4.9091838607294145,16.71024533229688,AN91
18067,18,067,Howard,2021,5,31,112.68155635711977,15.225987237371715,9.602012603712494,20.77994457035312,AN91
18067,18,067,Howard,2021,6,30,114.2763393931516,22.758403232775674,17.454822482916864,28.098479622324728,AN91
18067,18,067,Howard,2021,7,31,116.50868916684789,22.52587712940545,17.397533075693328,27.65436543367639,AN91
18067,18,067,Howard,2021,8,31,75.54106826032145,23.59218730504193,17.780300472623995,29.4042162206855,AN91
18067,18,067,Howard,2021,9,30,87.76401610346144,19.843811088466513,13.371456007378383,26.31630823109376,AN91
18067,18,067,Howard,2021,10,31,209.0076603348939,14.873382453704663,10.022563116693723,19.72434119659946,AN91
18067,18,067,Howard,2021,11,30,31.283899882582748,3.59384685074425,-1.5367924192475506,8.724560015501726,AN91
18067,18,067,Howard,2021,12,31,87.79511434026045,3.620986078797368,-1.1685272726293143,8.410581567660033,AN91
18069,18,069,Huntington,2020,1,31,108.36264057957379,0.0412321288400554,-3.3728034997991396,3.455345198795842,AN81
18069,18,069,Huntington,2020,2,29,56.44472629841186,-1.344752961566632,-5.594530591292659,2.9050020630020374,AN81
18069,18,069,Huntington,2020,3,31,88.69039057319276,5.445453476218416,0.7664141809019945,10.124572895738874,AN81
18069,18,069,Huntington,2020,4,30,75.57443869374887,8.227190630348169,2.218553200567579,14.235924465874263,AN81
18069,18,069,Huntington,2020,5,31,113.99299680220277,15.041292748455863,9.435454446799312,20.64723044726427,AN81
18069,18,069,Huntington,2020,6,30,58.122547319878436,22.172371287542507,15.98328491618937,28.361559025008297,AN81
18069,18,069,Huntington,2020,7,31,107.62597375715268,24.43065618742011,18.693823495210076,30.167589744586458,AN81
18069,18,069,Huntington,2020,8,31,50.79021843470173,21.868928227543265,15.630139958662667,28.107814524622643,AN81
18069,18,069,Huntington,2020,9,30,87.93282570571232,17.399557320405567,11.050639524529904,23.74857551902168,AN81
18069,18,069,Huntington,2020,10,31,107.09437473245603,10.684489747641585,4.747228021621004,16.62185192827926,AN81
18069,18,069,Huntington,2020,11,30,79.57401537479669,6.818533328763973,1.2726660422226312,12.36449498918474,AN81
18069,18,069,Huntington,2020,12,31,37.617995940433964,-0.23017974972546884,-4.100092798105572,3.6450517825428936,"AN81,AN91"
18069,18,069,Huntington,2021,1,31,46.981720079559494,-1.8136388712320606,-4.474437584235517,0.9296269226215945,AN91
18069,18,069,Huntington,2021,2,28,33.92898543661017,-6.4749735046723265,-11.130310718363962,-1.75345064075855,AN91
18069,18,069,Huntington,2021,3,31,90.44204854331254,5.92072153731608,-0.5845770855761317,12.599748500330916,AN91
18069,18,069,Huntington,2021,4,30,89.91691246423845,10.265110691708292,4.123481801309997,16.48529449208298,AN91
18069,18,069,Huntington,2021,5,31,111.58405248970149,14.938981708379917,9.391295213030979,20.753315853112227,AN91
18069,18,069,Huntington,2021,6,30,111.21694720180366,22.610892001349548,17.532191994214546,27.79755529172003,AN91
18069,18,069,Huntington,2021,7,31,132.3763200642041,22.473397354569787,17.55804422624237,27.388893874034782,AN91
18069,18,069,Huntington,2021,8,31,103.5506854455801,23.363825829094086,17.79176026976943,28.936035701077788,AN91
18069,18,069,Huntington,2021,9,30,131.703812016058,19.47606917154589,13.089339369277607,25.862941565812363,AN91
18069,18,069,Huntington,2021,10,31,210.47390196812574,14.741755218873887,9.807265181652054,19.676385131639137,AN91
18069,18,069,Huntington,2021,11,30,30.910934073610708,3.740188308342876,-1.183348416997412,8.663802891647723,AN91
18069,18,069,Huntington,2021,12,31,123.17010495259541,3.280111227478104,-1.3161425915243157,7.876449636236973,AN91
18071,18,071,Jackson,2020,1,31,145.00570568622464,2.4280251003054447,-1.7021069914674583,6.558712376237318,AN81
18071,18,071,Jackson,2020,2,29,86.56871774324796,1.7535341652031777,-3.128139019428005,6.635225312548255,AN81
18071,18,071,Jackson,2020,3,31,164.9514759556057,8.664913252776845,3.417361962009515,13.912559056240221,AN81
18071,18,071,Jackson,2020,4,30,89.63975091204381,10.300109963873211,4.199469700689609,16.400849999641558,AN81
18071,18,071,Jackson,2020,5,31,143.7354755728426,16.14942310822541,10.623590301718126,21.675355498290713,AN81
18071,18,071,Jackson,2020,6,30,121.42779834616937,23.01141311924672,16.828959446634826,29.19396789262214,AN81
18071,18,071,Jackson,2020,7,31,174.17720356412448,25.253470460683232,19.36890653957192,31.138135608339827,AN81
18071,18,071,Jackson,2020,8,31,78.62500068744549,22.72837991722956,17.163561744717,28.29329864099694,AN81
18071,18,071,Jackson,2020,9,30,22.65813693777943,18.698953977916574,11.897990276983597,25.500019603891563,AN81
18071,18,071,Jackson,2020,10,31,164.03628755666242,12.189018899642038,5.674377353207239,18.703760642523115,AN81
18071,18,071,Jackson,2020,11,30,86.05003219408141,8.647744612337908,2.526034321709941,14.769550792700823,AN81
18071,18,071,Jackson,2020,12,31,44.80312755064969,1.616603177401409,-2.924073774952497,6.15515410781506,"AN81,AN91"
18071,18,071,Jackson,2021,1,31,80.415228438643,0.16432122497009305,-3.421944201097622,3.651193819638642,AN91
18071,18,071,Jackson,2021,2,28,100.79776478708797,-2.3767785093628366,-7.081602961225761,2.141677065277366,AN91
18071,18,071,Jackson,2021,3,31,72.5241615774845,8.33789054181534,1.5060870319216209,15.15620349867498,AN91
18071,18,071,Jackson,2021,4,30,105.87188270278459,12.009596623566207,5.334504615744357,18.51304162512923,AN91
18071,18,071,Jackson,2021,5,31,68.11597788609099,16.37773240506896,10.010662268294768,22.802166682786243,AN91
18071,18,071,Jackson,2021,6,30,177.10294546498662,23.00389999890301,17.609447067811924,28.448989279039118,AN91
18071,18,071,Jackson,2021,7,31,150.04965142889503,23.52837185703359,18.24399059751636,28.812895837101262,AN91
18071,18,071,Jackson,2021,8,31,93.49062744717054,24.90330555473907,19.383966835757,30.422787507530547,AN91
18071,18,071,Jackson,2021,9,30,140.15790159073757,20.661278781667693,14.410320941095835,26.912379520943936,AN91
18071,18,071,Jackson,2021,10,31,96.16198438611283,16.244102723138084,10.879703509888788,21.608642174951274,AN91
18071,18,071,Jackson,2021,11,30,50.07968771207591,5.022324558279703,-1.1303870956523476,11.175141152662386,AN91
18071,18,071,Jackson,2021,12,31,125.6211107671387,6.868463235305334,1.2595604852262101,12.477470468032267,AN91
18073,18,073,Jasper,2020,1,31,96.70932037130949,-0.6384701375390572,-3.947388149531662,2.670206282811273,AN81
18073,18,073,Jasper,2020,2,29,50.23173442802385,-2.0209327515341657,-6.324029323876153,2.282124902576386,AN81
18073,18,073,Jasper,2020,3,31,75.26485689201476,4.893918609903243,0.22065538467538173,9.56726297035772,AN81
18073,18,073,Jasper,2020,4,30,88.03577682749349,7.777634717345674,1.5357928764918247,14.019571972190647,AN81
18073,18,073,Jasper,2020,5,31,102.7393406834453,14.996294963299661,9.656587006301505,20.336102657547126,AN81
18073,18,073,Jasper,2020,6,30,121.68239368568543,22.378751462146848,16.07706122403511,28.68054561094006,AN81
18073,18,073,Jasper,2020,7,31,78.47312880603651,23.85023310524785,18.138053911322526,29.562514850381163,AN81
18073,18,073,Jasper,2020,8,31,66.77970936962518,21.351857907710087,14.886132914286895,27.81768370166638,AN81
18073,18,073,Jasper,2020,9,30,72.02980368893004,17.215782028772683,10.338565971734146,24.093096895977578,AN81
18073,18,073,Jasper,2020,10,31,41.603956855975014,9.999067254952175,3.5222085667447236,16.47602706785128,AN81
18073,18,073,Jasper,2020,11,30,52.473309097641845,6.726974027938585,0.8748199304858189,12.579212412628959,AN81
18073,18,073,Jasper,2020,12,31,39.677753280326364,-0.6410300593742423,-5.01950766681866,3.7382961038764204,"AN81,AN91"
18073,18,073,Jasper,2021,1,31,61.851802356893025,-2.4109398837324787,-5.550876473752067,0.7550479243525298,AN91
18073,18,073,Jasper,2021,2,28,28.583960618274826,-7.73159596149322,-12.945640736361586,-2.5635937857835627,AN91
18073,18,073,Jasper,2021,3,31,69.30987591394366,5.822574997497064,-0.6681775077830105,12.252044305550779,AN91
18073,18,073,Jasper,2021,4,30,59.735634615524276,10.019655731560817,3.4494502736317516,16.325929561009897,AN91
18073,18,073,Jasper,2021,5,31,127.86877338509265,14.936251199202843,9.120810118013631,20.559040222964715,AN91
18073,18,073,Jasper,2021,6,30,179.63136008444343,22.71226440160202,17.190489019234985,28.250049210779913,AN91
18073,18,073,Jasper,2021,7,31,74.00350738598877,22.401274781368087,17.410975731465754,27.391717027279583,AN91
18073,18,073,Jasper,2021,8,31,106.85315465904384,23.44010748198831,17.52881894096309,29.351539689223888,AN91
18073,18,073,Jasper,2021,9,30,69.89424917670935,19.705431778404083,12.739788029922407,26.67121598812354,AN91
18073,18,073,Jasper,2021,10,31,199.96553777161907,14.178750517824659,9.223179135269023,19.134462029686077,AN91
18073,18,073,Jasper,2021,11,30,24.788421815011205,3.111671220278145,-2.2474509356693884,8.47084152219147,AN91
18073,18,073,Jasper,2021,12,31,67.68354449109117,2.509737575699854,-2.263443033620927,7.282979911152296,AN91
18075,18,075,Jay,2020,1,31,112.43671421961038,0.4165849123155775,-3.032703660844003,3.865968042525297,AN81
18075,18,075,Jay,2020,2,29,88.31550955633324,-0.9220632613744528,-5.064643296086197,3.2204984717196634,AN81
18075,18,075,Jay,2020,3,31,140.62090825079062,5.959285262189762,1.442884992287959,10.47576750394019,AN81
18075,18,075,Jay,2020,4,30,60.01357853045094,8.71889457159694,3.022685913484948,14.4152047631381,AN81
18075,18,075,Jay,2020,5,31,111.6941988367687,15.345913874737109,10.28923709304456,20.40269100674511,AN81
18075,18,075,Jay,2020,6,30,88.0236783083164,22.412933892162734,16.76727529582591,28.058691682240074,AN81
18075,18,075,Jay,2020,7,31,101.02323323366761,24.393714085203246,18.729149886326372,30.05838022804707,AN81
18075,18,075,Jay,2020,8,31,45.74389247734717,21.680626430907456,15.56613468362349,27.79521952377178,AN81
18075,18,075,Jay,2020,9,30,84.63950928798455,17.499254552126008,10.823201093437273,24.17541069668952,AN81
18075,18,075,Jay,2020,10,31,132.58950770403973,10.965479045510323,4.940868244529394,16.990189917364095,AN81
18075,18,075,Jay,2020,11,30,75.5939018730209,7.334024872155726,1.77662113086694,12.891523316016292,AN81
18075,18,075,Jay,2020,12,31,27.744044531945644,0.03807294018037191,-3.7716073863062327,3.846929095860825,"AN81,AN91"
18075,18,075,Jay,2021,1,31,45.198945951666516,-1.390666639862139,-4.094002929309683,1.3141016713766474,AN91
18075,18,075,Jay,2021,2,28,38.2932885147937,-5.579854106429332,-10.110302958902166,-1.256717590560498,AN91
18075,18,075,Jay,2021,3,31,65.84132836873812,6.222748677933135,-0.37883820715764227,12.754752517421695,AN91
18075,18,075,Jay,2021,4,30,63.996083004374,10.59940635834708,4.554569828066306,16.571503098195155,AN91
18075,18,075,Jay,2021,5,31,111.36184470805198,15.026432673642443,9.466660060318947,20.742232152063284,AN91
18075,18,075,Jay,2021,6,30,97.78376163498835,22.59239964789841,17.472440948068947,27.648463754679025,AN91
18075,18,075,Jay,2021,7,31,93.85872644507913,22.604527477719866,17.538636694291604,27.670563010501294,AN91
18075,18,075,Jay,2021,8,31,108.84935053899805,23.44829449839584,17.774298727755063,29.122433974830923,AN91
18075,18,075,Jay,2021,9,30,113.42437407101781,19.431618848940726,13.06678036698204,25.79660252325267,AN91
18075,18,075,Jay,2021,10,31,184.7368361674636,15.243068015483635,10.344422146687156,20.141855346947832,AN91
18075,18,075,Jay,2021,11,30,30.630935455661888,4.16179767730661,-0.8023753980969792,9.126065911140328,AN91
18075,18,075,Jay,2021,12,31,115.50782520220304,4.113758874323018,-0.6044413638516296,8.832045950586988,AN91
18077,18,077,Jefferson,2020,1,31,131.85270326205028,2.649722328044959,-1.4452323706476495,6.745310447508685,AN81
18077,18,077,Jefferson,2020,2,29,95.30417896690373,1.657605771185489,-3.2735826378666713,6.588813776195577,AN81
18077,18,077,Jefferson,2020,3,31,166.55843593298837,8.72208831936924,3.390645606668244,14.053624563815887,AN81
18077,18,077,Jefferson,2020,4,30,94.4256854866645,10.40596742785329,4.626070878366586,16.185963390441202,AN81
18077,18,077,Jefferson,2020,5,31,140.59404153207362,15.872850791066188,10.644742317045328,21.101058435256057,AN81
18077,18,077,Jefferson,2020,6,30,110.99864625349568,22.64432047614933,16.821506869842406,28.467234775203305,AN81
18077,18,077,Jefferson,2020,7,31,146.83810638914287,25.10644071380577,19.48273909196423,30.7302389463482,AN81
18077,18,077,Jefferson,2020,8,31,119.26667908987979,22.436626337069736,17.199644298807513,27.673704552387964,AN81
18077,18,077,Jefferson,2020,9,30,50.51041980623171,18.705058053707024,12.187960239885552,25.222256909985752,AN81
18077,18,077,Jefferson,2020,10,31,141.10476259525515,12.287546513759628,6.154388682383192,18.420801391313034,AN81
18077,18,077,Jefferson,2020,11,30,90.72329724053114,8.708790714680337,2.6352415311094903,14.782441415601074,AN81
18077,18,077,Jefferson,2020,12,31,55.29309003558747,1.6216866944068256,-2.730320041372582,5.973277292940435,"AN81,AN91"
18077,18,077,Jefferson,2021,1,31,77.5708279419031,0.15669342749728177,-3.283548630560626,3.58492934727523,AN91
18077,18,077,Jefferson,2021,2,28,100.58746540005012,-1.9674251603254256,-6.299753115960635,2.3763480363076157,AN91
18077,18,077,Jefferson,2021,3,31,74.0153517143171,8.24508884561764,1.5556919934293967,14.965233711393573,AN91
18077,18,077,Jefferson,2021,4,30,101.56564430702264,11.685351315945873,5.422057254124394,17.94373177304635,AN91
18077,18,077,Jefferson,2021,5,31,73.99515314186722,16.127050272785677,9.980855552309132,22.172486346833463,AN91
18077,18,077,Jefferson,2021,6,30,156.03377585332643,22.841432665714386,17.617557013337482,28.11718910870641,AN91
18077,18,077,Jefferson,2021,7,31,168.15640814707962,23.19662894374512,18.15030348420985,28.243098691353545,AN91
18077,18,077,Jefferson,2021,8,31,88.89862288277823,24.26873018042837,18.931364504514576,29.60623793121258,AN91
18077,18,077,Jefferson,2021,9,30,119.87675927483947,20.049488642954792,13.913049469361464,26.186070706139706,AN91
18077,18,077,Jefferson,2021,10,31,114.25185968643122,15.708931612495546,10.509105063795536,20.908898907907204,AN91
18077,18,077,Jefferson,2021,11,30,40.769122964876644,4.756567902336972,-1.384618319688479,10.89785516825055,AN91
18077,18,077,Jefferson,2021,12,31,100.62423626313065,6.780275684438227,1.1728646592680876,12.387789371665747,AN91
18079,18,079,Jennings,2020,1,31,135.6320864213595,2.395535357161574,-1.676361125383764,6.46798471507699,AN81
18079,18,079,Jennings,2020,2,29,85.92315588139415,1.5185551648469933,-3.364373111844111,6.401502491823264,AN81
18079,18,079,Jennings,2020,3,31,159.11222884810954,8.586547455455976,3.325649200495758,13.847540390427996,AN81
18079,18,079,Jennings,2020,4,30,78.60493292756128,10.376560325712905,4.4801727061184575,16.273047945664825,AN81
18079,18,079,Jennings,2020,5,31,121.86164883221554,15.964517785932175,10.627483504080747,21.301658409645952,AN81
18079,18,079,Jennings,2020,6,30,97.64995792579093,22.834174438104235,16.838710481617948,28.82973597719596,AN81
18079,18,079,Jennings,2020,7,31,137.3009090180979,25.137622140099143,19.392529762989255,30.882815624745753,AN81
18079,18,079,Jennings,2020,8,31,112.59605257329541,22.568534533985506,17.18002052006437,27.957148142133754,AN81
18079,18,079,Jennings,2020,9,30,27.925646576045107,18.645183731679644,11.911353009954588,25.379111170159373,AN81
18079,18,079,Jennings,2020,10,31,154.1423815912792,12.24067582687684,5.971542678291426,18.5099084774184,AN81
18079,18,079,Jennings,2020,11,30,81.13049333967766,8.608041282050127,2.503625188332747,14.71255712561228,AN81
18079,18,079,Jennings,2020,12,31,43.251133309552266,1.4060431982705794,-3.0707048345772185,5.880074415639681,"AN81,AN91"
18079,18,079,Jennings,2021,1,31,76.25752724176303,0.10546926434017713,-3.3754864907258173,3.461317072131081,AN91
18079,18,079,Jennings,2021,2,28,97.80879405461934,-2.3373363552004762,-6.903264182210818,2.0578119478093666,AN91
18079,18,079,Jennings,2021,3,31,74.70757244864232,8.185632012256347,1.3100660813049583,14.916488969511873,AN91
18079,18,079,Jennings,2021,4,30,100.48452540587238,11.896837981266312,5.285401471883119,18.24557546011454,AN91
18079,18,079,Jennings,2021,5,31,80.03508663332029,16.143280023151124,9.882717370640458,22.28727451715046,AN91
18079,18,079,Jennings,2021,6,30,191.60000902185104,22.874562106961424,17.63917538283164,28.276574177609948,AN91
18079,18,079,Jennings,2021,7,31,175.53966252926162,23.23607996357418,18.088638948187885,28.38366435707999,AN91
18079,18,079,Jennings,2021,8,31,73.27291240946961,24.52181890414736,19.099466365432427,29.944312718637587,AN91
18079,18,079,Jennings,2021,9,30,120.28685593164806,20.314736026356172,14.081779540841012,26.547834806330158,AN91
18079,18,079,Jennings,2021,10,31,98.1975604443996,16.023001751758517,10.657746995400535,21.388397464605656,AN91
18079,18,079,Jennings,2021,11,30,48.737727825409415,4.802940459552979,-1.409076091001327,11.015057026572917,AN91
18079,18,079,Jennings,2021,12,31,128.31998567975558,6.528876349354989,0.8015654683601573,12.256284975604007,AN91
18081,18,081,Johnson,2020,1,31,136.21128703031104,1.032853569881405,-2.8606936616411867,4.926634521218499,AN81
18081,18,081,Johnson,2020,2,29,79.7821703484454,0.28712003392168295,-4.3598009230141,4.934040692083115,AN81
18081,18,081,Johnson,2020,3,31,144.62980440919895,7.507243037477094,2.927494126053139,12.087078267375695,AN81
18081,18,081,Johnson,2020,4,30,64.68691319826084,9.557374673376541,3.7763577605869263,15.338491617144436,AN81
18081,18,081,Johnson,2020,5,31,183.80070795100139,15.799979496801903,10.785856247504315,20.814201831828452,AN81
18081,18,081,Johnson,2020,6,30,67.9427102675018,23.022376821277348,17.412587460991503,28.63226671161444,AN81
18081,18,081,Johnson,2020,7,31,125.34541149642885,24.926124809302536,19.549828186826492,30.302521624398512,AN81
18081,18,081,Johnson,2020,8,31,109.94545598703331,22.514032966327704,17.252141475197522,27.776020362054744,AN81
18081,18,081,Johnson,2020,9,30,3.9916022007104406,18.367470422557652,11.617231089739851,25.117809962199583,AN81
18081,18,081,Johnson,2020,10,31,116.37953789944444,11.7114465860731,5.61804843212807,17.80494335951614,AN81
18081,18,081,Johnson,2020,11,30,98.26578387484707,7.823832786115722,2.000191474865304,13.647567852462148,AN81
18081,18,081,Johnson,2020,12,31,43.93158981807723,0.568723439771676,-3.7878741047863413,4.925802756496301,"AN81,AN91"
18081,18,081,Johnson,2021,1,31,66.538764445818,-0.7286729094823998,-3.9647602959756862,2.5268284074726903,AN91
18081,18,081,Johnson,2021,2,28,74.62930789315712,-4.040835941328255,-8.527456078001745,0.3700122941508358,AN91
18081,18,081,Johnson,2021,3,31,108.01845862230587,7.368166994379785,0.9061400798538606,13.83909197179475,AN91
18081,18,081,Johnson,2021,4,30,76.88862653010975,11.2593634136383,4.990432648125791,17.449361586250664,AN91
18081,18,081,Johnson,2021,5,31,93.75671746961333,15.755293321517716,9.87297594930224,21.63124314505262,AN91
18081,18,081,Johnson,2021,6,30,211.17812173616147,23.181837021294267,18.294014632677325,28.076838675858177,AN91
18081,18,081,Johnson,2021,7,31,160.60130903708932,23.047789914422925,18.17052906691261,27.925196418555977,AN91
18081,18,081,Johnson,2021,8,31,62.45078476338898,24.475813328864508,19.270821970972495,29.68094462931358,AN91
18081,18,081,Johnson,2021,9,30,177.56262744209724,20.52864764879501,14.780598480998966,26.276839558244955,AN91
18081,18,081,Johnson,2021,10,31,133.47398896550808,15.521526381172253,10.754805434009596,20.288388082294162,AN91
18081,18,081,Johnson,2021,11,30,37.68878201831218,4.187823127910348,-1.580772827046507,9.95651072080175,AN91
18081,18,081,Johnson,2021,12,31,134.61852104233628,5.401353585593555,-0.09807809341412188,10.900871188618275,AN91
18083,18,083,Knox,2020,1,31,158.41778028459265,2.1811994452086028,-1.8563373025917576,6.21919242068433,AN81
18083,18,083,Knox,2020,2,29,81.87355927103903,1.9780263295663,-2.667050198644469,6.6231384330115315,AN81
18083,18,083,Knox,2020,3,31,168.84279034327218,8.541739905863892,3.402940308663994,13.68063833122973,AN81
18083,18,083,Knox,2020,4,30,86.15507099482804,10.933041340144012,5.019807220062239,16.84637606182397,AN81
18083,18,083,Knox,2020,5,31,119.72422650452793,17.049811919297483,11.652215917113557,22.447509659197767,AN81
18083,18,083,Knox,2020,6,30,96.36935050312096,23.862666495469075,17.867344137047667,29.858089298473665,AN81
18083,18,083,Knox,2020,7,31,173.80400968779884,25.71831374240128,19.956605005155378,31.48012227388227,AN81
18083,18,083,Knox,2020,8,31,68.13717560658624,23.28154678090543,17.847418636598356,28.715777620251824,AN81
18083,18,083,Knox,2020,9,30,8.932929597761623,19.491148418596364,12.90730489648111,26.07509167432873,AN81
18083,18,083,Knox,2020,10,31,145.21632820152678,12.52096261672721,5.937422808295501,19.104603790300963,AN81
18083,18,083,Knox,2020,11,30,113.69905233793162,8.672558895788606,2.6576245921379424,14.687589722216504,AN81
18083,18,083,Knox,2020,12,31,74.2126803544174,1.9399607154027538,-2.6833529237134246,6.566386581841,"AN81,AN91"
18083,18,083,Knox,2021,1,31,67.73396069801198,0.16889739951592947,-3.546570759091386,3.9504485775456377,AN91
18083,18,083,Knox,2021,2,28,97.86852423468684,-3.285990000528249,-7.877926016565191,1.2956219322835274,AN91
18083,18,083,Knox,2021,3,31,102.57836199861444,9.145305017429639,2.8629383310628023,15.255539038515524,AN91
18083,18,083,Knox,2021,4,30,83.461974896693,12.588915641748361,6.712641732538191,18.55562209251914,AN91
18083,18,083,Knox,2021,5,31,80.59944288100961,17.216480011264004,11.54584745442234,22.915325444523692,AN91
18083,18,083,Knox,2021,6,30,157.189401163929,23.8379343564656,18.765374617968615,28.962420128515006,AN91
18083,18,083,Knox,2021,7,31,172.46730059204324,24.154557352270132,18.97519926676818,29.33405840920175,AN91
18083,18,083,Knox,2021,8,31,100.08066428053446,25.06274755507039,19.696029799178188,30.429606584814096,AN91
18083,18,083,Knox,2021,9,30,80.81355731763236,21.301956460910393,14.637405753271027,27.966651368621264,AN91
18083,18,083,Knox,2021,10,31,151.44493806920065,16.675901983034738,11.024324274731624,22.32762174303044,AN91
18083,18,083,Knox,2021,11,30,45.75795099725688,5.211872033642171,-0.7651629413246469,11.189015711365526,AN91
18083,18,083,Knox,2021,12,31,133.632083006136,7.117481688623126,1.9225587751412452,12.312505384815163,AN91
18085,18,085,Kosciusko,2020,1,31,97.3347075269904,-0.2803151376311708,-3.268123213456649,2.7075837525489503,AN81
18085,18,085,Kosciusko,2020,2,29,40.992706147799616,-1.777995298334683,-5.725087606563439,2.1690633587919246,AN81
18085,18,085,Kosciusko,2020,3,31,81.74005178145404,4.665367351094396,0.1707565292129228,9.16006104737756,AN81
18085,18,085,Kosciusko,2020,4,30,74.53121084722811,7.519232085078282,1.9579870195796445,13.080564251422144,AN81
18085,18,085,Kosciusko,2020,5,31,131.7060563081604,14.29932475690313,9.081996625811078,19.51675147702076,AN81
18085,18,085,Kosciusko,2020,6,30,74.87041419005402,21.89422954014229,15.864132749458292,27.92442970120176,AN81
18085,18,085,Kosciusko,2020,7,31,65.73950431548877,24.143905575102067,18.50233735029291,29.785573610176986,AN81
18085,18,085,Kosciusko,2020,8,31,77.24863629879653,21.879059724703023,15.761811825954785,27.996407409176282,AN81
18085,18,085,Kosciusko,2020,9,30,36.56102367201026,17.007559933147935,10.672500077173252,23.342717711627454,AN81
18085,18,085,Kosciusko,2020,10,31,61.145587164252426,9.939771550028615,4.249353127124657,15.630289522957343,AN81
18085,18,085,Kosciusko,2020,11,30,64.46545334312573,6.563718454671257,1.3127760947025233,11.814747400251372,AN81
18085,18,085,Kosciusko,2020,12,31,41.12161432295313,-0.4613624637141123,-4.188968413742609,3.259647837313704,"AN81,AN91"
18085,18,085,Kosciusko,2021,1,31,46.957565970697814,-2.023351643361048,-4.617420340600719,0.43780411254273105,AN91
18085,18,085,Kosciusko,2021,2,28,27.148321047234617,-6.5921448724049165,-10.995710318637135,-2.194258728005842,AN91
18085,18,085,Kosciusko,2021,3,31,83.04575016863542,5.486301557113332,-0.985751604300651,11.874108136828227,AN91
18085,18,085,Kosciusko,2021,4,30,61.86269196606853,9.533423416125954,3.59280062371211,15.505573193982382,AN91
18085,18,085,Kosciusko,2021,5,31,111.69384470719893,14.411707999531128,8.912588683892075,19.921390895161256,AN91
18085,18,085,Kosciusko,2021,6,30,172.4079853022047,22.175941279162057,17.132431253144837,27.41348389241665,AN91
18085,18,085,Kosciusko,2021,7,31,103.64102458756071,22.079279380030407,17.46582567264557,26.69287535169549,AN91
18085,18,085,Kosciusko,2021,8,31,112.40407374815778,22.907295209120477,17.71005590353066,28.10467871681528,AN91
18085,18,085,Kosciusko,2021,9,30,80.5922425250638,19.35670330610422,13.206045639724369,25.50750328937206,AN91
18085,18,085,Kosciusko,2021,10,31,206.71571719163265,13.879168805711025,9.434717842326359,18.32375789568803,AN91
18085,18,085,Kosciusko,2021,11,30,32.758171692284954,3.651831999041301,-0.9087494236292063,8.212494606268704,AN91
18085,18,085,Kosciusko,2021,12,31,79.82160766330954,2.7592416954314314,-1.4677719453060958,6.986338105345308,AN91
18087,18,087,LaGrange,2020,1,31,102.84804113068624,-0.6773282736535408,-3.7001513435310174,2.3454393748782123,AN81
18087,18,087,LaGrange,2020,2,29,43.32395862746344,-2.0615936598628095,-6.025553570678028,1.9023189205759883,AN81
18087,18,087,LaGrange,2020,3,31,61.67914042248257,4.340611556083518,-0.2398969482092675,8.921202881106884,AN81
18087,18,087,LaGrange,2020,4,30,74.12949212260635,7.036637719032119,1.6571577382534515,12.416203904407555,AN81
18087,18,087,LaGrange,2020,5,31,126.4168931754612,14.080243056827047,8.896190892241945,19.26439669184673,AN81
18087,18,087,LaGrange,2020,6,30,65.84257475932876,21.869879984156135,15.802177831098115,27.93768342185431,AN81
18087,18,087,LaGrange,2020,7,31,89.46333901497005,24.155845871739984,18.52879304831766,29.783003290343444,AN81
18087,18,087,LaGrange,2020,8,31,72.0716444489922,21.676504881775056,15.499038109479015,27.854071683197745,AN81
18087,18,087,LaGrange,2020,9,30,59.20308066482487,16.63047237015777,10.407938167687666,22.85310527064114,AN81
18087,18,087,LaGrange,2020,10,31,65.85891050954834,9.4778192978993,3.8554741201126825,15.100264800362012,AN81
18087,18,087,LaGrange,2020,11,30,57.65192187110757,6.386130402585843,1.0667316786703995,11.70561140771611,AN81
18087,18,087,LaGrange,2020,12,31,36.41377088159415,-0.4819891394714311,-4.120564215862709,3.1641191822198405,"AN81,AN91"
18087,18,087,LaGrange,2021,1,31,43.112641907904965,-2.3508936152111395,-4.863553879317118,0.16016364992351612,AN91
18087,18,087,LaGrange,2021,2,28,32.83599024569089,-6.494407613324468,-10.875165444949884,-2.0894657292238885,AN91
18087,18,087,LaGrange,2021,3,31,60.17828725214427,5.206647326816375,-1.4136505026803932,11.82721497397421,AN91
18087,18,087,LaGrange,2021,4,30,61.25349533407993,9.304167569221551,3.2672308865144686,15.306281327042926,AN91
18087,18,087,LaGrange,2021,5,31,72.03955073004452,14.232529100576928,8.316100414907684,20.160625166727236,AN91
18087,18,087,LaGrange,2021,6,30,188.3152759147364,22.13294962531711,16.805141621041813,27.482180138366843,AN91
18087,18,087,LaGrange,2021,7,31,86.18668089322563,22.052366655681222,17.10782754122792,26.99704767229295,AN91
18087,18,087,LaGrange,2021,8,31,116.55538990711591,22.988249961951627,17.290556887599525,28.686087982764544,AN91
18087,18,087,LaGrange,2021,9,30,120.90906316175551,18.885737044427138,12.630446142554268,25.141170142809408,AN91
18087,18,087,LaGrange,2021,10,31,209.60431579041494,13.744924579214729,9.111930711173004,18.378057959479687,AN91
18087,18,087,LaGrange,2021,11,30,35.24838515448276,3.404452571041733,-1.2598599233768826,8.068844277125992,AN91
18087,18,087,LaGrange,2021,12,31,79.08180061492205,2.1220220590950563,-2.108301659537111,6.352402742331836,AN91
18089,18,089,Lake,2020,1,31,107.20793150341159,-0.6151138996448354,-3.8302570165278085,2.599939542088748,AN81
18089,18,089,Lake,2020,2,29,46.206833610263566,-1.803943679860503,-5.791564534607363,2.1836403623609217,AN81
18089,18,089,Lake,2020,3,31,62.58336228595799,4.65209134113066,0.34957489875269765,8.9546876476913,AN81
18089,18,089,Lake,2020,4,30,135.50905477240502,7.692066966681809,2.0222096851861084,13.362023768143741,AN81
18089,18,089,Lake,2020,5,31,188.37438512529278,14.803430928023174,9.85891238072911,19.74804885711304,AN81
18089,18,089,Lake,2020,6,30,107.7981489878606,22.438875034451524,16.66286006970473,28.214992178671025,AN81
18089,18,089,Lake,2020,7,31,91.60272628470862,24.374339788980638,19.267846266327332,29.48093398104019,AN81
18089,18,089,Lake,2020,8,31,50.256760867191446,22.204820656624587,16.50628366470297,27.903456374374418,AN81
18089,18,089,Lake,2020,9,30,69.57403804108984,17.485708189492804,11.648613782771722,23.322901624055174,AN81
18089,18,089,Lake,2020,10,31,62.1547570257454,9.97836941431717,4.151972317121097,15.804862435300052,AN81
18089,18,089,Lake,2020,11,30,48.2963509520945,7.098714805089604,1.6202464068256137,12.577272108103408,AN81
18089,18,089,Lake,2020,12,31,54.421897309231724,-0.3224325470969657,-4.4335212541598255,3.7886659984724265,"AN81,AN91"
18089,18,089,Lake,2021,1,31,68.71126909846484,-2.2350939215360515,-5.189214488129977,0.708630884865702,AN91
18089,18,089,Lake,2021,2,28,39.53838101560147,-7.417153222328962,-12.395037609754482,-2.5040375860205906,AN91
18089,18,089,Lake,2021,3,31,42.73985693763673,5.587926889731397,-0.23269692533054456,11.39175267068874,AN91
18089,18,089,Lake,2021,4,30,61.636772199113096,9.682588569422572,3.749758866699676,15.431898783972743,AN91
18089,18,089,Lake,2021,5,31,112.01579772879997,14.594194322887192,9.130436494312054,19.819482722985303,AN91
18089,18,089,Lake,2021,6,30,189.11063925794832,22.562778439562273,17.519593731843734,27.66754985098644,AN91
18089,18,089,Lake,2021,7,31,58.84571829774657,22.63001528063439,18.377410274969314,26.882762069835188,AN91
18089,18,089,Lake,2021,8,31,106.04851128590195,23.755450335475345,18.52113854020073,28.989907119979552,AN91
18089,18,089,Lake,2021,9,30,30.7773794364209,20.088778971680338,13.998368138505093,26.17933317320681,AN91
18089,18,089,Lake,2021,10,31,210.38368101501501,14.441662104414588,9.8535562569178,19.02990842310154,AN91
18089,18,089,Lake,2021,11,30,20.895958128141622,3.5982416811771616,-1.4067441720437008,8.6033009544091,AN91
18089,18,089,Lake,2021,12,31,64.23087236559518,2.432056032562106,-1.9834307214324685,6.847614426373616,AN91
18091,18,091,LaPorte,2020,1,31,113.21554895311147,-0.5890450379886244,-3.585811214926552,2.4076197785559463,AN81
18091,18,091,LaPorte,2020,2,29,43.389624982726374,-2.0613783807586343,-6.093947204979004,1.9711442700307473,AN81
18091,18,091,LaPorte,2020,3,31,57.19831541385034,4.129132062118092,-0.42651886908213726,8.684861147954972,AN81
18091,18,091,LaPorte,2020,4,30,124.70743413495495,7.186242535185958,1.6720430349906072,12.700528641831363,AN81
18091,18,091,LaPorte,2020,5,31,140.1665473836403,14.307495091141059,9.228238303696212,19.386850893564056,AN81
18091,18,091,LaPorte,2020,6,30,82.75115901483848,21.786271937122624,15.767288559086243,27.805355744164718,AN81
18091,18,091,LaPorte,2020,7,31,74.11044433211501,23.699373922936125,18.25250859659179,29.146340577025555,AN81
18091,18,091,LaPorte,2020,8,31,64.17646520637729,21.334625252713554,15.048565736975267,27.620786146400125,AN81
18091,18,091,LaPorte,2020,9,30,60.38916510516118,16.847435022267092,10.43447700119697,23.26049438219919,AN81
18091,18,091,LaPorte,2020,10,31,79.72650275903831,9.730555189727486,3.9587404159144004,15.502469957015112,AN81
18091,18,091,LaPorte,2020,11,30,54.675968981490584,6.8243565157873665,1.505055982299565,12.143744875591965,AN81
18091,18,091,LaPorte,2020,12,31,49.733430521013716,-0.3980024838049074,-4.1612115462818595,3.3687526711884552,"AN81,AN91"
18091,18,091,LaPorte,2021,1,31,63.6522124555274,-2.3096472767436564,-5.103660993444881,0.5139425819105058,AN91
18091,18,091,LaPorte,2021,2,28,33.26822673215283,-6.9480314414725655,-11.4571617419118,-2.375809848421237,AN91
18091,18,091,LaPorte,2021,3,31,50.716139469704686,5.141693824304433,-0.9887810743880896,11.405196449181503,AN91
18091,18,091,LaPorte,2021,4,30,53.15494397121435,9.083657922365456,3.1497791319325747,14.978935336768222,AN91
18091,18,091,LaPorte,2021,5,31,96.08448125237375,14.21884925765029,8.585719819559516,19.738498176989314,AN91
18091,18,091,LaPorte,2021,6,30,181.22211843459397,22.057305924167686,16.79415635092895,27.30077822281954,AN91
18091,18,091,LaPorte,2021,7,31,76.60891044892787,21.924078358179973,17.27883188724814,26.56946721162103,AN91
18091,18,091,LaPorte,2021,8,31,110.62678595660581,22.960010402075657,17.361481852692027,28.558682916231763,AN91
18091,18,091,LaPorte,2021,9,30,51.211118590375804,19.404997221493897,12.943215798149456,25.8669222106688,AN91
18091,18,091,LaPorte,2021,10,31,184.8219855381392,13.903345369562624,9.300016502148203,18.506814104248274,AN91
18091,18,091,LaPorte,2021,11,30,32.58415537654956,3.56105179408917,-1.1838214849395023,8.30600828454146,AN91
18091,18,091,LaPorte,2021,12,31,76.80158466247202,2.393098536057953,-1.9631197756751757,6.7493907634032935,AN91
18093,18,093,Lawrence,2020,1,31,159.51487545782098,2.3383486237240447,-1.8932100392838558,6.570356912947513,AN81
18093,18,093,Lawrence,2020,2,29,92.52672857433555,1.8808461899228919,-3.1072266294729616,6.868946428926261,AN81
18093,18,093,Lawrence,2020,3,31,176.439602003588,8.662665943202626,3.3396470974201615,13.985778918511633,AN81
18093,18,093,Lawrence,2020,4,30,98.3262755211502,10.38510750334285,4.117073539831966,16.653242089825387,AN81
18093,18,093,Lawrence,2020,5,31,145.568545240645,16.15251702603152,10.38904834501995,21.916084858685068,AN81
18093,18,093,Lawrence,2020,6,30,86.61239438560662,22.91201428982833,16.509683558709536,29.314451391123498,AN81
18093,18,093,Lawrence,2020,7,31,217.65696401135042,25.144294481603605,19.16135970299896,31.12733007881189,AN81
18093,18,093,Lawrence,2020,8,31,83.98804604013576,22.842115162364333,17.189810288200672,28.494523473181548,AN81
18093,18,093,Lawrence,2020,9,30,20.021156076936716,18.879963753947283,12.252224497767457,25.507805452581426,AN81
18093,18,093,Lawrence,2020,10,31,170.62158851868665,12.392813239156734,5.966566697887727,18.81916093126002,AN81
18093,18,093,Lawrence,2020,11,30,97.14805981659914,8.830323690344406,2.7295462915702404,14.931195082080674,AN81
18093,18,093,Lawrence,2020,12,31,55.882781800674366,1.7856097416513124,-2.8901086570769876,6.460760097434816,"AN81,AN91"
18093,18,093,Lawrence,2021,1,31,76.70986159896201,0.21119254821353733,-3.564172213785737,3.8806867391375204,AN91
18093,18,093,Lawrence,2021,2,28,107.36563357193415,-2.501934486030785,-7.340984308719329,2.18483932557974,AN91
18093,18,093,Lawrence,2021,3,31,91.87549358180496,8.663841937712865,1.8883253783914347,15.376393192395518,AN91
18093,18,093,Lawrence,2021,4,30,127.83629044640598,12.092363785032548,5.491116629682306,18.748470139690053,AN91
18093,18,093,Lawrence,2021,5,31,62.542802924987285,16.460949109529537,9.92562224749148,23.127650636592826,AN91
18093,18,093,Lawrence,2021,6,30,181.23938496280883,22.986479280512576,17.321357154418475,28.623940252213064,AN91
18093,18,093,Lawrence,2021,7,31,164.31836228013194,23.732523649047963,18.296911761191758,29.16827740848771,AN91
18093,18,093,Lawrence,2021,8,31,123.63019333341903,24.838472901357584,19.190296373290884,30.486790045134786,AN91
18093,18,093,Lawrence,2021,9,30,149.95869141070347,20.744504459926734,14.423865160535568,27.065286071449634,AN91
18093,18,093,Lawrence,2021,10,31,99.50827507772432,16.13741087088481,10.729977320941677,21.54498566023388,AN91
18093,18,093,Lawrence,2021,11,30,57.4267417091933,5.032540780833636,-1.2351090511522649,11.300297938519044,AN91
18093,18,093,Lawrence,2021,12,31,134.1994133389721,6.962658269248631,1.3300987366056598,12.595319534415362,AN91
18095,18,095,Madison,2020,1,31,125.00208224681538,0.553769438805399,-3.0368571249681278,4.144467932507155,AN81
18095,18,095,Madison,2020,2,29,94.90200761095423,-0.8130937403136475,-5.182601831815018,3.556399245523744,AN81
18095,18,095,Madison,2020,3,31,128.1803312884574,6.168234785735718,1.510088126647226,10.826465387965248,AN81
18095,18,095,Madison,2020,4,30,41.773353572241895,9.020727729025138,2.969753132244985,15.071805999607713,AN81
18095,18,095,Madison,2020,5,31,138.58469961394937,15.405221186025303,10.152120788941703,20.65842284847585,AN81
18095,18,095,Madison,2020,6,30,104.71936463864789,22.39333581829194,16.51915834640212,28.26761775719795,AN81
18095,18,095,Madison,2020,7,31,86.5083023468074,24.288948074853955,18.690168965709066,29.88783039824006,AN81
18095,18,095,Madison,2020,8,31,63.13692439863457,21.876567213045472,16.131792560120793,27.621442653068122,AN81
18095,18,095,Madison,2020,9,30,37.58688480291505,18.07422867473021,11.516238776559806,24.63231698084407,AN81
18095,18,095,Madison,2020,10,31,145.53327485707692,11.325242097267655,5.313242245502351,17.337344139940697,AN81
18095,18,095,Madison,2020,11,30,87.03715627502751,7.634937200725759,2.247182242174107,13.022787080254709,AN81
18095,18,095,Madison,2020,12,31,35.8046479641554,0.24403067551884494,-3.7301457315799875,4.22789152554678,"AN81,AN91"
18095,18,095,Madison,2021,1,31,49.54779284831397,-1.176246784404759,-4.067325918046563,1.731462180160291,AN91
18095,18,095,Madison,2021,2,28,43.906178333154074,-5.2639650284694115,-9.67239801981749,-0.8411257908736154,AN91
18095,18,095,Madison,2021,3,31,101.48262944924166,6.775964759176077,0.5283937571692701,13.006937969518404,AN91
18095,18,095,Madison,2021,4,30,64.98471502247531,11.094394226279059,5.202948589411662,16.90458136071087,AN91
18095,18,095,Madison,2021,5,31,96.64688370038165,15.474614389378294,9.858403354770715,20.998730709809276,AN91
18095,18,095,Madison,2021,6,30,136.09118502590312,23.04593725499253,17.94162439214609,28.07395377148584,AN91
18095,18,095,Madison,2021,7,31,130.2517458828917,22.88656842298176,17.861131990948614,27.912150758733176,AN91
18095,18,095,Madison,2021,8,31,102.14659500848666,23.926026775019587,18.308394320882506,29.54380058616131,AN91
18095,18,095,Madison,2021,9,30,118.7921927368646,19.996466325558703,13.786575560611462,26.20649998953843,AN91
18095,18,095,Madison,2021,10,31,184.92990208093684,15.226555343286485,10.24166168897297,20.21159115115037,AN91
18095,18,095,Madison,2021,11,30,32.7676054075486,3.959778019673439,-1.3170080047823471,9.23664765216912,AN91
18095,18,095,Madison,2021,12,31,120.36676093570993,4.352776074727713,-0.6893544410002591,9.394995987627702,AN91
18097,18,097,Marion,2020,1,31,142.58138880465918,1.175612981783444,-2.4322296670816272,4.783674726402141,AN81
18097,18,097,Marion,2020,2,29,100.8299506508609,0.18429640719102344,-4.129799256721014,4.4983922747656795,AN81
18097,18,097,Marion,2020,3,31,121.39202574789854,7.2343919746817935,2.724800708671636,11.744070748991529,AN81
18097,18,097,Marion,2020,4,30,54.76488992540834,9.737660335696173,4.241498269356534,15.233922686113738,AN81
18097,18,097,Marion,2020,5,31,161.1333605761781,15.91266264433328,11.120663370681235,20.704763848262722,AN81
18097,18,097,Marion,2020,6,30,103.79380647990489,23.166313093751715,17.992582734228883,28.34014650111936,AN81
18097,18,097,Marion,2020,7,31,120.86547207111673,25.201953918199884,20.282826253308592,30.121180037629703,AN81
18097,18,097,Marion,2020,8,31,101.16392832700086,22.99002695154723,17.950045985426826,28.030106640350454,AN81
18097,18,097,Marion,2020,9,30,6.796527383451706,18.953409719735063,12.988300821447963,24.918622733921538,AN81
18097,18,097,Marion,2020,10,31,137.67296368676153,11.951454261145635,6.379595816520447,17.523412720970516,AN81
18097,18,097,Marion,2020,11,30,96.95538761793226,8.177003877791538,2.986600965465367,13.367501008055806,AN81
18097,18,097,Marion,2020,12,31,45.09710214794404,0.8037435314037966,-3.1120705687936328,4.7191663043840535,"AN81,AN91"
18097,18,097,Marion,2021,1,31,57.23182711619561,-0.7440904921355904,-3.747530276884295,2.224079291232875,AN91
18097,18,097,Marion,2021,2,28,49.91987268305428,-4.09489029186236,-8.252007396302954,0.018908619332081638,AN91
18097,18,097,Marion,2021,3,31,100.26969504654339,7.543924526087939,1.525643674019298,13.519753095596014,AN91
18097,18,097,Marion,2021,4,30,90.6661016361129,11.7556796408588,6.053484743165688,17.162411209874303,AN91
18097,18,097,Marion,2021,5,31,84.6656203265241,16.043781531637286,10.521440248559522,21.39375115206007,AN91
18097,18,097,Marion,2021,6,30,220.2085257399008,23.408975740033966,18.687569748763874,28.133151406600053,AN91
18097,18,097,Marion,2021,7,31,137.706257072324,23.695062301277087,19.244896341448854,28.145373993219135,AN91
18097,18,097,Marion,2021,8,31,65.33345923883057,24.86445080667763,19.934107588249265,29.79493555088315,AN91
18097,18,097,Marion,2021,9,30,143.50927203654436,20.834000915357628,15.352436054251761,26.315708149136892,AN91
18097,18,097,Marion,2021,10,31,180.83218029661586,15.603285266990303,11.006776702806773,20.199936588686107,AN91
18097,18,097,Marion,2021,11,30,35.15745538162811,4.398649745102127,-0.833117833216372,9.63051291973759,AN91
18097,18,097,Marion,2021,12,31,116.61809375228141,5.38278548749169,0.31303699345593244,10.452626349350334,AN91
18099,18,099,Marshall,2020,1,31,101.94692622741874,-0.40004048691942873,-3.4197173703559,2.6196272739192534,AN81
18099,18,099,Marshall,2020,2,29,47.88469331157105,-1.8532724151430195,-5.999947459973827,2.2933650312552434,AN81
18099,18,099,Marshall,2020,3,31,71.03060612338261,4.56492417689591,-0.08635492703063175,9.216282314352018,AN81
18099,18,099,Marshall,2020,4,30,103.76681176721938,7.57132617479799,1.813943556494578,13.328803319905619,AN81
18099,18,099,Marshall,2020,5,31,118.53727977040215,14.64765429727013,9.231471436179513,20.0639358499129,AN81
18099,18,099,Marshall,2020,6,30,79.80426011108771,22.055794550879234,15.807744785873991,28.303943825336486,AN81
18099,18,099,Marshall,2020,7,31,73.9991457809994,23.971322324355743,18.230567121507814,29.71217674593562,AN81
18099,18,099,Marshall,2020,8,31,64.82941095339248,21.629037016361004,15.212171995132103,28.046004517546113,AN81
18099,18,099,Marshall,2020,9,30,40.44188246943679,17.03832444108211,10.504684403639413,23.572065599616007,AN81
18099,18,099,Marshall,2020,10,31,66.37199817662956,9.904373747853148,4.028365486050919,15.780485196870835,AN81
18099,18,099,Marshall,2020,11,30,55.83628950012995,6.7249301827155765,1.3366969218039069,12.11325227035843,AN81
18099,18,099,Marshall,2020,12,31,45.63574929652844,-0.4919408193780044,-4.304544051429355,3.317889617846148,"AN81,AN91"
18099,18,099,Marshall,2021,1,31,58.6859612518068,-2.2149400129045467,-4.9617822243338505,0.48102607846385287,AN91
18099,18,099,Marshall,2021,2,28,30.5384711254763,-6.808635816448879,-11.393647228793165,-2.237291624017789,AN91
18099,18,099,Marshall,2021,3,31,65.59015360473428,5.5428961989226915,-1.106886341158746,12.04579320121791,AN91
18099,18,099,Marshall,2021,4,30,67.87384379286688,9.675837347851227,3.389084055745846,15.725000011022733,AN91
18099,18,099,Marshall,2021,5,31,113.20963495326703,14.636649125118739,8.753118085525115,20.33474045021009,AN91
18099,18,099,Marshall,2021,6,30,208.47733293183305,22.35654362422302,16.98090620556702,27.725047845860253,AN91
18099,18,099,Marshall,2021,7,31,98.68383983012276,22.26546622588268,17.40341411801979,27.127660005189565,AN91
18099,18,099,Marshall,2021,8,31,118.7173886141978,23.125599421390138,17.637069128645283,28.61427263709348,AN91
18099,18,099,Marshall,2021,9,30,62.36172393682778,19.483771177850134,13.072639909103652,25.895045563472067,AN91
18099,18,099,Marshall,2021,10,31,223.87431887511505,14.021557037003182,9.415054233509712,18.628196392283858,AN91
18099,18,099,Marshall,2021,11,30,33.77188854347199,3.5231605007620437,-1.2432414590613756,8.289642382621206,AN91
18099,18,099,Marshall,2021,12,31,78.35677458392053,2.537524418078283,-1.957994998546502,7.03311854177654,AN91
18101,18,101,Martin,2020,1,31,153.97753247664713,2.730910616676842,-1.54431969952977,7.006608839450395,AN81
18101,18,101,Martin,2020,2,29,99.56977584366143,2.178676788142988,-2.8559423052660553,7.21333204768257,AN81
18101,18,101,Martin,2020,3,31,168.5392656161149,8.97362386338825,3.5756958087650297,14.371646219897722,AN81
18101,18,101,Martin,2020,4,30,91.76075716500465,10.707551607790343,4.4895882355656,16.925617297880926,AN81
18101,18,101,Martin,2020,5,31,141.75146123222348,16.668521735434382,10.93153071348051,22.405611425689354,AN81
18101,18,101,Martin,2020,6,30,98.96230918019513,23.206275960237562,16.806358402110813,29.606291481319506,AN81
18101,18,101,Martin,2020,7,31,216.55613574325884,25.497295465771508,19.60263532058754,31.39205733891939,AN81
18101,18,101,Martin,2020,8,31,91.97333742024813,23.095399571681885,17.39037794912969,28.800519952434662,AN81
18101,18,101,Martin,2020,9,30,23.68607486186393,19.17902290021745,12.553688860195575,25.80445816941167,AN81
18101,18,101,Martin,2020,10,31,158.81112462006493,12.675919948730709,6.1467233911339925,19.20521525789942,AN81
18101,18,101,Martin,2020,11,30,102.02804174936581,9.131782787022683,2.8532907733287867,15.410370767802265,AN81
18101,18,101,Martin,2020,12,31,64.09311470292083,2.219108713160432,-2.5225632619719724,6.961555441469485,"AN81,AN91"
18101,18,101,Martin,2021,1,31,74.94928533253432,0.49019264433073984,-3.3892347438728594,4.367636787986402,AN91
18101,18,101,Martin,2021,2,28,104.464275674339,-2.3728554293108757,-7.195243243296142,2.372053188706005,AN91
18101,18,101,Martin,2021,3,31,99.53350548262239,9.338268253562317,2.5968764260538473,16.023830833732532,AN91
18101,18,101,Martin,2021,4,30,106.9341137908651,12.633010443758314,6.1386642928136,19.27578643466237,AN91
18101,18,101,Martin,2021,5,31,65.16874666898148,17.233805349456116,10.742049100168321,23.752174285563623,AN91
18101,18,101,Martin,2021,6,30,142.60502556611908,23.661334535079238,18.08074343951565,29.215293311180865,AN91
18101,18,101,Martin,2021,7,31,163.0762465182886,24.29993823445128,18.818626225624435,29.781393482725022,AN91
18101,18,101,Martin,2021,8,31,124.4596790663086,25.31540024645685,19.707465648816658,30.923475571915915,AN91
18101,18,101,Martin,2021,9,30,144.2708415522523,21.458479871211676,15.073553699388738,27.843551807495103,AN91
18101,18,101,Martin,2021,10,31,92.9547085712986,16.946571951678106,11.338825593721355,22.55446008999633,AN91
18101,18,101,Martin,2021,11,30,53.40718136638413,5.5893744890439665,-0.545367327571198,11.724230206801671,AN91
18101,18,101,Martin,2021,12,31,143.05293270872664,7.678998232719315,2.1055623151107996,13.252541275788051,AN91
18103,18,103,Miami,2020,1,31,95.08993499285928,0.060729925650985735,-3.2744250874151897,3.3958767898617244,AN81
18103,18,103,Miami,2020,2,29,50.28492276504433,-1.4769564240688475,-5.616919067671796,2.6629766875513705,AN81
18103,18,103,Miami,2020,3,31,76.64459966275103,5.302835121024868,0.6534843952806786,9.952268482709275,AN81
18103,18,103,Miami,2020,4,30,48.070576671545886,8.380124099671127,2.3261147701289624,14.43423017542696,AN81
18103,18,103,Miami,2020,5,31,129.94852102573836,15.152975388763872,9.869996327009787,20.436054354153722,AN81
18103,18,103,Miami,2020,6,30,72.00846868682102,22.347958411138382,16.320035895788568,28.375983827835118,AN81
18103,18,103,Miami,2020,7,31,66.07673385357238,24.429713239623954,18.763843439022065,30.095682583152765,AN81
18103,18,103,Miami,2020,8,31,52.42601582761892,21.978323627551053,15.839569675819995,28.117175267698922,AN81
18103,18,103,Miami,2020,9,30,71.95335348682092,17.739479737514127,11.3713965268672,24.107665502418346,AN81
18103,18,103,Miami,2020,10,31,78.52900857168233,10.726988122364395,4.852486701205153,16.601587207936273,AN81
18103,18,103,Miami,2020,11,30,63.045094718182256,6.949877586512691,1.5132048586031828,12.386638029798963,AN81
18103,18,103,Miami,2020,12,31,41.05455785280064,-0.25840933058618015,-4.2421529822384,3.7243422096801884,"AN81,AN91"
18103,18,103,Miami,2021,1,31,49.66093462830211,-1.750772089255331,-4.554582429667645,0.9722257179833129,AN91
18103,18,103,Miami,2021,2,28,28.126525790376714,-6.471613935993986,-11.322538300532273,-1.6770263742093185,AN91
18103,18,103,Miami,2021,3,31,116.65089334955404,6.22012669810061,-0.28229253428725826,12.567637189022662,AN91
18103,18,103,Miami,2021,4,30,84.79301891792855,10.453179973234588,4.186982120648503,16.409172034847543,AN91
18103,18,103,Miami,2021,5,31,121.41128992840682,15.1568453079379,9.462438933002586,20.688930744611945,AN91
18103,18,103,Miami,2021,6,30,130.2964917870365,22.853695226533556,17.553039613349043,28.036106363253108,AN91
18103,18,103,Miami,2021,7,31,98.10397777624823,22.64933370499057,17.675735194461165,27.623074644370057,AN91
18103,18,103,Miami,2021,8,31,55.49450756585658,23.61509927286319,17.983466783699118,29.24687424690605,AN91
18103,18,103,Miami,2021,9,30,82.17508636334757,19.940671504367984,13.582308765107484,26.299177063492948,AN91
18103,18,103,Miami,2021,10,31,212.31978654474122,14.782816555203294,10.023637343160582,19.54213617421064,AN91
18103,18,103,Miami,2021,11,30,29.99469314033752,3.7281162135662558,-1.1845203326015161,8.640830546717549,AN91
18103,18,103,Miami,2021,12,31,92.15597260154819,3.3987030141198455,-1.2091908672925884,8.006682519342244,AN91
18105,18,105,Monroe,2020,1,31,153.25292833039606,1.8544788157935455,-2.135437529193507,5.844684458997611,AN81
18105,18,105,Monroe,2020,2,29,88.01855472629602,1.2412838723947879,-3.526390398922528,6.008979694423935,AN81
18105,18,105,Monroe,2020,3,31,166.69640502109894,8.144868939856456,3.118836819316942,13.170994988584258,AN81
18105,18,105,Monroe,2020,4,30,76.78969639454837,10.09184247016965,4.116127330349692,16.06765636791146,AN81
18105,18,105,Monroe,2020,5,31,163.20804060550884,15.988576865388348,10.513172240403003,21.46407922114055,AN81
18105,18,105,Monroe,2020,6,30,45.276330040499516,23.029939052352766,16.92020119083347,29.139778504850653,AN81
18105,18,105,Monroe,2020,7,31,193.95219942929165,25.129687180123213,19.338579687012526,30.920893675754417,AN81
18105,18,105,Monroe,2020,8,31,87.59794187491813,22.81048270905403,17.239059157813685,28.38200518074824,AN81
18105,18,105,Monroe,2020,9,30,6.456183580629617,18.874820699885866,12.23527489197676,25.51446559781489,AN81
18105,18,105,Monroe,2020,10,31,132.83336074339925,12.211129075819363,5.917498525991166,18.5048603513757,AN81
18105,18,105,Monroe,2020,11,30,107.31463378684477,8.462455185582693,2.5513843665763987,14.373621143772658,AN81
18105,18,105,Monroe,2020,12,31,57.36126135407952,1.344020272183181,-3.2155567315478457,5.905488130784331,"AN81,AN91"
18105,18,105,Monroe,2021,1,31,69.6418438476343,-0.2608846441648558,-3.7615149517506636,3.2315909574360835,AN91
18105,18,105,Monroe,2021,2,28,95.51681725478467,-3.072663138961681,-7.796408108183193,1.5388077332097423,AN91
18105,18,105,Monroe,2021,3,31,110.48093390442904,8.189184072439454,1.6472061400347644,14.849206428225413,AN91
18105,18,105,Monroe,2021,4,30,86.9074530204393,11.941876923585841,5.663006013310294,18.19047333942707,AN91
18105,18,105,Monroe,2021,5,31,79.24577687160497,16.202652538841186,10.068682602019367,22.42474822092752,AN91
18105,18,105,Monroe,2021,6,30,273.27148008990343,23.067803803652858,17.85664909025687,28.322408266515463,AN91
18105,18,105,Monroe,2021,7,31,183.0468222846057,23.528984916580168,18.31359884632896,28.74451174242634,AN91
18105,18,105,Monroe,2021,8,31,73.72687872823454,24.751723511113017,19.276919181049806,30.226671401072835,AN91
18105,18,105,Monroe,2021,9,30,145.55964362061158,20.66852422292909,14.519140970096865,26.818048824826825,AN91
18105,18,105,Monroe,2021,10,31,138.33247742950073,15.893936059919376,10.750099882371355,21.037911872112964,AN91
18105,18,105,Monroe,2021,11,30,42.581154928298595,4.654387669162414,-1.3436015964621846,10.652481231759879,AN91
18105,18,105,Monroe,2021,12,31,135.61839538237604,6.2592601927426985,0.7920636387840757,11.726549767521941,AN91
18107,18,107,Montgomery,2020,1,31,98.74415646328559,0.31974934678475125,-3.3028925593314367,3.9425289956960787,AN81
18107,18,107,Montgomery,2020,2,29,76.30752179738201,-0.8625191584155354,-5.405241754346383,3.680188550469892,AN81
18107,18,107,Montgomery,2020,3,31,104.05908881095307,6.213960442617928,1.458189228788213,10.969816177455703,AN81
18107,18,107,Montgomery,2020,4,30,58.77185957998816,8.829872802039972,2.6765949022957733,14.983249611841055,AN81
18107,18,107,Montgomery,2020,5,31,106.4347461212778,15.388604497957994,10.105944162464821,20.671365889965656,AN81
18107,18,107,Montgomery,2020,6,30,92.30108188355382,22.394374530471712,16.328675219094897,28.46017366554186,AN81
18107,18,107,Montgomery,2020,7,31,140.0535477773431,24.03476557091994,18.49453582297964,29.575094986173323,AN81
18107,18,107,Montgomery,2020,8,31,44.79619500045057,21.4437894289652,15.53217941156277,27.355500095315115,AN81
18107,18,107,Montgomery,2020,9,30,15.212964111050672,17.64942535265393,10.887202199637546,24.411750407360802,AN81
18107,18,107,Montgomery,2020,10,31,111.49070499247605,11.378556800244452,4.9488462504473025,17.8083708575629,AN81
18107,18,107,Montgomery,2020,11,30,66.61426481369615,7.390589906163071,1.7890884349973568,12.992185733174162,AN81
18107,18,107,Montgomery,2020,12,31,51.31501198398957,0.007976517340219156,-4.353357873250986,4.371562641077629,"AN81,AN91"
18107,18,107,Montgomery,2021,1,31,49.80691861478125,-1.8004440883233939,-5.051952521230721,1.4726663629112091,AN91
18107,18,107,Montgomery,2021,2,28,46.95287781010022,-6.139234055764854,-10.712177686847257,-1.2628129698532014,AN91
18107,18,107,Montgomery,2021,3,31,115.90347411590494,6.770410354676908,0.5366974788607768,13.166838770696309,AN91
18107,18,107,Montgomery,2021,4,30,47.348184695664195,10.704049975100993,4.789478460516237,16.872000552005694,AN91
18107,18,107,Montgomery,2021,5,31,88.83256484659972,15.233761476162682,9.559241125806743,20.93938256473796,AN91
18107,18,107,Montgomery,2021,6,30,152.27765512463668,22.489715536910964,17.335334723379624,28.06276616110746,AN91
18107,18,107,Montgomery,2021,7,31,99.34956218247942,22.22176869269547,16.910915412452617,27.532764916004332,AN91
18107,18,107,Montgomery,2021,8,31,54.08784218453215,23.0947445962235,17.206288463694964,28.983343141566646,AN91
18107,18,107,Montgomery,2021,9,30,107.6112296486906,19.684713279243642,13.003590449688463,26.365979597171773,AN91
18107,18,107,Montgomery,2021,10,31,211.73382023482097,14.708099977119808,9.576093754350929,19.84024650784605,AN91
18107,18,107,Montgomery,2021,11,30,33.19488487458756,3.1749831039299163,-2.417825075119198,8.767845348920918,AN91
18107,18,107,Montgomery,2021,12,31,107.51209797395762,4.061760771305732,-0.9092777315146682,9.032882675283536,AN91
18109,18,109,Morgan,2020,1,31,145.53143522311012,1.2452089631830623,-2.6263862539587626,5.117020473064003,AN81
18109,18,109,Morgan,2020,2,29,91.608175215429,0.4910985987575643,-4.154687668804911,5.136889799594602,AN81
18109,18,109,Morgan,2020,3,31,153.3059205509963,7.487925673205966,2.6851795526400974,12.290764183096051,AN81
18109,18,109,Morgan,2020,4,30,60.677462005926394,9.578445983888104,3.7368422015912217,15.420151018287378,AN81
18109,18,109,Morgan,2020,5,31,167.66351731956357,15.637008424569293,10.419895036280307,20.854221074982064,AN81
18109,18,109,Morgan,2020,6,30,67.31049539445283,22.82401477728365,17.128679498198885,28.519447987553086,AN81
18109,18,109,Morgan,2020,7,31,139.566164167969,24.80940040358668,19.41535311182186,30.203545243773146,AN81
18109,18,109,Morgan,2020,8,31,60.02701159711624,22.573561977470067,17.297823430820955,27.84939909856503,AN81
18109,18,109,Morgan,2020,9,30,3.3755970474531845,18.514715496925685,12.008224490812763,25.021304667202152,AN81
18109,18,109,Morgan,2020,10,31,114.27634370133852,11.714486519866131,5.556998113890154,17.87207513788122,AN81
18109,18,109,Morgan,2020,11,30,102.39556299521331,7.902884291807129,2.0920710912098706,13.713790426781335,AN81
18109,18,109,Morgan,2020,12,31,53.987344638071576,0.7276295903096406,-3.723231849392251,5.181552972599738,"AN81,AN91"
18109,18,109,Morgan,2021,1,31,68.22418007198992,-0.7878335343615196,-4.073526110096665,2.591497190976019,AN91
18109,18,109,Morgan,2021,2,28,70.3191248444661,-3.91022590230502,-8.410664477378976,0.5824078671836153,AN91
18109,18,109,Morgan,2021,3,31,106.98803149331773,7.619269645674573,1.2393905182186282,14.03721635940276,AN91
18109,18,109,Morgan,2021,4,30,80.68047705089941,11.461177725069764,5.464907391208892,17.51640371586365,AN91
18109,18,109,Morgan,2021,5,31,98.76135292056097,15.733679922631172,10.04879148037262,21.647162916184193,AN91
18109,18,109,Morgan,2021,6,30,244.1440534871844,23.011185092017755,18.06617503001859,28.04823845718817,AN91
18109,18,109,Morgan,2021,7,31,157.44795235798136,23.176476531836336,18.28740539703918,28.065690120557317,AN91
18109,18,109,Morgan,2021,8,31,43.20486042079281,24.469041843591754,19.239935777863522,29.69828999256483,AN91
18109,18,109,Morgan,2021,9,30,124.1180112794998,20.525797052788302,14.607589888281527,26.444147867592086,AN91
18109,18,109,Morgan,2021,10,31,158.6107286047667,15.363946211542556,10.35737757347712,20.37065455171058,AN91
18109,18,109,Morgan,2021,11,30,37.07303075325037,4.201929329275876,-1.5787938410297726,9.982748450463593,AN91
18109,18,109,Morgan,2021,12,31,123.15948874262597,5.561467643677847,0.16628445209909207,10.95674010707046,AN91
18111,18,111,Newton,2020,1,31,98.17822449721271,-0.6854232444637112,-4.067371182544506,2.6962864358778633,AN81
18111,18,111,Newton,2020,2,29,48.8948231188376,-1.9320165291553346,-6.19696914402924,2.332898733340812,AN81
18111,18,111,Newton,2020,3,31,76.5823310190103,5.062089093456911,0.39464015649063816,9.729619888633339,AN81
18111,18,111,Newton,2020,4,30,89.62000011759973,8.030986204982979,1.665850554272352,14.396219397774766,AN81
18111,18,111,Newton,2020,5,31,121.43361262574864,15.194467013815354,9.799701900316542,20.58933491262405,AN81
18111,18,111,Newton,2020,6,30,134.93159944798458,22.59979411165605,16.30519851485596,28.894488692750596,AN81
18111,18,111,Newton,2020,7,31,113.01684419414153,24.095867443811684,18.377488971837803,29.814342693375323,AN81
18111,18,111,Newton,2020,8,31,58.4246462129192,21.596988028279124,15.16926835009876,28.024802353784665,AN81
18111,18,111,Newton,2020,9,30,77.43901103903426,17.417862295759853,10.630344586967249,24.205483877873526,AN81
18111,18,111,Newton,2020,10,31,39.66589586408929,10.182240547662829,3.6205331404182695,16.744048470654665,AN81
18111,18,111,Newton,2020,11,30,51.94683424549644,6.865754414396778,0.976594542120349,12.754995598091812,AN81
18111,18,111,Newton,2020,12,31,43.93164093162086,-0.5591265135526658,-5.070008248935861,3.952436537529636,"AN81,AN91"
18111,18,111,Newton,2021,1,31,67.14618807148022,-2.365875672334905,-5.521661871716107,0.8326823622177293,AN91
18111,18,111,Newton,2021,2,28,27.10742155206293,-7.833197956440373,-13.088015536014694,-2.6075179471733883,AN91
18111,18,111,Newton,2021,3,31,74.1865914655882,6.08341496298101,-0.35345876541107085,12.376541520740155,AN91
18111,18,111,Newton,2021,4,30,66.28847984856064,10.34756306299874,3.6123430283959825,16.73423930177153,AN91
18111,18,111,Newton,2021,5,31,137.7268079213868,15.185300128872909,9.300622716332809,20.84318356764128,AN91
18111,18,111,Newton,2021,6,30,192.55902385714543,22.99475706905572,17.373966636869362,28.566547546535517,AN91
18111,18,111,Newton,2021,7,31,85.40192515542573,22.596428137488118,17.65666954448075,27.536329708081333,AN91
18111,18,111,Newton,2021,8,31,79.00259681063298,23.60749523102899,17.727297423521883,29.487835456773524,AN91
18111,18,111,Newton,2021,9,30,69.05597198877328,19.9822238971795,13.033406034455759,26.93118697546134,AN91
18111,18,111,Newton,2021,10,31,207.3988965974814,14.391434038926704,9.418203310234734,19.364805147081913,AN91
18111,18,111,Newton,2021,11,30,23.961399181247167,3.213540707052033,-2.1685569227030776,8.59568222769817,AN91
18111,18,111,Newton,2021,12,31,64.58673290726456,2.557303389862849,-2.2324452515784996,7.347118475987311,AN91
18113,18,113,Noble,2020,1,31,97.39869465427545,-0.47897605973029667,-3.503025916386878,2.545131488865602,AN81
18113,18,113,Noble,2020,2,29,47.478042710036384,-1.771445178113751,-5.872318991592572,2.3293997651014853,AN81
18113,18,113,Noble,2020,3,31,91.30586057149148,4.578112420394242,-0.07790918937276305,9.234214770985172,AN81
18113,18,113,Noble,2020,4,30,65.01552735647036,7.379046315582332,1.727205925732813,13.030974658832667,AN81
18113,18,113,Noble,2020,5,31,123.76253105362885,14.188456706174968,8.793977073049259,19.583035997100804,AN81
18113,18,113,Noble,2020,6,30,64.8686710195997,21.927184434728307,15.730435175972028,28.124037580363908,AN81
18113,18,113,Noble,2020,7,31,58.04639782983868,24.236451302029533,18.49983731136948,29.973166300185948,AN81
18113,18,113,Noble,2020,8,31,93.52099008784351,21.600084091886533,15.401883059148723,27.798386008963128,AN81
18113,18,113,Noble,2020,9,30,41.53015667005768,16.762815227472007,10.401733460692482,23.12399829252207,AN81
18113,18,113,Noble,2020,10,31,60.86735363533192,9.804965663734846,4.12280240265575,15.487228646048559,AN81
18113,18,113,Noble,2020,11,30,64.8451679295578,6.316157204927568,0.9559330905147793,11.676462727493721,AN81
18113,18,113,Noble,2020,12,31,33.847976796186735,-0.5681724046641032,-4.275437143085108,3.1365603648169267,"AN81,AN91"
18113,18,113,Noble,2021,1,31,46.245345457227174,-2.194206697363467,-4.757324190312527,0.2688516399785659,AN91
18113,18,113,Noble,2021,2,28,33.57271187531161,-6.584655698701546,-10.990517104008905,-2.1617289838551734,AN91
18113,18,113,Noble,2021,3,31,61.767735687859066,5.316215103294831,-1.3426417959803076,11.921930954187681,AN91
18113,18,113,Noble,2021,4,30,65.21299287005502,9.41736762996906,3.2593259461310438,15.543289071047344,AN91
18113,18,113,Noble,2021,5,31,96.17233925848734,14.255914164903514,8.481809809289553,19.987214664686764,AN91
18113,18,113,Noble,2021,6,30,171.84152123309218,22.171204753669485,16.875928782314112,27.468062372866985,AN91
18113,18,113,Noble,2021,7,31,89.56694556943395,22.125266148721423,17.227482029812624,27.023194916685433,AN91
18113,18,113,Noble,2021,8,31,121.22476248062225,22.888518031179526,17.427941723335195,28.349238385795953,AN91
18113,18,113,Noble,2021,9,30,118.491105927337,19.057026193598606,12.830436307022795,25.283760534288845,AN91
18113,18,113,Noble,2021,10,31,221.5252182729868,13.943508322948173,9.209090979883372,18.67806347909607,AN91
18113,18,113,Noble,2021,11,30,36.50406000049902,3.4885705767583386,-1.2188582475400587,8.196080161147275,AN91
18113,18,113,Noble,2021,12,31,85.00223280651544,2.4207402400270315,-1.824845056046842,6.666391321951891,AN91
18115,18,115,Ohio,2020,1,31,109.44451829027956,2.531948757528889,-1.594653128901513,6.659053936803064,AN81
18115,18,115,Ohio,2020,2,29,94.11350864607103,1.4577512994755195,-3.483811450816238,6.3993326207522205,AN81
18115,18,115,Ohio,2020,3,31,145.67369946697062,8.574066607408932,3.181344269692439,13.966883792263683,AN81
18115,18,115,Ohio,2020,4,30,97.94429646803289,10.309396421984477,4.457649501207522,16.161243075532006,AN81
18115,18,115,Ohio,2020,5,31,130.2470115498393,15.825268313280697,10.607772582701491,21.042862375179887,AN81
18115,18,115,Ohio,2020,6,30,73.31253626254775,22.65547840524653,16.860441364618058,28.450612579334763,AN81
18115,18,115,Ohio,2020,7,31,145.33175082681768,25.515956823199318,19.764310909240912,31.267692689254787,AN81
18115,18,115,Ohio,2020,8,31,81.56746275962567,22.855744674080384,17.649203107105578,28.062393669430232,AN81
18115,18,115,Ohio,2020,9,30,50.07472741924342,19.01898364605398,12.623341157069746,25.4147228624076,AN81
18115,18,115,Ohio,2020,10,31,129.08726468922245,12.63822499838121,6.775291354635763,18.50125750116725,AN81
18115,18,115,Ohio,2020,11,30,81.16359573212206,8.735131569086878,2.6684527736621813,14.801902243127792,AN81
18115,18,115,Ohio,2020,12,31,56.91025036159674,1.4962603320738561,-2.9170977152675683,5.915481685356766,"AN81,AN91"
18115,18,115,Ohio,2021,1,31,71.52426139111562,0.19941213026464427,-3.2098747127598726,3.6197560195097895,AN91
18115,18,115,Ohio,2021,2,28,100.43615451061024,-2.219973000691652,-6.541857068602496,2.3229499231406185,AN91
18115,18,115,Ohio,2021,3,31,75.66784885728939,7.958292270992034,1.290599009051212,14.908084044900304,AN91
18115,18,115,Ohio,2021,4,30,87.31436390992229,11.448637491449029,5.34625534275865,17.937853545773677,AN91
18115,18,115,Ohio,2021,5,31,93.57563568723022,15.86857406015217,9.712995004039096,22.02658236725117,AN91
18115,18,115,Ohio,2021,6,30,218.78212293708347,22.634869590356672,17.5488226952867,27.948160550191268,AN91
18115,18,115,Ohio,2021,7,31,109.66357199912696,23.39233783810424,18.202481882659658,28.582337699327393,AN91
18115,18,115,Ohio,2021,8,31,64.78956759557849,24.484374642541813,19.115349526938186,29.85353974066354,AN91
18115,18,115,Ohio,2021,9,30,77.46547644540132,20.16336168612541,14.082925134634218,26.243938916934134,AN91
18115,18,115,Ohio,2021,10,31,125.06040493524745,15.73434433307695,10.568033926124349,20.900795884162793,AN91
18115,18,115,Ohio,2021,11,30,43.09555188009373,4.708368974926755,-1.5719694806226912,10.988806325534236,AN91
18115,18,115,Ohio,2021,12,31,90.887805398898,6.498017387560188,0.6178872989819635,12.378250340277631,AN91
18117,18,117,Orange,2020,1,31,145.222314633523,2.7204491999979385,-1.6554203225312727,7.096837475373626,AN81
18117,18,117,Orange,2020,2,29,104.11742840369321,2.412425547471566,-2.8738249650942396,7.698710179354827,AN81
18117,18,117,Orange,2020,3,31,182.14554435042254,9.102832558394667,3.5662599528426027,14.639502426298835,AN81
18117,18,117,Orange,2020,4,30,90.48664384385029,10.476826441869227,4.054925299111619,16.89882860794702,AN81
18117,18,117,Orange,2020,5,31,141.65773661191622,16.39494148843464,10.542040316558401,22.247942288721116,AN81
18117,18,117,Orange,2020,6,30,106.7044116255034,22.92235013708471,16.474205753312532,29.370595649560542,AN81
18117,18,117,Orange,2020,7,31,209.3460699910415,25.202662449648074,19.218953729256803,31.186471962392453,AN81
18117,18,117,Orange,2020,8,31,92.3309093511752,22.919420046907845,17.256622948069907,28.582318376121968,AN81
18117,18,117,Orange,2020,9,30,48.93094199582721,19.181920722332585,12.582159304672894,25.781781479476955,AN81
18117,18,117,Orange,2020,10,31,157.65922237904442,12.705469041750144,6.285210392762349,19.125827477778472,AN81
18117,18,117,Orange,2020,11,30,89.0636108057445,9.114303074817949,2.9154714377332396,15.313226862020192,AN81
18117,18,117,Orange,2020,12,31,58.26839505895836,2.15527738628872,-2.5659218264197707,6.879340086640905,"AN81,AN91"
18117,18,117,Orange,2021,1,31,86.75187736632147,0.46140657801211316,-3.490401562997884,4.426471408554962,AN91
18117,18,117,Orange,2021,2,28,114.89947160473011,-2.2274092743252534,-7.148229580210228,2.7957561598849723,AN91
18117,18,117,Orange,2021,3,31,96.72427413282921,9.007302276436057,2.1595519285434115,15.973249212226333,AN91
18117,18,117,Orange,2021,4,30,115.28873978304941,12.074856358065558,5.3243081039727596,19.082745594900473,AN91
18117,18,117,Orange,2021,5,31,72.43817275031053,16.55875950410966,9.981104405244615,23.6905844364125,AN91
18117,18,117,Orange,2021,6,30,118.34228816958351,22.619315876834296,16.808725796622657,28.741040482979795,AN91
18117,18,117,Orange,2021,7,31,161.74557555479743,23.75827407973983,18.23765232910322,29.279037043880695,AN91
18117,18,117,Orange,2021,8,31,111.31229889237632,24.778811937794526,19.152898737216454,30.404864213928224,AN91
18117,18,117,Orange,2021,9,30,161.1018857732349,20.694025942353615,14.448876803051478,26.9393192602109,AN91
18117,18,117,Orange,2021,10,31,113.20411211629452,16.27185964054217,10.749769411162386,21.79408851647916,AN91
18117,18,117,Orange,2021,11,30,51.02323525905164,5.094734168500561,-1.236887588183806,11.42646370278729,AN91
18117,18,117,Orange,2021,12,31,136.9828176619548,7.428073651119316,1.7991694648312966,13.057085071722847,AN91
18119,18,119,Owen,2020,1,31,159.10430412969137,1.6970453111679236,-2.252258918943213,5.646603650177452,AN81
18119,18,119,Owen,2020,2,29,90.42238972322599,1.055325842963167,-3.706292713092958,5.816958684125802,AN81
18119,18,119,Owen,2020,3,31,155.48065664429473,7.814533233473717,2.8343391681379893,12.794820676884953,AN81
18119,18,119,Owen,2020,4,30,58.957697133089795,9.96688483234853,4.0929529958628,15.84091888368515,AN81
18119,18,119,Owen,2020,5,31,152.802494623444,15.940450709708736,10.470298837529052,21.410702267408674,AN81
18119,18,119,Owen,2020,6,30,55.60709370520751,22.97266358534289,16.89560910988594,29.049819474168864,AN81
18119,18,119,Owen,2020,7,31,183.1153305753689,25.00331657468409,19.352147928044573,30.654586015119527,AN81
18119,18,119,Owen,2020,8,31,60.12341345903249,22.791837740507592,17.213559743117663,28.37021914438617,AN81
18119,18,119,Owen,2020,9,30,3.2262553048056324,18.838046299511625,12.237921270658969,25.438274490007707,AN81
18119,18,119,Owen,2020,10,31,118.13512866012732,12.120124181828343,5.81988759302334,18.420458717244305,AN81
18119,18,119,Owen,2020,11,30,108.36457767983208,8.245863168629375,2.280618364105396,14.211201353131463,AN81
18119,18,119,Owen,2020,12,31,66.26119429013146,1.1793492300461679,-3.4320906626333167,5.797045356473162,"AN81,AN91"
18119,18,119,Owen,2021,1,31,70.68369135205701,-0.5153925334446459,-3.979331792782871,3.1001908276787806,AN91
18119,18,119,Owen,2021,2,28,79.28297669514146,-3.47778844879243,-8.123191165854392,1.1227817138929195,AN91
18119,18,119,Owen,2021,3,31,109.87518187825036,8.12580431296825,1.6218155356266382,14.648747873295825,AN91
18119,18,119,Owen,2021,4,30,71.11246266374859,11.735189339404942,5.739428994151098,17.961354522334954,AN91
18119,18,119,Owen,2021,5,31,87.6631870407127,15.971144402754929,10.035518394239293,22.129390927280014,AN91
18119,18,119,Owen,2021,6,30,274.60992178158585,23.140929012894883,17.959517616345583,28.41491643981308,AN91
18119,18,119,Owen,2021,7,31,152.87349763690625,23.36769866388578,18.23892682001118,28.49661289925159,AN91
18119,18,119,Owen,2021,8,31,63.97817609245749,24.52111181225247,19.11072519426577,29.931640463998058,AN91
18119,18,119,Owen,2021,9,30,97.61950921328884,20.621025558027945,14.339792482734701,26.902403173596756,AN91
18119,18,119,Owen,2021,10,31,153.08354553441114,15.591853885537606,10.438444347787627,20.74540318003263,AN91
18119,18,119,Owen,2021,11,30,42.30129183031493,4.330910273853884,-1.6269894767132598,10.288901950801405,AN91
18119,18,119,Owen,2021,12,31,125.35627237049034,5.742100938540851,0.3373515469024541,11.146938004199159,AN91
18121,18,121,Parke,2020,1,31,122.59913191020128,1.0178459804765507,-2.7124587418037462,4.748347280203011,AN81
18121,18,121,Parke,2020,2,29,77.25685450591544,0.334933611608047,-4.1726598130473045,4.842531597540848,AN81
18121,18,121,Parke,2020,3,31,99.32672746112728,7.277794530142292,2.4012422539916574,12.154441438483984,AN81
18121,18,121,Parke,2020,4,30,70.31369836171768,10.012003031944765,3.754395148446027,16.269715082684286,AN81
18121,18,121,Parke,2020,5,31,133.93969769704967,16.250319124970286,10.718171385264506,21.78256679287578,AN81
18121,18,121,Parke,2020,6,30,152.6898776448065,23.199363826806056,17.044656727367705,29.354171110061746,AN81
18121,18,121,Parke,2020,7,31,176.84287418987378,24.84257970241458,19.09452994390192,30.590728917475687,AN81
18121,18,121,Parke,2020,8,31,33.532283157694366,22.377149797901318,16.427770501517198,28.32662451000676,AN81
18121,18,121,Parke,2020,9,30,12.054573068799959,18.51788759172908,11.573112658859712,25.462763022217413,AN81
18121,18,121,Parke,2020,10,31,134.43345356592624,11.992647224621857,5.254469985242182,18.73092392023077,AN81
18121,18,121,Parke,2020,11,30,78.14524205421095,7.801829134645135,1.8909063362780676,13.712847883266766,AN81
18121,18,121,Parke,2020,12,31,56.666729252924135,0.6421999622273458,-3.905032407344822,5.1904468857509585,"AN81,AN91"
18121,18,121,Parke,2021,1,31,70.91452321301438,-1.1635930467322064,-4.607474802963788,2.3209580069349913,AN91
18121,18,121,Parke,2021,2,28,62.48714753082767,-4.934978495163961,-9.758398149221197,-0.09966657524828573,AN91
18121,18,121,Parke,2021,3,31,117.5419141744037,7.6589619247719245,1.416564840565228,14.016957327688663,AN91
18121,18,121,Parke,2021,4,30,43.92371999019708,11.694601739773127,5.6597866516130475,17.95769850087286,AN91
18121,18,121,Parke,2021,5,31,104.47602883443204,15.997890004993678,10.14310813970615,21.923337848179752,AN91
18121,18,121,Parke,2021,6,30,211.62027650815824,23.28372400511949,17.854887701826517,28.761096716121475,AN91
18121,18,121,Parke,2021,7,31,151.35430370782927,23.136073436098123,17.90239515393512,28.369897116841074,AN91
18121,18,121,Parke,2021,8,31,57.80868208235969,24.16522528221419,18.403301503676794,29.927290270015583,AN91
18121,18,121,Parke,2021,9,30,82.64948366304039,20.4571113782546,13.685419851027365,27.228943487943074,AN91
18121,18,121,Parke,2021,10,31,165.58896002318403,15.463257191222867,10.22235119485357,20.704305522977286,AN91
18121,18,121,Parke,2021,11,30,36.96867299145454,4.000060068091508,-1.7441667762001518,9.744368877048258,AN91
18121,18,121,Parke,2021,12,31,107.30819917785736,4.882812746294082,-0.2019430962186362,9.967657693211281,AN91
18123,18,123,Perry,2020,1,31,125.73198742824415,3.7833517583842546,-0.6883787062783698,8.255799104076477,AN81
18123,18,123,Perry,2020,2,29,103.52468357521391,3.3272370896286363,-1.7573795580009546,8.411911182997816,AN81
18123,18,123,Perry,2020,3,31,157.28472533147027,10.174046853666182,4.661588371269106,15.686598531835212,AN81
18123,18,123,Perry,2020,4,30,105.14095237855952,11.439632162164827,5.006269985735627,17.873096022383233,AN81
18123,18,123,Perry,2020,5,31,164.68013429313964,17.116651123881486,11.446340128596264,22.787061275357736,AN81
18123,18,123,Perry,2020,6,30,113.53727700043605,23.47681991513826,17.463411277938704,29.4903280348039,AN81
18123,18,123,Perry,2020,7,31,155.28391986057136,26.15328794040445,20.530979703803727,31.775694498275033,AN81
18123,18,123,Perry,2020,8,31,154.37333933895795,23.73754931432983,18.344103850312937,29.13109613109243,AN81
18123,18,123,Perry,2020,9,30,84.82038401223551,20.139041955600735,14.133719625787531,26.144467184203112,AN81
18123,18,123,Perry,2020,10,31,157.95439020264087,13.762672854005329,7.8291345958269325,19.69631397510938,AN81
18123,18,123,Perry,2020,11,30,75.43887933439345,9.69176928827492,3.2829921250962513,16.100642876844145,AN81
18123,18,123,Perry,2020,12,31,69.06113422580722,2.8243864971973482,-2.0809829286381505,7.722467628093419,"AN81,AN91"
18123,18,123,Perry,2021,1,31,91.44300425365329,1.6510841071419142,-2.5398313457653465,5.6240232007620055,AN91
18123,18,123,Perry,2021,2,28,129.6650131028566,-0.9163245699722428,-5.910810852339268,3.647449563843448,AN91
18123,18,123,Perry,2021,3,31,112.89119614812647,9.839032662028833,3.169442018642497,16.33695402827181,AN91
18123,18,123,Perry,2021,4,30,101.46438120365542,12.919391770252416,6.078527338035092,19.629341714800976,AN91
18123,18,123,Perry,2021,5,31,92.91358958428683,17.213634124504857,10.778881995620157,23.668856782772867,AN91
18123,18,123,Perry,2021,6,30,118.82686675978721,23.774048460378875,18.212785812400853,29.338653091586192,AN91
18123,18,123,Perry,2021,7,31,172.88368547591432,24.607649337707695,19.071391436508293,30.144048551068078,AN91
18123,18,123,Perry,2021,8,31,127.91584243700665,25.45330277574571,19.909149060880537,30.99759894408619,AN91
18123,18,123,Perry,2021,9,30,120.45138933655872,21.15512544894904,14.87628062745422,27.434113861769518,AN91
18123,18,123,Perry,2021,10,31,90.24188000023317,16.888898545018023,11.294907385229854,22.483029565967783,AN91
18123,18,123,Perry,2021,11,30,39.357434581775756,5.779844646564382,-0.9391064342802626,12.498907901819111,AN91
18123,18,123,Perry,2021,12,31,131.42015449053866,8.44290390686136,2.639856621425394,14.246065523266024,AN91
18125,18,125,Pike,2020,1,31,156.83846271618194,2.808699636972528,-1.2137723203026602,6.831663807161584,AN81
18125,18,125,Pike,2020,2,29,98.69315572207564,2.4138571182931616,-2.3315239561365835,7.159282861844389,AN81
18125,18,125,Pike,2020,3,31,161.2862383459793,9.18730126852715,4.089947897580007,14.284748932138788,AN81
18125,18,125,Pike,2020,4,30,89.18260146727735,11.27019621188136,5.473821288661765,17.066671516059714,AN81
18125,18,125,Pike,2020,5,31,107.65529745065167,17.1737520510539,11.928502288981674,22.419106184993776,AN81
18125,18,125,Pike,2020,6,30,67.45389178556951,23.929242920139245,18.179823353825444,29.678765999432407,AN81
18125,18,125,Pike,2020,7,31,179.28083768902073,26.014410189137134,20.446282298462897,31.582644099650242,AN81
18125,18,125,Pike,2020,8,31,91.94257824318255,23.56638710541976,18.227741504847316,28.905134018669678,AN81
18125,18,125,Pike,2020,9,30,30.576123898688063,19.895212311537097,13.655661700061172,26.13486170251428,AN81
18125,18,125,Pike,2020,10,31,156.01158958324328,13.091195345165124,6.87882754734627,19.303662782332502,AN81
18125,18,125,Pike,2020,11,30,108.85286768516265,9.124974256763718,3.1029027824956605,15.147144283429395,AN81
18125,18,125,Pike,2020,12,31,68.23424893375783,2.3087866254149696,-2.3390197040018728,6.96773407302464,"AN81,AN91"
18125,18,125,Pike,2021,1,31,74.31086934379535,0.6553994047805788,-2.9592995334579615,4.536500539031478,AN91
18125,18,125,Pike,2021,2,28,106.57408441304602,-2.6125176282015934,-7.12039763685704,2.0367123464384607,AN91
18125,18,125,Pike,2021,3,31,108.98193559959407,9.545703017595331,3.3841926442600117,15.783905772243147,AN91
18125,18,125,Pike,2021,4,30,88.92703142947889,12.923719142999964,6.855324500536841,19.07378365750046,AN91
18125,18,125,Pike,2021,5,31,76.82114882207414,17.39312791101909,11.58816719234577,23.315563558116263,AN91
18125,18,125,Pike,2021,6,30,152.7838293929208,23.920932982219213,18.794658164028913,29.255007245821357,AN91
18125,18,125,Pike,2021,7,31,166.84971766276138,24.496623340161545,19.164737969405337,29.828652467310793,AN91
18125,18,125,Pike,2021,8,31,94.82530819523933,25.27385784742874,19.847760375741338,30.700097682282365,AN91
18125,18,125,Pike,2021,9,30,90.08882680410977,21.409824989152682,15.08225486093865,27.73753880474239,AN91
18125,18,125,Pike,2021,10,31,105.35813823879162,16.825710016576487,11.096232910910274,22.555326246023245,AN91
18125,18,125,Pike,2021,11,30,51.34096078941617,5.24957005469022,-1.2291867076834415,11.728434817407159,AN91
18125,18,125,Pike,2021,12,31,124.24879124787506,7.5578548302656,1.8369223082600932,13.278889326057834,AN91
18127,18,127,Porter,2020,1,31,107.2545178902752,-0.518491205364746,-3.6051035582730186,2.5680637976829557,AN81
18127,18,127,Porter,2020,2,29,42.59777045706763,-1.9101397041818151,-5.908645019131616,2.088329630874319,AN81
18127,18,127,Porter,2020,3,31,55.73699460056053,4.341968427400705,0.027870968603265992,8.65614439562637,AN81
18127,18,127,Porter,2020,4,30,131.46537882920308,7.43799363435197,1.941524202078406,12.934553570742095,AN81
18127,18,127,Porter,2020,5,31,168.4741695208522,14.532745641434808,9.61151713508935,19.45407633432225,AN81
18127,18,127,Porter,2020,6,30,87.44936773466578,22.105075124855865,16.34641531250945,27.863834617303933,AN81
18127,18,127,Porter,2020,7,31,75.6865977311071,24.064300089644426,18.812844370317645,29.3158585873571,AN81
18127,18,127,Porter,2020,8,31,45.99319901492213,21.802825485003147,15.75193021727663,27.853821562578574,AN81
18127,18,127,Porter,2020,9,30,66.25308692715127,17.269472220928115,11.13362038947733,23.405427199186274,AN81
18127,18,127,Porter,2020,10,31,66.95899223492017,10.007221324799989,4.302865684117273,15.711677201022473,AN81
18127,18,127,Porter,2020,11,30,45.08488902082406,7.07223270647443,1.7658967972636372,12.378655553146936,AN81
18127,18,127,Porter,2020,12,31,49.27655707301034,-0.23143261430619616,-4.156871282741297,3.694400085103185,"AN81,AN91"
18127,18,127,Porter,2021,1,31,59.38066331318869,-2.179221554872257,-5.096118098849786,0.7489053360251622,AN91
18127,18,127,Porter,2021,2,28,37.412671721488216,-6.916725470754966,-11.665680003691836,-2.1788936636179126,AN91
18127,18,127,Porter,2021,3,31,43.57266243387814,5.447800847585351,-0.38541718728073193,11.29881748246564,AN91
18127,18,127,Porter,2021,4,30,56.4748597442241,9.517053573533666,3.629233641908448,15.22880197412694,AN91
18127,18,127,Porter,2021,5,31,121.13821117907437,14.427639397995033,9.033814885759353,19.666310928777612,AN91
18127,18,127,Porter,2021,6,30,153.36014449232343,22.3253703479788,17.298552607007423,27.318775444199833,AN91
18127,18,127,Porter,2021,7,31,66.47321881976409,22.312440637704025,17.98916679659237,26.63585706762369,AN91
18127,18,127,Porter,2021,8,31,112.88904081249092,23.434027305835425,18.051284093527467,28.816913658894897,AN91
18127,18,127,Porter,2021,9,30,41.637737388269855,19.960963997793336,13.873067739010876,26.049001846713388,AN91
18127,18,127,Porter,2021,10,31,192.7882265862845,14.265343079436501,9.75177771474397,18.77904928819226,AN91
18127,18,127,Porter,2021,11,30,23.361133123533723,3.635704560972479,-1.2513822059320427,8.522873708037459,AN91
18127,18,127,Porter,2021,12,31,65.17197530914,2.5032658347895524,-1.8340115086304205,6.840620707710399,AN91
18129,18,129,Posey,2020,1,31,145.05750404661734,2.955084891631532,-1.1107700328183883,7.021442714322712,AN81
18129,18,129,Posey,2020,2,29,89.59682950861621,2.7679422185812688,-2.0715208729285144,7.607464155694766,AN81
18129,18,129,Posey,2020,3,31,149.42715461618909,9.429865708443428,4.187214158995858,14.672617108792496,AN81
18129,18,129,Posey,2020,4,30,94.00103403571866,11.510371787844207,5.417731106740443,17.60310951870439,AN81
18129,18,129,Posey,2020,5,31,147.16991450930078,17.65813313797112,12.741878428982359,22.574491296651267,AN81
18129,18,129,Posey,2020,6,30,241.84772620446975,24.1217809907249,18.703986691377096,29.539674612788936,AN81
18129,18,129,Posey,2020,7,31,154.4069020523678,26.138993689099976,20.73480694904415,31.543281054215427,AN81
18129,18,129,Posey,2020,8,31,90.56341770505395,23.562749189102718,18.349809544120898,28.77578638993219,AN81
18129,18,129,Posey,2020,9,30,49.48340456061839,20.292488133992194,14.11635984910689,26.468718803601625,AN81
18129,18,129,Posey,2020,10,31,160.58199176819957,13.180770413079722,7.000642624689002,19.360995898199057,AN81
18129,18,129,Posey,2020,11,30,82.6423398204538,9.3864683997734,3.2456575161937034,15.527371749339235,AN81
18129,18,129,Posey,2020,12,31,65.99405002426126,2.637941529849129,-2.313360255369475,7.590575853743952,"AN81,AN91"
18129,18,129,Posey,2021,1,31,71.45035534785659,1.255775047727299,-2.6641177685869026,5.2209342858040015,AN91
18129,18,129,Posey,2021,2,28,110.62221745949819,-2.5003014180376764,-7.200356137497079,2.195956454281672,AN91
18129,18,129,Posey,2021,3,31,116.5570431004552,9.718152316698676,3.507315335667528,15.852756180341965,AN91
18129,18,129,Posey,2021,4,30,68.93722585501617,13.07911380848876,6.832404887752724,19.30276370814927,AN91
18129,18,129,Posey,2021,5,31,83.00231372707927,17.471803091206016,11.700195670388363,23.164879306407315,AN91
18129,18,129,Posey,2021,6,30,111.3906079529234,24.043287526750746,18.81542296860467,29.317975320555686,AN91
18129,18,129,Posey,2021,7,31,158.4501250188524,24.610824047063883,19.356670326563517,29.865119705748107,AN91
18129,18,129,Posey,2021,8,31,87.86661468434045,25.228726525041846,19.832228442430914,30.625365108296037,AN91
18129,18,129,Posey,2021,9,30,74.09116561338861,21.45855685479327,14.980027468603462,27.937226624793215,AN91
18129,18,129,Posey,2021,10,31,117.99293609784517,17.16115246840117,11.479354440289862,22.84309140186034,AN91
18129,18,129,Posey,2021,11,30,43.603590096297516,5.690784174020237,-0.872439616808225,12.254117586715132,AN91
18129,18,129,Posey,2021,12,31,124.50675337550656,8.071122356511507,2.3700570899032734,13.772307033782042,AN91
18131,18,131,Pulaski,2020,1,31,98.64650919271183,-0.4976790772907656,-3.7383449309855297,2.7428470721607474,AN81
18131,18,131,Pulaski,2020,2,29,55.26074211967888,-1.9632977205403297,-6.302949240596241,2.3763164613225487,AN81
18131,18,131,Pulaski,2020,3,31,74.64227911693749,4.839121884773181,0.08789719934253144,9.590429953662582,AN81
18131,18,131,Pulaski,2020,4,30,63.88087003619726,7.683101800519042,1.569506090866369,13.796791042095588,AN81
18131,18,131,Pulaski,2020,5,31,99.50781603279806,14.848494491716215,9.398810972388608,20.298278885584658,AN81
18131,18,131,Pulaski,2020,6,30,84.53712559823452,22.176599589293467,15.802668326472682,28.5506335463257,AN81
18131,18,131,Pulaski,2020,7,31,60.78534415230263,23.8265902621807,18.036207008351038,29.617077092158194,AN81
18131,18,131,Pulaski,2020,8,31,84.56397883112592,21.42708886677037,14.928962780923749,27.92531675570813,AN81
18131,18,131,Pulaski,2020,9,30,43.713358518170615,17.22105641417946,10.352205712107754,24.090010328303798,AN81
18131,18,131,Pulaski,2020,10,31,49.86824232917574,9.866129887236806,3.3598156134257295,16.372545234980617,AN81
18131,18,131,Pulaski,2020,11,30,50.66865809601611,6.528465757323651,0.6888831186995711,12.368131464683175,AN81
18131,18,131,Pulaski,2020,12,31,39.002503226593504,-0.5873666920139561,-4.8164674646191585,3.6462502828459282,"AN81,AN91"
18131,18,131,Pulaski,2021,1,31,55.949772321537914,-2.349283296109657,-5.256991567776411,0.663500474948735,AN91
18131,18,131,Pulaski,2021,2,28,27.518670582063933,-7.4001901245782795,-12.402364704814545,-2.367001110106492,AN91
18131,18,131,Pulaski,2021,3,31,68.54664773227985,5.672012150258683,-1.0145020829963625,12.290890417065663,AN91
18131,18,131,Pulaski,2021,4,30,56.11009281197532,9.73801452250943,3.2122931964811543,16.073546523221935,AN91
18131,18,131,Pulaski,2021,5,31,115.55216442651304,14.79574461800072,8.811333484267056,20.335131386157748,AN91
18131,18,131,Pulaski,2021,6,30,192.99299380075465,22.47235005277046,16.980991841255207,28.026826076898036,AN91
18131,18,131,Pulaski,2021,7,31,71.60402912797741,22.264804760744376,17.24630953748496,27.283441652026355,AN91
18131,18,131,Pulaski,2021,8,31,99.52763863037572,23.247994289753922,17.503420293974806,28.992708068517988,AN91
18131,18,131,Pulaski,2021,9,30,55.945583733859536,19.549866374629154,12.683480979515418,26.41639599644657,AN91
18131,18,131,Pulaski,2021,10,31,201.71995861271722,14.14534749654734,9.275373313719703,19.015460871839988,AN91
18131,18,131,Pulaski,2021,11,30,24.55248148342994,3.0412255519467655,-2.2724422214265885,8.354950064584639,AN91
18131,18,131,Pulaski,2021,12,31,79.69792947567369,2.532735337682892,-2.239799785177734,7.305334916290365,AN91
18133,18,133,Putnam,2020,1,31,134.4047715500114,0.8835603558711153,-2.8304562158264908,4.597742763940562,AN81
18133,18,133,Putnam,2020,2,29,88.15553858570952,-0.020467362767533772,-4.554326212007404,4.513390552555086,AN81
18133,18,133,Putnam,2020,3,31,102.90343477660525,6.941622051614949,2.2054066702730455,11.677923894796326,AN81
18133,18,133,Putnam,2020,4,30,55.339592714783784,9.399390690487966,3.567617601121918,15.23126394445601,AN81
18133,18,133,Putnam,2020,5,31,169.05607173850203,15.627426273683035,10.455079040756898,20.799874655223785,AN81
18133,18,133,Putnam,2020,6,30,96.15646861156085,22.719914537637923,16.86757361157216,28.572352398366437,AN81
18133,18,133,Putnam,2020,7,31,144.71165415680682,24.43168913299109,19.05058042498994,29.812898654770624,AN81
18133,18,133,Putnam,2020,8,31,40.14299682030608,22.236452483658685,16.749782168806764,27.723222296611585,AN81
18133,18,133,Putnam,2020,9,30,6.287764311735245,18.399757081639198,11.922840212401919,24.876773810991175,AN81
18133,18,133,Putnam,2020,10,31,154.1764697476889,11.739300134891659,5.668014993544033,17.810690429985936,AN81
18133,18,133,Putnam,2020,11,30,89.79488925172375,7.828369467204529,2.2577972426407507,13.399036586691686,AN81
18133,18,133,Putnam,2020,12,31,56.45937699294865,0.5083909437692895,-3.7922880915658284,4.81174621622825,"AN81,AN91"
18133,18,133,Putnam,2021,1,31,64.26060383378241,-1.2560887907272658,-4.495257536386591,2.064701480922599,AN91
18133,18,133,Putnam,2021,2,28,56.352812819115,-4.657349621594404,-9.012078715261028,-0.13677004911103596,AN91
18133,18,133,Putnam,2021,3,31,109.92404510613666,7.463578694800051,1.3852760443787924,13.624300854705139,AN91
18133,18,133,Putnam,2021,4,30,62.87445790336385,11.366960426467074,5.733011457295969,17.225106575581275,AN91
18133,18,133,Putnam,2021,5,31,96.58904927294924,15.646175871108541,10.14048466113967,21.381661576207037,AN91
18133,18,133,Putnam,2021,6,30,201.25815312307355,22.840853108936205,17.843956315395157,28.090885924915614,AN91
18133,18,133,Putnam,2021,7,31,121.61539207011668,22.833371004947463,17.924269130816544,27.742616005160976,AN91
18133,18,133,Putnam,2021,8,31,55.47776870660136,23.861526343436623,18.486492645283686,29.236703310727222,AN91
18133,18,133,Putnam,2021,9,30,100.90766050486437,20.223206298193766,14.044881499708822,26.401674099759305,AN91
18133,18,133,Putnam,2021,10,31,160.25753247551802,15.050566348764912,9.93695447434357,20.16431795731185,AN91
18133,18,133,Putnam,2021,11,30,37.22224623577214,3.789763361932584,-1.8226966526518502,9.402296409682723,AN91
18133,18,133,Putnam,2021,12,31,107.78521303440215,5.018264947298774,-0.014458899962108323,10.051075404991089,AN91
18135,18,135,Randolph,2020,1,31,116.31189165779755,0.4660456281604665,-3.0512344070021227,3.9834320166164394,AN81
18135,18,135,Randolph,2020,2,29,77.54641408184608,-1.0119238453214365,-5.214192996929201,3.190325843295337,AN81
18135,18,135,Randolph,2020,3,31,124.25838648316333,6.095160588122683,1.457248864032178,10.733160468675148,AN81
18135,18,135,Randolph,2020,4,30,42.58086300082218,8.803332992097134,3.092310177483308,14.51445615742572,AN81
18135,18,135,Randolph,2020,5,31,125.42170014303859,15.21847285212922,10.221620242375108,20.21542287995643,AN81
18135,18,135,Randolph,2020,6,30,79.98303408282808,21.92752901413803,16.35980540820425,27.495348386597023,AN81
18135,18,135,Randolph,2020,7,31,133.4812412481579,23.93678354066393,18.212066564779942,29.66160497887451,AN81
18135,18,135,Randolph,2020,8,31,50.0063790114272,21.31308568539578,15.232489826017698,27.39377952289369,AN81
18135,18,135,Randolph,2020,9,30,59.07460078744737,17.60428552552225,10.870276632808205,24.338398541174584,AN81
18135,18,135,Randolph,2020,10,31,135.6973152278141,10.938609377597555,5.0587655686617765,16.8185519574411,AN81
18135,18,135,Randolph,2020,11,30,81.53751443164681,7.412828483368416,1.9086503023628347,12.917100289001946,AN81
18135,18,135,Randolph,2020,12,31,30.77187004695185,0.06775282035950315,-3.840095019031938,3.97284793371941,"AN81,AN91"
18135,18,135,Randolph,2021,1,31,53.632164365642,-1.3562269413172396,-4.1810437352668615,1.4310583536763526,AN91
18135,18,135,Randolph,2021,2,28,36.57301351039042,-5.4747466894582715,-10.106383631419954,-1.2165323491611697,AN91
18135,18,135,Randolph,2021,3,31,79.92562868551796,6.283472674654599,-0.28117559927617713,12.85180777120387,AN91
18135,18,135,Randolph,2021,4,30,62.732524088952296,10.494431499234764,4.341839281273934,16.63489393318364,AN91
18135,18,135,Randolph,2021,5,31,98.42057070194736,14.837544242811429,9.523363598096847,20.498863225404005,AN91
18135,18,135,Randolph,2021,6,30,134.24498522353912,22.32141394268968,17.30724621084176,27.27190101190148,AN91
18135,18,135,Randolph,2021,7,31,99.3254726150306,22.238749758479816,17.043968798798584,27.43367560441063,AN91
18135,18,135,Randolph,2021,8,31,116.63942640616,23.38505712473508,17.775022042096385,28.99523459485876,AN91
18135,18,135,Randolph,2021,9,30,151.57460693445182,19.273740273615946,13.087367074434225,25.460257037706683,AN91
18135,18,135,Randolph,2021,10,31,160.95347952233087,14.988054723972619,9.82723753243534,20.149012246919366,AN91
18135,18,135,Randolph,2021,11,30,34.01317562304163,3.7963515929370906,-1.5258380031658265,9.118619117816857,AN91
18135,18,135,Randolph,2021,12,31,132.88919040559895,3.8519574658335785,-1.252414763699399,8.95640694768111,AN91
18137,18,137,Ripley,2020,1,31,128.29357819660697,2.177967404634392,-1.7748777306684018,6.131335539950483,AN81
18137,18,137,Ripley,2020,2,29,88.40588059662066,1.1954124203020682,-3.7327664216980634,6.12361102125248,AN81
18137,18,137,Ripley,2020,3,31,151.60238838908379,8.203316382358096,2.986344807230643,13.420377578728898,AN81
18137,18,137,Ripley,2020,4,30,80.11129533803289,10.194446141062462,4.417081795406996,15.971909629631108,AN81
18137,18,137,Ripley,2020,5,31,157.32781454884838,15.710576921624373,10.450495213962846,20.97075909743857,AN81
18137,18,137,Ripley,2020,6,30,99.3388812323995,22.57676813711109,16.6989847982007,28.454648767464654,AN81
18137,18,137,Ripley,2020,7,31,145.3568494927238,24.91290004402747,19.106984840579084,30.718914897770087,AN81
18137,18,137,Ripley,2020,8,31,106.7652563707298,22.453810188929136,17.100736267543077,27.806984196275838,AN81
18137,18,137,Ripley,2020,9,30,30.96146004979837,18.589517316565566,11.839642575853322,25.339494063138904,AN81
18137,18,137,Ripley,2020,10,31,159.699669492033,12.188853615570881,6.164617577270746,18.213186538624633,AN81
18137,18,137,Ripley,2020,11,30,85.08793519675427,8.4165532415169,2.4330462872678953,14.400162184461674,AN81
18137,18,137,Ripley,2020,12,31,47.77885827654769,1.1299682498052008,-3.227650838816479,5.483771841485255,"AN81,AN91"
18137,18,137,Ripley,2021,1,31,71.00185019028714,-0.19135637667924235,-3.490350979802574,3.0675019419571634,AN91
18137,18,137,Ripley,2021,2,28,88.33355149635642,-2.8170073919918512,-7.1841182700989235,1.7822371358561617,AN91
18137,18,137,Ripley,2021,3,31,80.9064785510767,7.806821260887227,1.031362567436413,14.5943195469255,AN91
18137,18,137,Ripley,2021,4,30,92.82629739788254,11.556881629086233,5.157140685325739,17.86259921075124,AN91
18137,18,137,Ripley,2021,5,31,102.53236816962901,15.923570382637774,9.720801569974093,21.805013900849183,AN91
18137,18,137,Ripley,2021,6,30,220.32765141221088,22.610605051492602,17.456986071560024,27.92331729025251,AN91
18137,18,137,Ripley,2021,7,31,147.22036393848546,23.03182433416834,17.94012410959205,28.123667131077596,AN91
18137,18,137,Ripley,2021,8,31,89.2154697677622,24.242328067892533,18.829572659849905,29.65522454297382,AN91
18137,18,137,Ripley,2021,9,30,114.70895607562514,19.974683772988993,13.758684602448183,26.190824735717296,AN91
18137,18,137,Ripley,2021,10,31,108.38173589355523,15.62220830248408,10.45261324587837,20.79194462964597,AN91
18137,18,137,Ripley,2021,11,30,46.50340038912269,4.438425509918215,-1.7500372632993517,10.62698394100343,AN91
18137,18,137,Ripley,2021,12,31,124.75247307084899,6.052880442346095,0.4205510298794227,11.685298407531175,AN91
18139,18,139,Rush,2020,1,31,135.1159442693107,1.0481992737783923,-2.575004017611647,4.671574272917559,AN81
18139,18,139,Rush,2020,2,29,76.24225416856295,-0.014461389964935702,-4.536560153989338,4.507636885288736,AN81
18139,18,139,Rush,2020,3,31,155.60144171805788,7.036075406796129,2.2132272747305195,11.859008094498,AN81
18139,18,139,Rush,2020,4,30,60.336001236691715,9.422725357244241,3.6403749594598076,15.205172851267765,AN81
18139,18,139,Rush,2020,5,31,166.20008774544846,15.4266281343372,10.144501270974708,20.708856924293247,AN81
18139,18,139,Rush,2020,6,30,93.19181327655465,22.39154211207912,16.47780568176028,28.305380841136337,AN81
18139,18,139,Rush,2020,7,31,130.68922541871228,24.442879533316805,18.765006154490965,30.12085540594125,AN81
18139,18,139,Rush,2020,8,31,82.83480166047042,21.972087044952982,16.390646134674217,27.553626385367185,AN81
18139,18,139,Rush,2020,9,30,14.217940444980332,18.27934507234169,11.423671657368276,25.13511893554613,AN81
18139,18,139,Rush,2020,10,31,118.59831150372754,11.535829337026266,5.4820627368568,17.589697126884968,AN81
18139,18,139,Rush,2020,11,30,91.11480223210519,7.721170724542736,2.1916474260714986,13.250784605589663,AN81
18139,18,139,Rush,2020,12,31,38.06846744657668,0.3739461484118794,-3.755634616712393,4.503058172547037,"AN81,AN91"
18139,18,139,Rush,2021,1,31,70.72049595505413,-0.8994981759958374,-3.8807359504901706,2.056264074839273,AN91
18139,18,139,Rush,2021,2,28,57.607186963133316,-4.3734180101167,-8.737170074982519,-0.020334059088875582,AN91
18139,18,139,Rush,2021,3,31,84.18227904115656,7.069788900854583,0.870210147331497,13.472173609894988,AN91
18139,18,139,Rush,2021,4,30,71.5621530392523,10.81661554511359,4.424146673920139,17.102648095591576,AN91
18139,18,139,Rush,2021,5,31,95.28866395462941,15.448385020628844,9.943328258635665,21.32838007775386,AN91
18139,18,139,Rush,2021,6,30,211.39653206905015,22.7096165560964,17.64465978712843,27.836498990498214,AN91
18139,18,139,Rush,2021,7,31,197.70477969436084,22.682726332350327,17.66134126910998,27.704255782887696,AN91
18139,18,139,Rush,2021,8,31,60.35469608742409,23.919500141432728,18.551072544375156,29.28807168111272,AN91
18139,18,139,Rush,2021,9,30,133.89361840768336,19.82370176034815,13.625740649830432,26.021805633993157,AN91
18139,18,139,Rush,2021,10,31,110.6451264613256,15.19345511789457,10.031162305737219,20.355888681498886,AN91
18139,18,139,Rush,2021,11,30,39.969411928129404,3.8461098503782902,-1.7196339301321595,9.411928490488071,AN91
18139,18,139,Rush,2021,12,31,136.68821483986858,4.80495317968318,-0.4841083096780846,10.094101885607088,AN91
18141,18,141,St. Joseph,2020,1,31,109.92008301467466,-0.5089812353899621,-3.4794756253844445,2.461465168069991,AN81
18141,18,141,St. Joseph,2020,2,29,45.91289107806978,-1.980871628275362,-6.029261354753309,2.0674735063623277,AN81
18141,18,141,St. Joseph,2020,3,31,60.56852167550001,4.229047690652044,-0.42237076931975165,8.880547952814299,AN81
18141,18,141,St. Joseph,2020,4,30,105.36955434205863,7.314431628873247,1.9342651221068279,12.694693643750576,AN81
18141,18,141,St. Joseph,2020,5,31,125.41711803840236,14.32574061423526,9.076303918464612,19.575277562600657,AN81
18141,18,141,St. Joseph,2020,6,30,65.7119550679213,21.617798700822764,15.49019271704187,27.74550492903014,AN81
18141,18,141,St. Joseph,2020,7,31,78.6889107681355,23.840736718773414,18.264683488001676,29.41689079989134,AN81
18141,18,141,St. Joseph,2020,8,31,94.38282776116259,21.635666219734947,15.447278618665859,27.824148614939745,AN81
18141,18,141,St. Joseph,2020,9,30,58.123292914751474,16.755371938846398,10.687502532171342,22.82334306125109,AN81
18141,18,141,St. Joseph,2020,10,31,75.24081527490527,9.694949766124086,4.143681361999786,15.246319565204562,AN81
18141,18,141,St. Joseph,2020,11,30,51.18236930341095,6.850715617403316,1.6410939283899706,12.060430246175851,AN81
18141,18,141,St. Joseph,2020,12,31,51.64403441533429,-0.4252369358504215,-4.1733278757671926,3.3380391377742544,"AN81,AN91"
18141,18,141,St. Joseph,2021,1,31,61.165977624319375,-2.2424036335396433,-5.094791138857317,0.458839603399307,AN91
18141,18,141,St. Joseph,2021,2,28,31.27736432698305,-6.503481632119379,-10.985452045573895,-2.1845157325954787,AN91
18141,18,141,St. Joseph,2021,3,31,57.1959455743537,5.348790727728145,-0.9471605654352688,11.582997179964806,AN91
18141,18,141,St. Joseph,2021,4,30,57.289630316787985,9.477135711302061,3.547037003334378,15.030423128651183,AN91
18141,18,141,St. Joseph,2021,5,31,80.6358086119369,14.377039693135972,8.50827403867168,19.977357244392255,AN91
18141,18,141,St. Joseph,2021,6,30,199.1781620374659,22.215859672354632,16.899720648517608,27.428574850009227,AN91
18141,18,141,St. Joseph,2021,7,31,86.3295973054725,22.26042813236207,17.567345830148945,26.953654424020005,AN91
18141,18,141,St. Joseph,2021,8,31,133.21236638711292,23.190652495398048,17.860117663221367,28.521331667451857,AN91
18141,18,141,St. Joseph,2021,9,30,51.48268319289228,19.5186484418417,13.389471140392919,25.64796908349979,AN91
18141,18,141,St. Joseph,2021,10,31,188.21727919074473,13.96947906317796,9.47638763908603,18.462709354619513,AN91
18141,18,141,St. Joseph,2021,11,30,45.55813317155736,3.6700710402250487,-0.9190043237531306,8.259233131031271,AN91
18141,18,141,St. Joseph,2021,12,31,81.61187548394531,2.365294523060951,-1.9636154292979802,6.69428386982307,AN91
18143,18,143,Scott,2020,1,31,131.98749643276238,2.977079170073368,-1.2460377048817681,7.2008981488630255,AN81
18143,18,143,Scott,2020,2,29,92.57667508626571,2.123120554158217,-2.8037811477719585,7.050037872910898,AN81
18143,18,143,Scott,2020,3,31,170.06269046994734,9.140907736453387,3.744281392969863,14.537626998267324,AN81
18143,18,143,Scott,2020,4,30,93.58443545869399,10.569064122952565,4.678474912705313,16.45975993920517,AN81
18143,18,143,Scott,2020,5,31,160.69965764274673,16.166718127858612,10.851350775827743,21.482189039401504,AN81
18143,18,143,Scott,2020,6,30,109.04304612121,22.91748963130958,17.07059848184377,28.764484579775058,AN81
18143,18,143,Scott,2020,7,31,192.40289530063976,25.450894499298713,19.727053753125723,31.17483531606028,AN81
18143,18,143,Scott,2020,8,31,95.86676069282458,22.72920352322749,17.415722537949087,28.042786764395785,AN81
18143,18,143,Scott,2020,9,30,58.32732109843074,18.844163922013955,12.304723276759631,25.383708408800395,AN81
18143,18,143,Scott,2020,10,31,140.79457037155834,12.336193060975914,5.941559944153668,18.730928916627597,AN81
18143,18,143,Scott,2020,11,30,77.4475432481008,8.860493514648732,2.737571492590321,14.983513370950204,AN81
18143,18,143,Scott,2020,12,31,55.329484531086095,1.8597175427729475,-2.6049170381731,6.3253905977721745,"AN81,AN91"
18143,18,143,Scott,2021,1,31,83.2489904576104,0.44181475285289695,-3.1733278547540453,4.005410265587776,AN91
18143,18,143,Scott,2021,2,28,96.36772283490203,-1.6798759329085868,-6.112538827457421,2.6518613076141486,AN91
18143,18,143,Scott,2021,3,31,73.23137633284367,8.597479926247509,1.8350750558566202,15.368615786500705,AN91
18143,18,143,Scott,2021,4,30,105.63683268123816,12.029318696894796,5.5121463697376445,18.187849302311083,AN91
18143,18,143,Scott,2021,5,31,62.71863565558891,16.507037004256194,10.180954676369156,22.575699718195832,AN91
18143,18,143,Scott,2021,6,30,127.92521114760234,23.029431606081655,17.74896515722045,28.31712449452679,AN91
18143,18,143,Scott,2021,7,31,165.5673513290867,23.470314109667395,18.352864539343425,28.587906263821072,AN91
18143,18,143,Scott,2021,8,31,106.74310235529808,24.664079853121397,19.202309739099015,30.12598706646579,AN91
18143,18,143,Scott,2021,9,30,115.76915348070094,20.41089713823603,14.221414106770675,26.60052510516926,AN91
18143,18,143,Scott,2021,10,31,112.22765771231306,16.074389195184352,10.6874730706084,21.461444793746676,AN91
18143,18,143,Scott,2021,11,30,41.76768975227019,5.06203282735571,-1.1078334134214138,11.23199772088042,AN91
18143,18,143,Scott,2021,12,31,97.51660878233434,7.165217922088624,1.4550514005806787,12.875486393286348,AN91
18145,18,145,Shelby,2020,1,31,133.37811965296916,1.4450667269657815,-2.29194916935785,5.182384644538266,AN81
18145,18,145,Shelby,2020,2,29,78.44062263209666,0.5767555856021241,-3.999907819436734,5.153427315236333,AN81
18145,18,145,Shelby,2020,3,31,153.96975824098982,7.688733715988468,2.997827713427871,12.379730876739044,AN81
18145,18,145,Shelby,2020,4,30,56.969111624865526,9.836147499715983,4.066580664909197,15.605809933343359,AN81
18145,18,145,Shelby,2020,5,31,154.17974866566337,15.974475553464757,10.87786547633017,21.071186433639173,AN81
18145,18,145,Shelby,2020,6,30,84.22524347026341,23.089133504736587,17.32848681832643,28.849881720894654,AN81
18145,18,145,Shelby,2020,7,31,132.0584210528328,24.972496664687167,19.403454916351812,30.54163713028084,AN81
18145,18,145,Shelby,2020,8,31,124.16048332523012,22.55706121969944,17.14252827333636,27.97169238323322,AN81
18145,18,145,Shelby,2020,9,30,8.84917927399814,18.60633028339589,11.874127979918676,25.338634765387816,AN81
18145,18,145,Shelby,2020,10,31,116.84862655503883,11.940042171022686,5.814074415287306,18.06610949819661,AN81
18145,18,145,Shelby,2020,11,30,96.43659899823504,8.158385615828484,2.4773582787159305,13.839509832723023,AN81
18145,18,145,Shelby,2020,12,31,38.512347720371935,0.8197977976052235,-3.415498322825523,5.054403069608378,"AN81,AN91"
18145,18,145,Shelby,2021,1,31,74.56386966184498,-0.5150939297546395,-3.6733524091959566,2.631575985330005,AN91
18145,18,145,Shelby,2021,2,28,69.6249577867172,-3.899901834119635,-8.399100571117733,0.5185473398520327,AN91
18145,18,145,Shelby,2021,3,31,92.7888976957769,7.618984235215368,1.2105508075072648,14.019145665550255,AN91
18145,18,145,Shelby,2021,4,30,68.11018990565398,11.537649948897457,5.252894819083051,17.718309655938242,AN91
18145,18,145,Shelby,2021,5,31,89.35467737910122,16.057742663373105,10.186992299875907,21.888919516092365,AN91
18145,18,145,Shelby,2021,6,30,229.65396649261442,23.30692920893546,18.308659212211996,28.331153359993724,AN91
18145,18,145,Shelby,2021,7,31,204.00496274980335,23.285359061548363,18.364531622640573,28.206328057271698,AN91
18145,18,145,Shelby,2021,8,31,44.83717828623782,24.48549261427335,19.096178177690373,29.87494798493352,AN91
18145,18,145,Shelby,2021,9,30,147.28374150240455,20.766278694552668,14.785045278796154,26.7476560452936,AN91
18145,18,145,Shelby,2021,10,31,107.96894878797237,15.980181411257517,10.990179471834653,20.9703245523401,AN91
18145,18,145,Shelby,2021,11,30,40.36368171171322,4.319933956467333,-1.4054083576118395,10.045376196685071,AN91
18145,18,145,Shelby,2021,12,31,134.78643250796273,5.471885838184776,0.11594601563215205,10.827914988653045,AN91
18147,18,147,Spencer,2020,1,31,127.26827184008403,3.761254152594059,-0.317089871702838,7.840300814341341,AN81
18147,18,147,Spencer,2020,2,29,102.5183337760435,3.2376268002678397,-1.486038941960065,7.961352139614465,AN81
18147,18,147,Spencer,2020,3,31,155.12077715128095,10.143316555552728,4.952276237912425,15.334457080240673,AN81
18147,18,147,Spencer,2020,4,30,106.35162571653049,11.762324061212217,5.831108286637209,17.69363538995484,AN81
18147,18,147,Spencer,2020,5,31,151.0200124740642,17.607075773325583,12.469387450704707,22.74486319586591,AN81
18147,18,147,Spencer,2020,6,30,115.66392251433064,24.099807076603653,18.605853161882,29.593864132329383,AN81
18147,18,147,Spencer,2020,7,31,141.88005079923272,26.502790994336927,21.27140045561043,31.734276598894795,AN81
18147,18,147,Spencer,2020,8,31,154.66832463761892,23.937891650538923,18.93277281512639,28.943113798141834,AN81
18147,18,147,Spencer,2020,9,30,71.85071153062239,20.41884399038613,14.671067702227704,26.16672094419125,AN81
18147,18,147,Spencer,2020,10,31,166.14706957993326,13.883768553516632,8.076087458378579,19.691548474054994,AN81
18147,18,147,Spencer,2020,11,30,69.5798206358713,9.763785032153123,3.5935950978171647,15.934072999258138,AN81
18147,18,147,Spencer,2020,12,31,64.512261066642,2.86140694676393,-1.8469427550931574,7.563433180094391,"AN81,AN91"
18147,18,147,Spencer,2021,1,31,80.16314921651961,1.7983266165881286,-2.1206212128589335,5.511133108164826,AN91
18147,18,147,Spencer,2021,2,28,121.0166936816578,-1.2629245260418818,-5.82262657550679,3.0969906600854773,AN91
18147,18,147,Spencer,2021,3,31,110.40845699548353,10.264208459968776,4.061539863738625,16.34690007492871,AN91
18147,18,147,Spencer,2021,4,30,70.68783328076033,13.360662461919405,7.019366255754426,19.441786223723962,AN91
18147,18,147,Spencer,2021,5,31,85.25918347089512,17.835488332538954,11.897094254290689,23.640832564771387,AN91
18147,18,147,Spencer,2021,6,30,112.54426204569883,24.349422020634552,19.126715858434657,29.497238681058587,AN91
18147,18,147,Spencer,2021,7,31,129.87261295160604,24.958903074100178,19.814154483093372,30.103793183650048,AN91
18147,18,147,Spencer,2021,8,31,140.53317080989797,25.70206909307624,20.33720235990115,31.067076817920473,AN91
18147,18,147,Spencer,2021,9,30,97.94033999866572,21.761705352960558,15.760317621820898,27.763235851628718,AN91
18147,18,147,Spencer,2021,10,31,97.1714505272196,17.418796497377095,11.971082640740828,22.866650550702463,AN91
18147,18,147,Spencer,2021,11,30,38.369561829799785,5.888472081716105,-0.5406641479369034,12.317722357931766,AN91
18147,18,147,Spencer,2021,12,31,138.82532718858994,8.57409917087017,2.9517396353996737,14.196578440291658,AN91
18149,18,149,Starke,2020,1,31,115.52210954447834,-0.48296729622868617,-3.4685245743742557,2.5025059729562935,AN81
18149,18,149,Starke,2020,2,29,60.648491247337056,-2.008496625297054,-6.389928642381848,2.3728982662392943,AN81
18149,18,149,Starke,2020,3,31,66.65731033135579,4.5993898597987695,-0.11059110677844124,9.309447726746821,AN81
18149,18,149,Starke,2020,4,30,111.33039445106357,7.43263877027345,1.5490459863801127,13.316329554818434,AN81
18149,18,149,Starke,2020,5,31,108.74738729934687,14.654825747682978,9.340226265090179,19.969523882836796,AN81
18149,18,149,Starke,2020,6,30,75.75474144788451,22.034489578054497,15.780837993371758,28.28823878020289,AN81
18149,18,149,Starke,2020,7,31,82.84864418998185,23.507828133179604,17.80772029892078,29.20803837105289,AN81
18149,18,149,Starke,2020,8,31,54.77069534399178,21.213153816056668,14.676261684478542,27.75014769975366,AN81
18149,18,149,Starke,2020,9,30,56.13612500183571,16.813962228939427,10.021689252664236,23.60633522402692,AN81
18149,18,149,Starke,2020,10,31,70.40058455236668,9.717698906335661,3.5300464620532654,15.905453013942918,AN81
18149,18,149,Starke,2020,11,30,58.52160739005814,6.749857801714716,1.151166649358328,12.348632803728218,AN81
18149,18,149,Starke,2020,12,31,43.134244580751584,-0.5092582322455645,-4.479922488319405,3.466988586144053,"AN81,AN91"
18149,18,149,Starke,2021,1,31,59.51003478205841,-2.248253500787389,-4.975109089125905,0.5872979508660386,AN91
18149,18,149,Starke,2021,2,28,31.852805488914992,-7.2544725309200535,-12.000385183412414,-2.3945452990976834,AN91
18149,18,149,Starke,2021,3,31,60.71810221940713,5.346019031773434,-1.232783974345282,12.135221942193791,AN91
18149,18,149,Starke,2021,4,30,65.92907990118147,9.496497423472102,3.186983191275361,15.788043212907853,AN91
18149,18,149,Starke,2021,5,31,120.43762643221923,14.70393481669445,8.923108631138492,20.424178842786027,AN91
18149,18,149,Starke,2021,6,30,229.41747955229656,22.30404710237088,16.948804664729103,27.738997229201107,AN91
18149,18,149,Starke,2021,7,31,97.77460124116499,22.12416097964335,17.292453914478177,26.95601197058129,AN91
18149,18,149,Starke,2021,8,31,126.10014327119316,22.93777018895273,17.294373660867443,28.581309892194195,AN91
18149,18,149,Starke,2021,9,30,52.83203851184639,19.22629343412569,12.410115588208582,26.042615626299646,AN91
18149,18,149,Starke,2021,10,31,209.80768137444326,13.914033144746103,9.12248498189263,18.705721416390976,AN91
18149,18,149,Starke,2021,11,30,29.067885627828577,3.243401152361808,-1.8254520023163006,8.312319146126221,AN91
18149,18,149,Starke,2021,12,31,81.901331538639,2.47174564771845,-2.14247866808463,7.086034458995268,AN91
18151,18,151,Steuben,2020,1,31,89.78225735671047,-1.0385647547845616,-4.213132121247035,2.1359222461927296,AN81
18151,18,151,Steuben,2020,2,29,41.00510195773822,-2.4512114608345983,-6.669446116542359,1.7669649075498932,AN81
18151,18,151,Steuben,2020,3,31,78.27430346399613,4.147091855082304,-0.6374523430287274,8.931718624485963,AN81
18151,18,151,Steuben,2020,4,30,62.12505812410622,6.710816153630243,1.041773709984682,12.379944079269176,AN81
18151,18,151,Steuben,2020,5,31,118.76479513264219,13.719345441730258,8.379554657866608,19.059240412239234,AN81
18151,18,151,Steuben,2020,6,30,50.092959405357156,21.342850486036657,14.994797149665313,27.69100614510701,AN81
18151,18,151,Steuben,2020,7,31,65.10042213520897,23.942788904808864,18.081959197306045,29.803718935181404,AN81
18151,18,151,Steuben,2020,8,31,57.18780582663059,21.413893507151293,15.050390192817751,27.777496964842758,AN81
18151,18,151,Steuben,2020,9,30,61.329872800861885,16.343627563022007,9.89802958823701,22.789322924895483,AN81
18151,18,151,Steuben,2020,10,31,63.49983196850706,9.299484138213792,3.594335573170572,15.004730961063057,AN81
18151,18,151,Steuben,2020,11,30,59.04301705610601,6.067993794213416,0.53450050994537,11.6015660508984,AN81
18151,18,151,Steuben,2020,12,31,35.339591167915025,-0.7687394893601885,-4.591028990372413,3.056989894364495,"AN81,AN91"
18151,18,151,Steuben,2021,1,31,41.59626272259742,-2.649552943144057,-5.276587773888247,-0.015590444078154424,AN91
18151,18,151,Steuben,2021,2,28,34.41586586418514,-6.8629564667752785,-11.596042455201317,-2.1152529861738296,AN91
18151,18,151,Steuben,2021,3,31,63.177640036979255,4.93742178798468,-2.122555022509912,12.038099524616621,AN91
18151,18,151,Steuben,2021,4,30,52.08130176563352,9.110627588431376,2.623312524626362,15.57885591491802,AN91
18151,18,151,Steuben,2021,5,31,69.47817899572756,14.017931287457863,7.832813643373785,20.185937344735272,AN91
18151,18,151,Steuben,2021,6,30,180.93080721529947,21.737814770412438,16.20239687343862,27.313394067257146,AN91
18151,18,151,Steuben,2021,7,31,109.22695112353058,21.81490899033254,16.72326652669665,26.906693304978816,AN91
18151,18,151,Steuben,2021,8,31,96.94865844737703,22.785370736845234,16.842700321992673,28.728184584923138,AN91
18151,18,151,Steuben,2021,9,30,131.02847944200477,18.630486694081796,12.158264987578232,25.102852839761745,AN91
18151,18,151,Steuben,2021,10,31,203.26986584341452,13.716885683959312,8.938079674754395,18.49582950052804,AN91
18151,18,151,Steuben,2021,11,30,33.40051428416822,3.143489206848572,-1.6752894503572768,7.962342333156095,AN91
18151,18,151,Steuben,2021,12,31,86.30277907442022,1.8650824525674745,-2.5179890588387885,6.248203501380042,AN91
18153,18,153,Sullivan,2020,1,31,146.13057739217868,1.7813457689608896,-2.1750222324974695,5.73805526005493,AN81
18153,18,153,Sullivan,2020,2,29,82.46528719366967,1.52072427955,-3.082057202789282,6.123542538860474,AN81
18153,18,153,Sullivan,2020,3,31,150.07079875890494,8.159095355881636,3.0381236003199477,13.280168999162244,AN81
18153,18,153,Sullivan,2020,4,30,71.05661269768903,10.625831644808157,4.704892282903076,16.546872738942362,AN81
18153,18,153,Sullivan,2020,5,31,143.56559221012427,16.728408526402458,11.327124519728454,22.12979272840428,AN81
18153,18,153,Sullivan,2020,6,30,68.4180659059056,23.553086222379864,17.494681986077516,29.6115892232704,AN81
18153,18,153,Sullivan,2020,7,31,221.04215245565402,25.24651576628388,19.626419307422346,30.866710417389704,AN81
18153,18,153,Sullivan,2020,8,31,91.75116813905466,22.84522347279151,17.370201884288647,28.320347925468642,AN81
18153,18,153,Sullivan,2020,9,30,9.419144834700989,19.115427516904944,12.520112376810648,25.710840296249444,AN81
18153,18,153,Sullivan,2020,10,31,109.49267891645103,12.324516251653934,5.7465139266582455,18.90261662849152,AN81
18153,18,153,Sullivan,2020,11,30,131.52311824814885,8.303594860095364,2.244015630327023,14.363270174029278,AN81
18153,18,153,Sullivan,2020,12,31,71.91778146421893,1.4866075457016665,-3.2141408475125157,6.189599130308271,"AN81,AN91"
18153,18,153,Sullivan,2021,1,31,69.06722127492715,-0.31031213038673755,-4.095222673304997,3.4909034163241563,AN91
18153,18,153,Sullivan,2021,2,28,89.641810427902,-3.7927021952686517,-8.519164250548913,0.9743996619908165,AN91
18153,18,153,Sullivan,2021,3,31,103.04947611483188,8.687295347883214,2.298163468590543,14.936659437865895,AN91
18153,18,153,Sullivan,2021,4,30,61.26559823411947,12.14882476278021,6.2326872046008335,18.074957105503582,AN91
18153,18,153,Sullivan,2021,5,31,71.48273330221517,16.656223090845064,10.891728548700076,22.36571749764641,AN91
18153,18,153,Sullivan,2021,6,30,151.61399301052438,23.576044625586025,18.40700284179163,28.709551515156665,AN91
18153,18,153,Sullivan,2021,7,31,162.55720215255008,23.665844939272883,18.629038261203963,28.702794229464207,AN91
18153,18,153,Sullivan,2021,8,31,97.60276509542244,24.668982833441913,19.27933799656731,30.05876858237177,AN91
18153,18,153,Sullivan,2021,9,30,90.37873859625414,20.886549170812845,14.220390211522373,27.552851127977615,AN91
18153,18,153,Sullivan,2021,10,31,132.62175753002924,16.212135387702645,10.73346648017675,21.690945180031324,AN91
18153,18,153,Sullivan,2021,11,30,42.81529810906137,4.7848507343696856,-1.1306294858716435,10.700440165443236,AN91
18153,18,153,Sullivan,2021,12,31,121.31277289198907,6.275399054933086,1.1009117257579006,11.449982071037258,AN91
18155,18,155,Switzerland,2020,1,31,108.83750918070308,2.689641499582274,-1.6336503508154365,7.013514358853833,AN81
18155,18,155,Switzerland,2020,2,29,98.74504145052312,1.5772238322887515,-3.485610819180926,6.640081122944675,AN81
18155,18,155,Switzerland,2020,3,31,147.93591292978684,8.702666510447798,3.1245660131601807,14.280863746949581,AN81
18155,18,155,Switzerland,2020,4,30,110.37166883255999,10.369892962945206,4.386165528609674,16.353719438026005,AN81
18155,18,155,Switzerland,2020,5,31,152.7730283873996,15.939181755797009,10.635925098298918,21.242538594705014,AN81
18155,18,155,Switzerland,2020,6,30,93.89293290206622,22.577911481191016,16.687574377599137,28.468349188385794,AN81
18155,18,155,Switzerland,2020,7,31,138.4415799587023,25.499657758441256,19.719687306274157,31.27972589114955,AN81
18155,18,155,Switzerland,2020,8,31,103.7099437464517,22.80271491913738,17.585772655965155,28.019756736227595,AN81
18155,18,155,Switzerland,2020,9,30,57.68708044345312,19.053343442531627,12.687518946965174,25.419275982913216,AN81
18155,18,155,Switzerland,2020,10,31,143.69358406824915,12.771703194581876,6.815476667181074,18.72803003293202,AN81
18155,18,155,Switzerland,2020,11,30,89.99042273192178,8.79846936155564,2.58886654805164,15.008174273743986,AN81
18155,18,155,Switzerland,2020,12,31,59.27335027059862,1.6027712181083023,-2.9249436229831094,6.138149001073657,"AN81,AN91"
18155,18,155,Switzerland,2021,1,31,79.50354877362814,0.30992774290901254,-3.219068712131118,3.8951636275198793,AN91
18155,18,155,Switzerland,2021,2,28,106.50551469646737,-1.9927558946816064,-6.444689344264548,2.6406020464615643,AN91
18155,18,155,Switzerland,2021,3,31,81.15159363208598,8.043894308351193,1.2348504673586211,15.154384044977098,AN91
18155,18,155,Switzerland,2021,4,30,100.20928348935246,11.516992782185055,5.229596155154697,18.063109725377185,AN91
18155,18,155,Switzerland,2021,5,31,81.94617230984373,16.020400401901625,9.701823463465594,22.253056731645458,AN91
18155,18,155,Switzerland,2021,6,30,171.81457834057287,22.61456783994729,17.46680095705286,27.949569516758366,AN91
18155,18,155,Switzerland,2021,7,31,142.1315824970451,23.351122502152172,18.189966423076978,28.51242086107946,AN91
18155,18,155,Switzerland,2021,8,31,88.79083989775188,24.414261525724537,19.069327732970336,29.75933652761746,AN91
18155,18,155,Switzerland,2021,9,30,80.71730571771249,20.084699592096523,13.98785172973341,26.181690855031697,AN91
18155,18,155,Switzerland,2021,10,31,116.63520824418366,15.850793444511433,10.586137924479223,21.11559114647857,AN91
18155,18,155,Switzerland,2021,11,30,46.144192248498356,4.826626389998932,-1.5378284154216304,11.191180767002232,AN91
18155,18,155,Switzerland,2021,12,31,100.35051013672837,6.724429367014481,0.7436028987737281,12.705355002516374,AN91
18157,18,157,Tippecanoe,2020,1,31,100.31251251070549,0.29198538375311894,-3.2373215183447996,3.821408071865713,AN81
18157,18,157,Tippecanoe,2020,2,29,60.0041593039818,-1.1209964135408341,-5.474248018093359,3.2322327438168195,AN81
18157,18,157,Tippecanoe,2020,3,31,77.00540358450066,6.424848296845732,1.7854826196947378,11.06430364738116,AN81
18157,18,157,Tippecanoe,2020,4,30,78.30594613765838,9.243735347421644,3.095736114539153,15.391832491629604,AN81
18157,18,157,Tippecanoe,2020,5,31,81.72255152030853,16.076314133856535,10.927528537004612,21.22520008932013,AN81
18157,18,157,Tippecanoe,2020,6,30,92.45220985525441,22.686985618491043,16.639916391532935,28.734153719242684,AN81
18157,18,157,Tippecanoe,2020,7,31,98.87060745119845,24.544359712370554,19.013305512692547,30.075513667039512,AN81
18157,18,157,Tippecanoe,2020,8,31,68.9977394705863,22.061140458319134,16.090433406441214,28.03194737675162,AN81
18157,18,157,Tippecanoe,2020,9,30,53.587599028588066,18.192037368467687,11.658770216982926,24.725403103564037,AN81
18157,18,157,Tippecanoe,2020,10,31,73.41980536026298,11.482418106970623,5.1735818804902935,17.791353973472148,AN81
18157,18,157,Tippecanoe,2020,11,30,66.89491057765291,7.635433785520141,2.1315858884445245,13.139378828094886,AN81
18157,18,157,Tippecanoe,2020,12,31,49.24437252154425,0.2472119291172181,-4.074690067303552,4.5724891268576116,"AN81,AN91"
18157,18,157,Tippecanoe,2021,1,31,53.793573544945495,-1.6456450909777762,-4.8815118402906785,1.5555147040201127,AN91
18157,18,157,Tippecanoe,2021,2,28,34.56118264272032,-6.076105821931841,-10.915443306320087,-1.4958259368495477,AN91
18157,18,157,Tippecanoe,2021,3,31,103.42792807374164,7.314670538806656,1.0681937875616194,13.458408091115494,AN91
18157,18,157,Tippecanoe,2021,4,30,65.87266656317124,11.865977924393379,5.835720250359091,17.836165840028393,AN91
18157,18,157,Tippecanoe,2021,5,31,123.3035431882192,16.291536876948594,10.60335320201524,21.902260703870294,AN91
18157,18,157,Tippecanoe,2021,6,30,131.84561741345658,23.685633649826983,18.050412787048277,29.119307360191417,AN91
18157,18,157,Tippecanoe,2021,7,31,115.08229189798557,22.759758733930955,17.71942268506796,27.800238259297064,AN91
18157,18,157,Tippecanoe,2021,8,31,55.021510692359826,23.724449865759397,18.007478067595784,29.441563514637956,AN91
18157,18,157,Tippecanoe,2021,9,30,81.98707216701759,20.312614557374236,13.716481397492412,26.908890840485626,AN91
18157,18,157,Tippecanoe,2021,10,31,238.19757214330946,14.976702594441328,10.192796334525651,19.760748937066946,AN91
18157,18,157,Tippecanoe,2021,11,30,30.22884946071776,3.634781898924225,-1.662890356387014,8.932524769106465,AN91
18157,18,157,Tippecanoe,2021,12,31,80.84790647799286,4.037721531631096,-0.760367614987429,8.835891163120799,AN91
18159,18,159,Tipton,2020,1,31,103.20695905748026,0.3990499383199892,-3.24921399734593,4.047385667058747,AN81
18159,18,159,Tipton,2020,2,29,85.6879429058181,-1.2154632439324238,-5.709342849136341,3.2783961305272036,AN81
18159,18,159,Tipton,2020,3,31,97.56591003525122,5.850029889195116,1.010036674992969,10.690105213131513,AN81
18159,18,159,Tipton,2020,4,30,48.51400439210671,8.745184209137898,2.3762942758064294,15.114175072235955,AN81
18159,18,159,Tipton,2020,5,31,121.8465371443617,15.41612482370933,9.97958026635549,20.852765249196487,AN81
18159,18,159,Tipton,2020,6,30,102.70434349116526,22.420248343664305,16.198221670713046,28.642373678060952,AN81
18159,18,159,Tipton,2020,7,31,100.83653836931192,24.24388999245805,18.400662196171268,30.0872258123993,AN81
18159,18,159,Tipton,2020,8,31,70.29864677369072,21.696566127636178,15.480434544109377,27.912799921185872,AN81
18159,18,159,Tipton,2020,9,30,78.21375335510614,17.834909797152886,11.119824223650335,24.55009507963162,AN81
18159,18,159,Tipton,2020,10,31,125.8620972030694,11.07795602089654,4.755185419963827,17.400828946141804,AN81
18159,18,159,Tipton,2020,11,30,67.42334377996765,7.284499664005316,1.628672795737738,12.940424065431825,AN81
18159,18,159,Tipton,2020,12,31,41.05867907911544,-0.13596622855637525,-4.355721411536429,4.113098029799601,"AN81,AN91"
18159,18,159,Tipton,2021,1,31,48.18770469893153,-1.6014159016111094,-4.596651457871904,1.5098066910001766,AN91
18159,18,159,Tipton,2021,2,28,42.70812179602706,-6.076632867758155,-10.848259665415144,-1.2110406127608526,AN91
18159,18,159,Tipton,2021,3,31,102.57638816550069,6.49559400126581,0.06906070512773342,12.990679198742795,AN91
18159,18,159,Tipton,2021,4,30,75.98703365588025,10.975525692424315,4.993359940174931,16.890393527946006,AN91
18159,18,159,Tipton,2021,5,31,101.35903844340652,15.156623584821782,9.435745970926549,20.82437235915571,AN91
18159,18,159,Tipton,2021,6,30,122.6905578218683,22.890799431925213,17.477380842078453,28.454558776581408,AN91
18159,18,159,Tipton,2021,7,31,137.1502382035471,22.578200099266738,17.230939827620993,27.925608028148442,AN91
18159,18,159,Tipton,2021,8,31,106.2246312522725,23.570321444406247,17.472384778864363,29.668401611661494,AN91
18159,18,159,Tipton,2021,9,30,100.8349161961776,19.84606577127414,13.13397828077785,26.55829525778072,AN91
18159,18,159,Tipton,2021,10,31,207.11500951311635,15.037823378264024,9.986719447797208,20.089070268383388,AN91
18159,18,159,Tipton,2021,11,30,31.29202150506414,3.696882593066468,-1.70611973285367,9.099957852459493,AN91
18159,18,159,Tipton,2021,12,31,116.63024924489027,3.8615436049550054,-1.2664289908282762,8.989602497674637,AN91
18161,18,161,Union,2020,1,31,128.57604772414274,1.3190415461270335,-2.2533526727321758,4.891767717547148,AN81
18161,18,161,Union,2020,2,29,75.80940598136841,-0.17654599238723623,-4.947418659393736,4.594326343207748,AN81
18161,18,161,Union,2020,3,31,169.15818214778102,6.988574095266999,1.8300690726547164,12.147167171028615,AN81
18161,18,161,Union,2020,4,30,54.05736458687262,9.302798728306247,3.355315525805318,15.25038396284668,AN81
18161,18,161,Union,2020,5,31,142.17568246940056,15.12453247243399,9.791463381209171,20.457702425072956,AN81
18161,18,161,Union,2020,6,30,88.00303276156046,22.22909785611186,16.12752663065073,28.330768617802175,AN81
18161,18,161,Union,2020,7,31,115.31090952708345,24.170798037538624,18.05894087089649,30.282757488811274,AN81
18161,18,161,Union,2020,8,31,88.72761272319799,21.709266037922596,16.018734984946843,27.399899416899274,AN81
18161,18,161,Union,2020,9,30,14.540542154628469,18.38513059467483,11.340315432719251,25.430044444301064,AN81
18161,18,161,Union,2020,10,31,132.15336622454552,11.594729393195584,5.628954218800464,17.560606374652636,AN81
18161,18,161,Union,2020,11,30,84.49758599417653,7.701316315406991,1.9858399213561193,13.416886748347208,AN81
18161,18,161,Union,2020,12,31,37.027948067396785,0.45719008836382546,-3.602943099307158,4.526118542823894,"AN81,AN91"
18161,18,161,Union,2021,1,31,64.29577530936172,-1.0215700982940759,-3.9038837499976204,2.0384221714003927,AN91
18161,18,161,Union,2021,2,28,56.15766629494364,-4.02853076743022,-8.318287860302751,0.011417340107699252,AN91
18161,18,161,Union,2021,3,31,84.8724787618346,6.846637380440701,-0.005738451275168351,13.88995876574166,AN91
18161,18,161,Union,2021,4,30,61.35445733622988,10.633687287696793,4.147153298403885,17.08963609216674,AN91
18161,18,161,Union,2021,5,31,90.49973994681854,15.117331914216184,9.454297438881872,20.956880499027314,AN91
18161,18,161,Union,2021,6,30,181.97771134733534,22.126627991777806,16.810101847660643,27.449530268605162,AN91
18161,18,161,Union,2021,7,31,112.74754147960539,22.39462489075568,17.231612210489928,27.55778154304567,AN91
18161,18,161,Union,2021,8,31,63.07852383232036,23.556828030832026,17.85895483386877,29.254843269898444,AN91
18161,18,161,Union,2021,9,30,125.70577760096586,19.187262458608902,12.781672458321653,25.592995192099263,AN91
18161,18,161,Union,2021,10,31,104.15898420556078,15.047401506921382,9.826353576027719,20.268590631652998,AN91
18161,18,161,Union,2021,11,30,35.12497424462915,3.9400895109978156,-1.508742010198337,9.389015537563353,AN91
18161,18,161,Union,2021,12,31,113.62866464927951,4.662856664594568,-0.5639261573089764,9.889716014475907,AN91
18163,18,163,Vanderburgh,2020,1,31,137.5105375551345,3.2211004358763593,-0.6531272882257149,7.095928339290208,AN81
18163,18,163,Vanderburgh,2020,2,29,97.42835588573115,2.9229618421595784,-1.6231364194625528,7.469120016833653,AN81
18163,18,163,Vanderburgh,2020,3,31,176.65325717337333,9.7214286761542,4.677273865457672,14.765686687336752,AN81
18163,18,163,Vanderburgh,2020,4,30,95.06060876479158,11.794171461123145,6.028578286188706,17.559864377228767,AN81
18163,18,163,Vanderburgh,2020,5,31,160.4202888725348,17.724710930423747,12.897552390755031,22.551969213612253,AN81
18163,18,163,Vanderburgh,2020,6,30,191.1649993080923,24.23458080008933,18.884167077436075,29.5850975478365,AN81
18163,18,163,Vanderburgh,2020,7,31,158.58652904377215,26.525714928198326,21.404166295825995,31.647367354355566,AN81
18163,18,163,Vanderburgh,2020,8,31,117.52738095007153,23.98489543280483,19.02000614498389,28.949886644083954,AN81
18163,18,163,Vanderburgh,2020,9,30,54.503550917189315,20.491136481530766,14.533380514277477,26.448992070268453,AN81
18163,18,163,Vanderburgh,2020,10,31,172.6095054928976,13.645360150684493,7.739066637634683,19.551752163249592,AN81
18163,18,163,Vanderburgh,2020,11,30,87.26980493245664,9.586112706047782,3.540626310925816,15.631691513457382,AN81
18163,18,163,Vanderburgh,2020,12,31,65.578335187775,2.8381265009812786,-1.9632273833373475,7.640213554296175,"AN81,AN91"
18163,18,163,Vanderburgh,2021,1,31,73.87662969950344,1.5648912259344,-2.2107121525848843,5.356470015203142,AN91
18163,18,163,Vanderburgh,2021,2,28,123.05426269143032,-2.057907007617307,-6.537125540476194,2.4180595513015937,AN91
18163,18,163,Vanderburgh,2021,3,31,126.15086547304932,10.177722685181706,4.047300875332822,16.324973902613735,AN91
18163,18,163,Vanderburgh,2021,4,30,70.58137120739204,13.542728354500102,7.442453282270307,19.527296219821917,AN91
18163,18,163,Vanderburgh,2021,5,31,77.786538341582,17.78839230299853,12.165122105578495,23.280316115472868,AN91
18163,18,163,Vanderburgh,2021,6,30,104.31680046250996,24.32204763876638,19.295822139702192,29.35083976985792,AN91
18163,18,163,Vanderburgh,2021,7,31,143.1985978457872,24.875341194455448,19.838834552120517,29.911991409104807,AN91
18163,18,163,Vanderburgh,2021,8,31,110.75229501237564,25.59889489577462,20.372933556961637,30.82500028272954,AN91
18163,18,163,Vanderburgh,2021,9,30,93.40946278287375,21.80407471395195,15.709289837914788,27.899001510626746,AN91
18163,18,163,Vanderburgh,2021,10,31,112.00198768196945,17.383144047454316,11.906589066641784,22.859838516197758,AN91
18163,18,163,Vanderburgh,2021,11,30,44.87203332577519,5.738120248474669,-0.6387257267350197,12.115082736345732,AN91
18163,18,163,Vanderburgh,2021,12,31,126.55968187026879,8.15073813843435,2.5339749221045524,13.767618078852127,AN91
18165,18,165,Vermillion,2020,1,31,129.008388917181,0.9736917437869921,-2.744593891657035,4.69216146743692,AN81
18165,18,165,Vermillion,2020,2,29,70.0952300898725,0.2608548710624862,-4.155148479639449,4.676860580326439,AN81
18165,18,165,Vermillion,2020,3,31,104.19784627996651,7.1997750887841105,2.32817606992054,12.071468246503985,AN81
18165,18,165,Vermillion,2020,4,30,97.37602240741828,9.946635091717063,3.640011167580563,16.25335954076922,AN81
18165,18,165,Vermillion,2020,5,31,114.30879376948761,16.27011510681554,10.86170873405883,21.67862047921634,AN81
18165,18,165,Vermillion,2020,6,30,135.47469077935992,23.38893037214268,17.34477442026046,29.433186648447414,AN81
18165,18,165,Vermillion,2020,7,31,206.17981800173277,24.80991624799468,19.116225451869305,30.503712284848046,AN81
18165,18,165,Vermillion,2020,8,31,30.204264881795172,22.375375361314056,16.37570104922573,28.375152362087306,AN81
18165,18,165,Vermillion,2020,9,30,20.98565262401535,18.593721494747463,11.6592217491725,25.528321763026177,AN81
18165,18,165,Vermillion,2020,10,31,105.12150339648389,11.773205687796723,4.881017962755515,18.66549283936748,AN81
18165,18,165,Vermillion,2020,11,30,72.62549035626984,7.731095236526349,1.5785147279036589,13.883768890109797,AN81
18165,18,165,Vermillion,2020,12,31,52.22328363242465,0.693838939182898,-4.022896942261454,5.41354288540794,"AN81,AN91"
18165,18,165,Vermillion,2021,1,31,67.53773994448612,-1.217406433534578,-4.6836345889899835,2.3304119471480127,AN91
18165,18,165,Vermillion,2021,2,28,59.32741785157336,-5.45311444749739,-10.376594751805623,-0.4559153394145158,AN91
18165,18,165,Vermillion,2021,3,31,118.97645102230348,7.51056902607231,1.2124440643302283,13.83503749526229,AN91
18165,18,165,Vermillion,2021,4,30,43.86190754402158,11.752349570584123,5.528074649197225,17.949421590653756,AN91
18165,18,165,Vermillion,2021,5,31,106.6275824274502,16.12658126456256,10.243829764281289,21.905633702232716,AN91
18165,18,165,Vermillion,2021,6,30,234.81995836456528,23.393136542081802,17.906840414218216,28.896474976996654,AN91
18165,18,165,Vermillion,2021,7,31,110.8294680489959,23.2663400929894,18.042848133582122,28.489974847941106,AN91
18165,18,165,Vermillion,2021,8,31,76.59231539901288,24.390464822885512,18.609009241788304,30.172061062728204,AN91
18165,18,165,Vermillion,2021,9,30,94.62086078696434,20.67134899201823,13.748963741789876,27.5938797148923,AN91
18165,18,165,Vermillion,2021,10,31,171.97438680542942,15.67801457512268,10.42581778270948,20.930353584954723,AN91
18165,18,165,Vermillion,2021,11,30,36.093267853704134,4.227222506662081,-1.5638053131042644,10.018343791905696,AN91
18165,18,165,Vermillion,2021,12,31,88.91831586154754,4.817347803567961,-0.2311158713762666,9.865900737123,AN91
18167,18,167,Vigo,2020,1,31,147.29768672907971,1.5643227614279547,-2.254008451668719,5.382952536463923,AN81
18167,18,167,Vigo,2020,2,29,70.31234695701042,1.1960544520086864,-3.2339281705110685,5.626060585028593,AN81
18167,18,167,Vigo,2020,3,31,103.79888429653526,7.777798010724233,2.857363710522165,12.69832430095787,AN81
18167,18,167,Vigo,2020,4,30,63.12165546996788,10.416030923943206,4.604373316715032,16.22779081108233,AN81
18167,18,167,Vigo,2020,5,31,156.40924866598903,16.618641535576923,11.36526573240676,21.87211873299136,AN81
18167,18,167,Vigo,2020,6,30,91.74812962742249,23.591100378098155,17.66055012512145,29.52175135220448,AN81
18167,18,167,Vigo,2020,7,31,202.0863774967056,25.263208457593688,19.748425607631788,30.77809443176033,AN81
18167,18,167,Vigo,2020,8,31,38.699545575555476,22.75095626044266,17.047300332514446,28.45471322016485,AN81
18167,18,167,Vigo,2020,9,30,10.906821975165283,18.97150810603842,12.156646574070919,25.786467892196434,AN81
18167,18,167,Vigo,2020,10,31,133.34386019346766,12.31527900710954,5.651642196410821,18.97901859998901,AN81
18167,18,167,Vigo,2020,11,30,108.62555931307664,8.051691718996404,1.9942578347163225,14.109219695355705,AN81
18167,18,167,Vigo,2020,12,31,66.05328586163414,1.1310838654170763,-3.486667399228694,5.749915083071049,"AN81,AN91"
18167,18,167,Vigo,2021,1,31,62.741562030586415,-0.6288124865969961,-4.215712413965462,3.0175678069009386,AN91
18167,18,167,Vigo,2021,2,28,70.37935594206569,-4.140705900479975,-8.913178268458685,0.6842375023356755,AN91
18167,18,167,Vigo,2021,3,31,122.33427088273321,8.306671996108335,1.997761252251598,14.546034689630611,AN91
18167,18,167,Vigo,2021,4,30,60.37131998971211,12.14033202421578,6.2920724669138535,17.928936189411733,AN91
18167,18,167,Vigo,2021,5,31,116.95851787020288,16.394911206770736,10.684338053781925,22.02747489693495,AN91
18167,18,167,Vigo,2021,6,30,211.9984721003099,23.57452616906039,18.43077929206222,28.71681619464552,AN91
18167,18,167,Vigo,2021,7,31,151.05505446571462,23.658545900550667,18.67012406022904,28.64711233219005,AN91
18167,18,167,Vigo,2021,8,31,59.32720610233598,24.612779796229503,19.148897502330154,30.07680308991831,AN91
18167,18,167,Vigo,2021,9,30,73.04639321181816,20.86915208526744,14.298757811744553,27.439691265010264,AN91
18167,18,167,Vigo,2021,10,31,143.25915971837915,15.993324217918012,10.758016597019965,21.228772663013505,AN91
18167,18,167,Vigo,2021,11,30,41.21939426706713,4.502326392742199,-1.360437106989542,10.365185899958423,AN91
18167,18,167,Vigo,2021,12,31,107.84683271082018,5.68714559017268,0.5934411643033953,10.780941859524829,AN91
18169,18,169,Wabash,2020,1,31,94.49081844040495,0.021517884271618,-3.3228578516872007,3.3659561606204838,AN81
18169,18,169,Wabash,2020,2,29,50.74499737175449,-1.404993537954301,-5.493624985652802,2.683610558732536,AN81
18169,18,169,Wabash,2020,3,31,76.92581502284229,5.185519341955464,0.5165470263796846,9.854577086585994,AN81
18169,18,169,Wabash,2020,4,30,68.2420647812834,8.307004049301687,2.204413561828774,14.409688773568954,AN81
18169,18,169,Wabash,2020,5,31,123.75125092116183,14.991834896613103,9.535948841207015,20.447821986453484,AN81
18169,18,169,Wabash,2020,6,30,75.18583325266624,22.171910492383073,16.01396659118651,28.32995199065035,AN81
18169,18,169,Wabash,2020,7,31,85.31324904922006,24.425855506959344,18.703850648192986,30.147957825143855,AN81
18169,18,169,Wabash,2020,8,31,54.255522243172265,21.980055986274152,15.70676591661501,28.253445673762705,AN81
18169,18,169,Wabash,2020,9,30,77.77628163691696,17.548131685150096,11.19078018223323,23.905585915921293,AN81
18169,18,169,Wabash,2020,10,31,86.41505144360042,10.669434108773787,4.768445149576966,16.57052515940426,AN81
18169,18,169,Wabash,2020,11,30,67.16995282034797,6.902572081940151,1.4497655280024053,12.355471811004055,AN81
18169,18,169,Wabash,2020,12,31,40.38100886151664,-0.24110560562664435,-4.145076000697351,3.6691896638794503,"AN81,AN91"
18169,18,169,Wabash,2021,1,31,46.20561347515611,-1.72956408172871,-4.405065358642429,0.9356716085677211,AN91
18169,18,169,Wabash,2021,2,28,30.005063246734824,-6.425663232580903,-11.215896611857621,-1.696085174771185,AN91
18169,18,169,Wabash,2021,3,31,102.27237773596357,6.03653945875895,-0.5151333949727368,12.626347547474872,AN91
18169,18,169,Wabash,2021,4,30,80.82506692828706,10.247448972406312,3.8854679478560654,16.417669557447404,AN91
18169,18,169,Wabash,2021,5,31,116.7648824614998,15.042638051439603,9.312200865701048,20.757826528173215,AN91
18169,18,169,Wabash,2021,6,30,126.86904362133832,22.67196604666905,17.53126900338295,27.947698465585358,AN91
18169,18,169,Wabash,2021,7,31,105.7852576955077,22.509138970780132,17.54676981704198,27.471652914908496,AN91
18169,18,169,Wabash,2021,8,31,77.17191213038018,23.453891127322944,17.843658585233705,29.064267357505567,AN91
18169,18,169,Wabash,2021,9,30,106.91396995876944,19.711096053477977,13.322425637683313,26.099907331463886,AN91
18169,18,169,Wabash,2021,10,31,214.58761142185193,14.74815792337026,9.99264109109801,19.50381529745339,AN91
18169,18,169,Wabash,2021,11,30,30.261483319542776,3.7159443682550033,-1.1873363932270955,8.619303152083365,AN91
18169,18,169,Wabash,2021,12,31,102.04339684150935,3.271397289852988,-1.2962322927610483,7.839112991578945,AN91
18171,18,171,Warren,2020,1,31,109.49941471249376,0.11687225683919433,-3.364483738179493,3.5983242559021202,AN81
18171,18,171,Warren,2020,2,29,59.10535035466629,-1.0356789015467813,-5.373717586378619,3.30233105626013,AN81
18171,18,171,Warren,2020,3,31,80.881857095639,6.107116003772651,1.3140541589591788,10.90026306106451,AN81
18171,18,171,Warren,2020,4,30,104.55501062535518,9.045884837327183,2.78143101091397,15.310436832222772,AN81
18171,18,171,Warren,2020,5,31,92.29905978968975,15.770968056793826,10.546558061089652,20.99547939761888,AN81
18171,18,171,Warren,2020,6,30,100.13180870730663,22.865027777293815,16.75787870891776,28.972278478786848,AN81
18171,18,171,Warren,2020,7,31,139.95593000952027,24.243366906827312,18.651812217902922,29.835021398602922,AN81
18171,18,171,Warren,2020,8,31,68.07888881727787,21.751074384524934,15.654473643655939,27.84777492669346,AN81
18171,18,171,Warren,2020,9,30,50.029684046015966,17.869179052517747,11.122809933929753,24.615647082048675,AN81
18171,18,171,Warren,2020,10,31,59.04094753328421,11.057246778883805,4.537004563536333,17.577592247049818,AN81
18171,18,171,Warren,2020,11,30,67.80178798469748,7.35414843516124,1.569699079823094,13.13868671704755,AN81
18171,18,171,Warren,2020,12,31,42.26054570945252,0.1163762933981663,-4.502301025430778,4.739413141678699,"AN81,AN91"
18171,18,171,Warren,2021,1,31,61.19047385692,-1.8668873183722412,-5.073226964411021,1.5049182224029214,AN91
18171,18,171,Warren,2021,2,28,36.56927254442747,-6.747282443895882,-11.43271348639651,-1.7460871866361187,AN91
18171,18,171,Warren,2021,3,31,88.30861591009854,6.862992227685724,0.659584482412069,13.114229136854826,AN91
18171,18,171,Warren,2021,4,30,56.1203607204873,11.260519717391238,5.127996353648741,17.541963631640456,AN91
18171,18,171,Warren,2021,5,31,117.31670484580003,15.937189615512024,10.288347787177255,21.548567276730495,AN91
18171,18,171,Warren,2021,6,30,176.30967343829988,23.2963057402826,17.819525043061258,28.769997068199512,AN91
18171,18,171,Warren,2021,7,31,92.60654981048866,22.773423809515062,17.638910326019104,27.90808218311867,AN91
18171,18,171,Warren,2021,8,31,65.31999580361197,23.750155571124967,17.979278280357427,29.521177615838123,AN91
18171,18,171,Warren,2021,9,30,75.46345808390996,20.32233429744118,13.4346855262816,27.210125413051514,AN91
18171,18,171,Warren,2021,10,31,204.0319566119153,15.009665648825207,10.061194469656597,19.958279112428055,AN91
18171,18,171,Warren,2021,11,30,31.07959089833374,3.5791303107041244,-1.9029145544419985,9.061233618317482,AN91
18171,18,171,Warren,2021,12,31,73.97230581538926,3.7974567967509616,-1.0800449886424424,8.67503820603692,AN91
18173,18,173,Warrick,2020,1,31,131.5372919615146,3.4640779713648215,-0.4589977531900919,7.387821374905632,AN81
18173,18,173,Warrick,2020,2,29,104.82908761932057,3.046913004531427,-1.5095112670061013,7.60339816328877,AN81
18173,18,173,Warrick,2020,3,31,175.6922402402935,9.845905341645198,4.734478282163897,14.957429167821937,AN81
18173,18,173,Warrick,2020,4,30,105.21510466254891,11.87929418368603,6.083708679761225,17.674982370799537,AN81
18173,18,173,Warrick,2020,5,31,150.56011389268218,17.70437639292216,12.708965673298918,22.699884877774025,AN81
18173,18,173,Warrick,2020,6,30,116.08269928391181,24.32412756428025,18.887118278108566,29.761239127000348,AN81
18173,18,173,Warrick,2020,7,31,147.0824752983231,26.64003228057324,21.361936509918575,31.918229307265705,AN81
18173,18,173,Warrick,2020,8,31,144.94656104348144,23.98291676284609,18.94455920081203,29.02137399423609,AN81
18173,18,173,Warrick,2020,9,30,58.42150134017995,20.551353343029117,14.656720030719677,26.446085788783503,AN81
18173,18,173,Warrick,2020,10,31,179.0198758828663,13.76221902916976,7.889225643693991,19.635310662237934,AN81
18173,18,173,Warrick,2020,11,30,82.20857385650987,9.646853732102963,3.607641334666986,15.68616168249557,AN81
18173,18,173,Warrick,2020,12,31,67.02026551723311,2.760152193041467,-1.9138447610529434,7.434368375917744,"AN81,AN91"
18173,18,173,Warrick,2021,1,31,76.6852282123581,1.555272058654863,-2.1880677287226695,5.276537193965504,AN91
18173,18,173,Warrick,2021,2,28,121.13399012590665,-1.834925439683651,-6.286880652889457,2.5763187013855102,AN91
18173,18,173,Warrick,2021,3,31,120.06962475387735,10.268257741507306,4.221898052625457,16.29503890067611,AN91
18173,18,173,Warrick,2021,4,30,75.49018113053238,13.49201978784885,7.340907299232778,19.460331019892465,AN91
18173,18,173,Warrick,2021,5,31,81.87973952046504,17.798594898709286,12.06424877451959,23.428688591465207,AN91
18173,18,173,Warrick,2021,6,30,86.18912123798879,24.37401416911291,19.24652174301269,29.50292815907729,AN91
18173,18,173,Warrick,2021,7,31,129.2547769270611,24.960078993146222,19.813742209065946,30.106557903217144,AN91
18173,18,173,Warrick,2021,8,31,137.63343689896936,25.62755468516641,20.303786216952727,30.95146743692237,AN91
18173,18,173,Warrick,2021,9,30,100.30923390629056,21.841641189074007,15.898358219031527,27.785066004236377,AN91
18173,18,173,Warrick,2021,10,31,120.91209780139047,17.367422773460916,11.915117213393248,22.81986771237944,AN91
18173,18,173,Warrick,2021,11,30,45.04488439744125,5.67752084963495,-0.8514723112778522,12.206623729577693,AN91
18173,18,173,Warrick,2021,12,31,129.8753752220627,8.238191499287565,2.501270181937248,13.975227502046364,AN91
18175,18,175,Washington,2020,1,31,135.87447821577544,2.904052804634888,-1.4595674991609462,7.268345437201773,AN81
18175,18,175,Washington,2020,2,29,96.54247853604386,2.461247775519049,-2.668988593284415,7.591511601869149,AN81
18175,18,175,Washington,2020,3,31,176.11887482044344,9.22678564444598,3.717413813768442,14.736251405671306,AN81
18175,18,175,Washington,2020,4,30,92.7779857407236,10.544349404691523,4.177722144019207,16.911076207348362,AN81
18175,18,175,Washington,2020,5,31,159.1613405020281,16.297742130327745,10.492728394486281,22.10285657970755,AN81
18175,18,175,Washington,2020,6,30,135.98507901151606,22.809764306168827,16.449869077833146,29.169759163459396,AN81
18175,18,175,Washington,2020,7,31,194.64613719591046,25.280419963989278,19.166829568251668,31.394111913317072,AN81
18175,18,175,Washington,2020,8,31,95.7298736708089,22.774824946243463,17.091982042347066,28.457765405189143,AN81
18175,18,175,Washington,2020,9,30,59.88150270542922,18.964464515236806,12.261618066005665,25.667408998463642,AN81
18175,18,175,Washington,2020,10,31,145.81970326583252,12.62016468802441,6.173721584891336,19.06671066647854,AN81
18175,18,175,Washington,2020,11,30,82.81017217547922,8.99199112670481,2.866832089811868,15.11724548289687,AN81
18175,18,175,Washington,2020,12,31,51.8972012571914,2.094341842687654,-2.4846044298772494,6.674160582167413,"AN81,AN91"
18175,18,175,Washington,2021,1,31,79.77134760731707,0.48219009808793295,-3.3220029052125035,4.260371242008078,AN91
18175,18,175,Washington,2021,2,28,105.87947869145587,-1.8693574600102354,-6.557934467582507,2.8579671412435017,AN91
18175,18,175,Washington,2021,3,31,84.60339465730175,8.876728440451494,2.0978781298103413,15.764707837423776,AN91
18175,18,175,Washington,2021,4,30,98.88014348265034,12.143016875952231,5.285520558527498,18.75332915650832,AN91
18175,18,175,Washington,2021,5,31,63.647768392782034,16.569863006906974,9.862536937996241,23.247650087976016,AN91
18175,18,175,Washington,2021,6,30,134.12059079764666,22.840909317912057,16.971720642394335,28.557097320447806,AN91
18175,18,175,Washington,2021,7,31,135.31987958435198,23.60561991794268,18.190171090988073,29.021208210352256,AN91
18175,18,175,Washington,2021,8,31,123.44354799192247,24.80622097965722,19.215430070417643,30.397152396496075,AN91
18175,18,175,Washington,2021,9,30,154.63789844454845,20.586812005115043,14.345878901614467,26.827889301090135,AN91
18175,18,175,Washington,2021,10,31,129.8911053767132,16.313796846190687,10.804885610377942,21.82284848144518,AN91
18175,18,175,Washington,2021,11,30,47.42956222758072,5.10646697623494,-1.1122760014374358,11.325313594454766,AN91
18175,18,175,Washington,2021,12,31,116.21838896633326,7.323720389657525,1.7239361327906397,12.923610847988135,AN91
18177,18,177,Wayne,2020,1,31,128.655970681295,0.7361820086518953,-2.8244176375448387,4.29687529941756,AN81
18177,18,177,Wayne,2020,2,29,73.99602514200454,-0.6874570041062035,-5.16154065044941,3.7866194274492377,AN81
18177,18,177,Wayne,2020,3,31,126.98899081153041,6.49038977484764,1.648892520369738,11.331972816113055,AN81
18177,18,177,Wayne,2020,4,30,46.72665012578042,8.832750010439629,2.933638199789286,14.731961187886961,AN81
18177,18,177,Wayne,2020,5,31,148.30068412740488,14.820884062413299,9.520207192462056,20.12166341725617,AN81
18177,18,177,Wayne,2020,6,30,77.69690351015768,21.744441647970763,15.792840251437774,27.696143898967364,AN81
18177,18,177,Wayne,2020,7,31,158.72119652051035,23.808853155116598,17.894011343738008,29.723796734242235,AN81
18177,18,177,Wayne,2020,8,31,73.70755050892545,21.270676285632465,15.41795582864713,27.123498485417667,AN81
18177,18,177,Wayne,2020,9,30,28.547001657549792,17.92614548104602,10.876476169937835,24.9759172721683,AN81
18177,18,177,Wayne,2020,10,31,116.74823501473176,11.152549308945956,5.109915134487034,17.195284051587127,AN81
18177,18,177,Wayne,2020,11,30,86.10602131425027,7.462478066105539,1.8514093211215938,13.073640800038522,AN81
18177,18,177,Wayne,2020,12,31,38.10340017161184,0.14660162089930087,-3.8467499051311433,4.139823144595756,"AN81,AN91"
18177,18,177,Wayne,2021,1,31,59.806035530955924,-1.2317007954137469,-4.139271266134111,1.6630247708468784,AN91
18177,18,177,Wayne,2021,2,28,45.85582269363538,-4.918695330320729,-9.416439098221616,-0.7225946267006863,AN91
18177,18,177,Wayne,2021,3,31,80.17209275934539,6.533789886912005,0.07330622104599632,13.20594229008729,AN91
18177,18,177,Wayne,2021,4,30,63.45562194827921,10.376688354734386,4.014332135997043,16.670961604890746,AN91
18177,18,177,Wayne,2021,5,31,87.95667793013054,14.743099277185644,9.300630093651845,20.44638862227383,AN91
18177,18,177,Wayne,2021,6,30,199.59841222318198,21.97743774671791,16.81700048902048,27.177354060309753,AN91
18177,18,177,Wayne,2021,7,31,109.54536367510431,22.122646715760478,16.89078597489059,27.354650888514325,AN91
18177,18,177,Wayne,2021,8,31,106.04103264228512,23.32658507506833,17.68420654771162,28.96910581083172,AN91
18177,18,177,Wayne,2021,9,30,128.5115535937775,19.07947831079967,12.811632636403848,25.347466488652014,AN91
18177,18,177,Wayne,2021,10,31,129.49890362761803,14.760652098722044,9.465960319871234,20.05548672636528,AN91
18177,18,177,Wayne,2021,11,30,37.23366322235414,3.6593110394393005,-1.7481655149321311,9.066867635103193,AN91
18177,18,177,Wayne,2021,12,31,118.13067563891666,4.151543077683828,-0.998831706533869,9.301996022277107,AN91
18179,18,179,Wells,2020,1,31,104.76278081511651,0.1759729963050015,-3.200227291319169,3.552262900347828,AN81
18179,18,179,Wells,2020,2,29,68.70763393486801,-1.2356732960686598,-5.351576405729341,2.880206282355172,AN81
18179,18,179,Wells,2020,3,31,96.4469283368386,5.512924995768755,0.8815567048890413,10.144374953166006,AN81
18179,18,179,Wells,2020,4,30,68.74848765443154,8.380835049012031,2.4729326098910387,14.288836537209836,AN81
18179,18,179,Wells,2020,5,31,119.34423327297709,15.107359310756852,9.727939553623346,20.48688249147645,AN81
18179,18,179,Wells,2020,6,30,75.88359227790842,22.2681186437872,16.415834646015337,28.120502525779916,AN81
18179,18,179,Wells,2020,7,31,105.47046790388244,24.36365939677191,18.853665864899696,29.873755982287225,AN81
18179,18,179,Wells,2020,8,31,55.63354820524752,21.673988545158757,15.627902453357233,27.720173811939326,AN81
18179,18,179,Wells,2020,9,30,74.81777062535068,17.404178761120377,11.028034895188773,23.780424758726276,AN81
18179,18,179,Wells,2020,10,31,125.58722682329524,10.802952489561179,4.737540143113569,16.86846750281666,AN81
18179,18,179,Wells,2020,11,30,83.86461941182947,6.956888801744912,1.3697770795618653,12.544094450902564,AN81
18179,18,179,Wells,2020,12,31,30.302839347414324,-0.1191452902307623,-3.9632188983392873,3.7283010125743115,"AN81,AN91"
18179,18,179,Wells,2021,1,31,48.32535915948465,-1.6657323426424184,-4.293900455579166,1.0567109271931363,AN91
18179,18,179,Wells,2021,2,28,40.237627512213656,-6.30077959340092,-10.836161183047821,-1.688074867356637,AN91
18179,18,179,Wells,2021,3,31,75.74544059102426,5.965620910140249,-0.5297106243346359,12.600354081703601,AN91
18179,18,179,Wells,2021,4,30,89.09878804237911,10.273539689088778,4.211666588642513,16.566904858093267,AN91
18179,18,179,Wells,2021,5,31,105.20414153917528,14.921065742337758,9.422807428983479,20.790420260256834,AN91
18179,18,179,Wells,2021,6,30,101.54871457386038,22.67636305381855,17.606675018377512,27.647533485304123,AN91
18179,18,179,Wells,2021,7,31,135.86739464087321,22.484946638798355,17.533639081942162,27.43639677867938,AN91
18179,18,179,Wells,2021,8,31,92.4503965225371,23.253650475892066,17.744145793882677,28.763297474096163,AN91
18179,18,179,Wells,2021,9,30,116.42128889763545,19.50544678731716,13.101179857845588,25.909857970691245,AN91
18179,18,179,Wells,2021,10,31,185.16222488470916,14.938845737212436,9.961942529341323,19.915886762651713,AN91
18179,18,179,Wells,2021,11,30,29.759371151320874,3.911271747506623,-1.0808012757064616,8.903425440025622,AN91
18179,18,179,Wells,2021,12,31,112.46251489544154,3.5524343637954425,-1.1110703867044835,8.2160255858478,AN91
18181,18,181,White,2020,1,31,102.50347464472466,-0.2349738978408691,-3.5915744550256608,3.1215559426001263,AN81
18181,18,181,White,2020,2,29,49.32874432537279,-1.6881840736577762,-5.995915429987408,2.6195110667375285,AN81
18181,18,181,White,2020,3,31,82.76593170146357,5.483178513069526,0.7208063517819817,10.245633131574857,AN81
18181,18,181,White,2020,4,30,64.29708322518084,8.390953753531189,2.080783258846502,14.701219483078555,AN81
18181,18,181,White,2020,5,31,80.0800838278145,15.31769216425603,9.886588494086114,20.748895356918684,AN81
18181,18,181,White,2020,6,30,104.93195268900699,22.481086206648534,16.175507424966376,28.786766513923126,AN81
18181,18,181,White,2020,7,31,66.18767057690339,24.072181303022194,18.25007346339158,29.89439190046212,AN81
18181,18,181,White,2020,8,31,83.38277156857635,21.464867517055556,15.144498162562034,27.785337535775923,AN81
18181,18,181,White,2020,9,30,39.25440684744109,17.56262678154672,10.71763542984247,24.407719170295575,AN81
18181,18,181,White,2020,10,31,44.54148961226487,10.506513691952442,4.042196527006056,16.970928219679653,AN81
18181,18,181,White,2020,11,30,60.167929349480794,6.994814556565836,1.3175025779180407,12.672212624013122,AN81
18181,18,181,White,2020,12,31,39.62217547994999,-0.26430896938440784,-4.574941975154781,4.048172746969162,"AN81,AN91"
18181,18,181,White,2021,1,31,56.85575244338416,-2.186013870451743,-5.257457506210418,0.9522075085274577,AN91
18181,18,181,White,2021,2,28,24.47135936735417,-7.223065692369446,-12.288271220892685,-2.2025218129356956,AN91
18181,18,181,White,2021,3,31,90.66545077762473,6.278152835436626,-0.13921550813457603,12.668132019263147,AN91
18181,18,181,White,2021,4,30,63.034520439017115,10.540220171646277,4.1912878454595415,16.938966728463676,AN91
18181,18,181,White,2021,5,31,137.48687272840016,15.26536286612669,9.569245712368316,20.88526703057038,AN91
18181,18,181,White,2021,6,30,133.05684234784948,22.921596380610982,17.42597880758029,28.494792279981983,AN91
18181,18,181,White,2021,7,31,78.42945842595546,22.46424006516672,17.34956285411749,27.579060959807496,AN91
18181,18,181,White,2021,8,31,75.71901881596104,23.55172752466971,17.724218176299452,29.37937805480126,AN91
18181,18,181,White,2021,9,30,64.8948385110119,20.00002713954331,13.104682958905117,26.895514309926998,AN91
18181,18,181,White,2021,10,31,183.22302834898727,14.531386312198832,9.682378055308265,19.380535480197185,AN91
18181,18,181,White,2021,11,30,28.229761080464534,3.3711164473217976,-1.8835168234395878,8.625816171814932,AN91
18181,18,181,White,2021,12,31,77.20685862314468,3.195897412045702,-1.5975450575511017,7.989412111606058,AN91
18183,18,183,Whitley,2020,1,31,93.49261077129623,-0.12107853896410489,-3.33530113900989,3.0932211993019663,AN81
18183,18,183,Whitley,2020,2,29,44.640531265635474,-1.5827234233522303,-5.861941337889683,2.6964637482371088,AN81
18183,18,183,Whitley,2020,3,31,91.55440981900284,4.9986263318320745,0.30859903721804094,9.68873623738355,AN81
18183,18,183,Whitley,2020,4,30,58.368441251645834,7.72144418482311,2.0239082924306384,13.419067050831929,AN81
18183,18,183,Whitley,2020,5,31,133.06355427937746,14.28359349233897,8.767183857166264,19.800106042323453,AN81
18183,18,183,Whitley,2020,6,30,69.3902098016616,21.791247132256057,15.686439135325521,27.896158040799083,AN81
18183,18,183,Whitley,2020,7,31,72.2103468970521,24.288032724342614,18.611809221217367,29.964360389452274,AN81
18183,18,183,Whitley,2020,8,31,95.85372430941204,21.69384297803141,15.523744201843225,27.864042346460348,AN81
18183,18,183,Whitley,2020,9,30,46.4249802319101,16.95317717478103,10.661434277824435,23.245018826779738,AN81
18183,18,183,Whitley,2020,10,31,72.0715153480725,10.09939398272984,4.357678050526686,15.841213230143493,AN81
18183,18,183,Whitley,2020,11,30,72.02975226126739,6.345993856840363,0.8446185693064406,11.84745192917677,AN81
18183,18,183,Whitley,2020,12,31,34.44138708833093,-0.5096383168016793,-4.2192027638574485,3.1981455447267106,"AN81,AN91"
18183,18,183,Whitley,2021,1,31,44.262055123854104,-1.8805211137544495,-4.496754402214512,0.6094968307289597,AN91
18183,18,183,Whitley,2021,2,28,29.774253504546778,-6.722830387650282,-11.324424933893626,-2.1493957781623725,AN91
18183,18,183,Whitley,2021,3,31,77.28558737570116,5.604927390354089,-0.9242547594574976,12.138549418683032,AN91
18183,18,183,Whitley,2021,4,30,76.66992140748947,9.70514589074635,3.5228854915487218,15.864230268535591,AN91
18183,18,183,Whitley,2021,5,31,114.71696655401117,14.578505005266566,9.064736262375636,20.20991164507583,AN91
18183,18,183,Whitley,2021,6,30,143.1435273640759,22.27475920917703,17.175781433025193,27.43812228210437,AN91
18183,18,183,Whitley,2021,7,31,92.39284495602399,22.217559754008143,17.472979719104195,26.96228227678541,AN91
18183,18,183,Whitley,2021,8,31,111.78358078934423,22.98891380515883,17.68323966493311,28.294730894419192,AN91
18183,18,183,Whitley,2021,9,30,108.8169244821562,19.292228915464168,13.020846450753144,25.563754609064997,AN91
18183,18,183,Whitley,2021,10,31,219.59449340825708,14.127746781998557,9.365141626311965,18.89049258597047,AN91
18183,18,183,Whitley,2021,11,30,31.41004279718968,3.5303431344899425,-1.2621720414971174,8.32293077732455,AN91
18183,18,183,Whitley,2021,12,31,91.64509676906232,2.8337854384950982,-1.487725617553041,7.155377357355287,AN91
